label,low_structural_artifacts,medium_structural_artifacts,high_structural_artifacts
comp.graphics,0.591983556012333,0.23227132579650564,0.17574511819116137
comp.os.ms-windows.misc,0.43756345177664974,0.21928934010152284,0.3431472081218274
comp.sys.ibm.pc.hardware,0.570264765784114,0.20773930753564154,0.2219959266802444
comp.sys.mac.hardware,0.470404984423676,0.2481827622014538,0.2814122533748702
comp.windows.x,0.5961538461538461,0.242914979757085,0.16093117408906882
sci.crypt,0.32593340060544906,0.3148335015136226,0.35923309788092833
sci.electronics,0.43089430894308944,0.23780487804878048,0.3313008130081301
