,has_raw_email,has_raw_url_or_ftp,has_email_placeholder,has_url_placeholder,has_newsgroups_line,has_path_line,has_header_like_line,has_quote_lines,has_signature_marker,has_separator_lines
text_raw,0.9949024177104573,0.01747742499271774,0.0,0.0,0.005825808330905913,0.00203903291581707,1.0,0.40940868045441303,0.3796970579667929,0.16122924555782114
text_subject_body_clean,0.0,0.0,0.6628313428488203,0.017186134576172445,0.0,0.0,0.001602097290999126,0.407369647538596,0.009903874162540053,0.0
text_body_only_clean,0.0,0.0,0.6626856976405476,0.017186134576172445,0.0,0.0,0.0,0.4070783571220507,0.009903874162540053,0.0
text_subject_body_no_quotes,0.0,0.0,0.6545295659772793,0.015584037285173317,0.0,0.0,0.001602097290999126,0.00029129041654529564,0.009903874162540053,0.0
