,comp.graphics,comp.os.ms-windows.misc,comp.sys.ibm.pc.hardware,comp.sys.mac.hardware,comp.windows.x,sci.crypt,sci.electronics
comp.graphics,1.0000000000000007,0.5280945750587698,0.47934427177871963,0.4401185603549079,0.5587368063032162,0.3339976564720858,0.49076056476472496
comp.os.ms-windows.misc,0.5280945750587698,1.0000000000000004,0.5344315823724396,0.42203493461282793,0.5195656184976953,0.2715625852306964,0.39593736202329016
comp.sys.ibm.pc.hardware,0.47934427177871963,0.5344315823724396,1.0000000000000007,0.6214315654125944,0.4010490400718162,0.29445011754921996,0.5063630618124625
comp.sys.mac.hardware,0.4401185603549079,0.42203493461282793,0.6214315654125944,1.0000000000000013,0.37476001484698646,0.3058467185397918,0.5030618621488504
comp.windows.x,0.5587368063032162,0.5195656184976953,0.4010490400718162,0.37476001484698646,1.0000000000000002,0.30192674534110536,0.4168955750323828
sci.crypt,0.3339976564720858,0.2715625852306964,0.29445011754921996,0.3058467185397918,0.30192674534110536,0.9999999999999974,0.41806481331616185
sci.electronics,0.49076056476472496,0.39593736202329016,0.5063630618124625,0.5030618621488504,0.4168955750323828,0.41806481331616185,1.0000000000000027
