length_slice,text_body_only_clean,text_raw,text_subject_body_clean,text_subject_body_no_quotes
very_short_<20,0.02883775123798427,0.002475968540635013,0.018205651034080977,0.025342266239440723
short_20_79,0.2800757355083018,0.16122924555782114,0.2640547625983105,0.3894552869210603
medium_80_255,0.5155840372851733,0.6124381007864841,0.5340809787357996,0.4678124089717448
long_256_511,0.12860471890474803,0.17098747451208854,0.13574133411010778,0.07908534809204777
very_long_512plus,0.0468977570637926,0.05286921060297116,0.04791727352170114,0.03830468977570638
