,text_regime,mean_words,median_words,max_words,mean_lines,median_lines,empty_docs,very_short_docs_<20_words,very_short_share
0,text_raw,242.54500436935623,154.0,11821,43.06233614914069,28.0,0,17,0.002475968540635013
1,text_subject_body_clean,217.147975531605,128.0,11349,34.09933003204195,19.0,0,125,0.018205651034080977
2,text_body_only_clean,211.41071948732886,122.0,11339,32.10748616370521,17.0,28,198,0.02883775123798427
3,text_subject_body_no_quotes,180.2694436353044,94.0,11349,29.510632100203903,15.0,0,174,0.025342266239440723
