,count,mean,std,min,10%,25%,50%,75%,90%,max
text_subject_body_clean_word_retention_vs_raw,6866.0,0.8176353084799586,0.14369269377091523,0.005681818181818182,0.6236559139784946,0.7529411764705882,0.8571428571428571,0.9223472301541976,0.9565217391304348,1.0584795321637428
text_body_only_clean_word_retention_vs_raw,6866.0,0.774333030455203,0.1630674868085815,0.0,0.5567828994506807,0.6951219512195121,0.8149260960034441,0.893048128342246,0.936892796881059,1.04093567251462
text_subject_body_no_quotes_word_retention_vs_raw,6866.0,0.6688282388207549,0.21982226747473765,0.005681818181818182,0.33903175530878626,0.5122976019676163,0.7096774193548387,0.8554216867469879,0.9256198347107438,1.0584795321637428
