,label,text_raw_median_words,text_raw_mean_words,text_subject_body_clean_median_words,text_subject_body_clean_mean_words,text_body_only_clean_median_words,text_body_only_clean_mean_words,text_subject_body_no_quotes_median_words,text_subject_body_no_quotes_mean_words,subject_body_clean_retention_median,body_only_clean_retention_median,no_quotes_retention_median
0,comp.graphics,125.0,262.3196300102775,100.0,237.72764645426517,95.0,232.71839671120247,82.0,215.73381294964028,0.8352941176470589,0.7906976744186046,0.7454545454545455
1,comp.os.ms-windows.misc,151.0,218.00101522842638,125.0,193.37766497461928,119.0,187.73299492385786,85.0,154.06192893401015,0.8540145985401459,0.8098591549295775,0.6595744680851063
2,comp.sys.ibm.pc.hardware,153.0,200.5753564154786,128.0,176.58757637474542,122.0,171.16904276985744,98.5,145.1354378818737,0.8593171296296296,0.8202569916855631,0.7602083333333334
3,comp.sys.mac.hardware,143.0,185.99688473520249,117.0,162.99792315680165,112.0,157.17964693665627,84.0,127.61993769470405,0.8591549295774648,0.810126582278481,0.6844262295081968
4,comp.windows.x,148.0,289.6781376518219,119.5,260.88663967611336,114.0,255.59817813765181,99.0,240.92611336032388,0.836569884364002,0.7966975214457668,0.7629348795718109
5,sci.crypt,200.0,330.1664984863774,174.0,302.12512613521693,168.0,294.6811301715439,126.0,237.80625630676084,0.8853503184713376,0.8456521739130435,0.6608187134502924
6,sci.electronics,161.0,209.21646341463415,136.0,184.5670731707317,131.0,179.04674796747966,97.0,139.1747967479675,0.8691948238677211,0.8267991407089151,0.6666666666666666
