label,no_detected_quotes,low_quote_<25%,quote_heavy_25_49%,quote_dominated_50%plus
comp.graphics,0.7050359712230215,0.12332990750256938,0.13052415210688592,0.041109969167523124
comp.os.ms-windows.misc,0.550253807106599,0.12791878172588833,0.21421319796954313,0.10761421319796954
comp.sys.ibm.pc.hardware,0.6710794297352343,0.11303462321792261,0.1364562118126273,0.07942973523421588
comp.sys.mac.hardware,0.5825545171339563,0.12461059190031153,0.2118380062305296,0.08099688473520249
comp.windows.x,0.7479757085020243,0.11336032388663968,0.10222672064777327,0.03643724696356275
sci.crypt,0.35519677093844604,0.28456104944500504,0.28557013118062563,0.07467204843592332
sci.electronics,0.524390243902439,0.15548780487804878,0.23272357723577236,0.08739837398373984
