,n_docs,n_features,matrix_density,avg_nonzero_features_per_doc,text_regime
0,6866,20000,0.004300371395281095,86.00742790562191,text_raw
1,6866,20000,0.003578189630061171,71.56379260122343,text_subject_body_clean
2,6866,20000,0.003471570055345179,69.43140110690358,text_body_only_clean
3,6866,17862,0.003288815899401317,58.744829595106324,text_subject_body_no_quotes
