doc_id,label,label_id,thread_group_id,thread_group_size,thread_group_n_classes,split
doc_00000,sci.crypt,5,thread_group_00118,234,1,train
doc_00001,comp.sys.ibm.pc.hardware,2,thread_group_00000,4,1,train
doc_00002,comp.sys.ibm.pc.hardware,2,thread_group_00001,1,1,train
doc_00003,comp.graphics,0,thread_group_00002,4,1,train
doc_00004,comp.windows.x,4,thread_group_00003,1,1,train
doc_00005,comp.sys.mac.hardware,3,thread_group_03111,2,1,train
doc_00006,sci.crypt,5,thread_group_00118,234,1,train
doc_00007,sci.crypt,5,thread_group_02708,9,1,train
doc_00008,sci.crypt,5,thread_group_00004,3,1,train
doc_00009,sci.electronics,6,thread_group_00005,2,1,val
doc_00010,comp.graphics,0,thread_group_00006,1,1,val
doc_00011,sci.crypt,5,thread_group_02005,2,1,val
doc_00012,comp.windows.x,4,thread_group_00007,5,1,train
doc_00013,comp.sys.ibm.pc.hardware,2,thread_group_00008,1,1,train
doc_00014,sci.electronics,6,thread_group_00009,6,1,train
doc_00015,comp.sys.mac.hardware,3,thread_group_00010,1,1,val
doc_00016,sci.crypt,5,thread_group_00118,234,1,train
doc_00017,comp.sys.ibm.pc.hardware,2,thread_group_02541,2,1,test
doc_00018,comp.os.ms-windows.misc,1,thread_group_00011,4,1,test
doc_00019,comp.graphics,0,thread_group_00012,1,1,val
doc_00020,comp.sys.mac.hardware,3,thread_group_02970,2,1,train
doc_00021,comp.sys.mac.hardware,3,thread_group_01014,7,1,train
doc_00022,comp.sys.mac.hardware,3,thread_group_00013,1,1,train
doc_00023,comp.graphics,0,thread_group_00014,1,1,train
doc_00024,sci.crypt,5,thread_group_03245,2,1,train
doc_00025,comp.os.ms-windows.misc,1,thread_group_00015,4,1,val
doc_00026,comp.graphics,0,thread_group_00976,4,1,test
doc_00027,comp.sys.mac.hardware,3,thread_group_00016,1,1,train
doc_00028,comp.os.ms-windows.misc,1,thread_group_00017,1,1,train
doc_00029,comp.sys.ibm.pc.hardware,2,thread_group_00018,1,1,test
doc_00030,comp.graphics,0,thread_group_03829,2,1,train
doc_00031,sci.electronics,6,thread_group_00019,8,1,train
doc_00032,sci.electronics,6,thread_group_00509,46,1,train
doc_00033,comp.sys.mac.hardware,3,thread_group_00020,1,1,train
doc_00034,comp.os.ms-windows.misc,1,thread_group_00021,2,1,train
doc_00035,comp.sys.mac.hardware,3,thread_group_00022,1,1,val
doc_00036,comp.sys.ibm.pc.hardware,2,thread_group_00854,7,1,train
doc_00037,sci.crypt,5,thread_group_00118,234,1,train
doc_00038,sci.electronics,6,thread_group_00550,13,1,test
doc_00039,comp.sys.mac.hardware,3,thread_group_00023,3,1,train
doc_00040,comp.os.ms-windows.misc,1,thread_group_00024,1,1,train
doc_00041,comp.graphics,0,thread_group_00025,5,1,train
doc_00042,comp.os.ms-windows.misc,1,thread_group_00026,3,1,train
doc_00043,sci.electronics,6,thread_group_00459,2,1,test
doc_00044,comp.sys.mac.hardware,3,thread_group_01667,3,1,train
doc_00045,comp.sys.ibm.pc.hardware,2,thread_group_00027,1,1,train
doc_00046,comp.sys.ibm.pc.hardware,2,thread_group_00028,1,1,test
doc_00047,sci.electronics,6,thread_group_00509,46,1,train
doc_00048,comp.graphics,0,thread_group_00029,1,1,val
doc_00049,sci.crypt,5,thread_group_00118,234,1,train
doc_00050,comp.graphics,0,thread_group_02246,2,1,train
doc_00051,comp.sys.mac.hardware,3,thread_group_00430,27,1,train
doc_00052,comp.sys.mac.hardware,3,thread_group_00430,27,1,train
doc_00053,comp.windows.x,4,thread_group_01887,2,1,train
doc_00054,comp.windows.x,4,thread_group_01247,14,1,train
doc_00055,comp.graphics,0,thread_group_02049,2,1,train
doc_00056,comp.os.ms-windows.misc,1,thread_group_00030,1,1,val
doc_00057,comp.os.ms-windows.misc,1,thread_group_00212,7,1,train
doc_00058,comp.graphics,0,thread_group_00094,2,1,test
doc_00059,comp.sys.mac.hardware,3,thread_group_00731,8,1,train
doc_00060,comp.os.ms-windows.misc,1,thread_group_00031,1,1,train
doc_00061,comp.sys.mac.hardware,3,thread_group_00032,3,1,train
doc_00062,comp.sys.ibm.pc.hardware,2,thread_group_00033,1,1,train
doc_00063,comp.windows.x,4,thread_group_00034,1,1,train
doc_00064,comp.graphics,0,thread_group_00035,1,1,train
doc_00065,comp.windows.x,4,thread_group_02488,2,1,train
doc_00066,comp.windows.x,4,thread_group_03624,2,1,train
doc_00067,comp.windows.x,4,thread_group_01139,2,1,test
doc_00068,comp.sys.mac.hardware,3,thread_group_00036,3,1,train
doc_00069,comp.os.ms-windows.misc,1,thread_group_00037,1,1,train
doc_00070,comp.sys.mac.hardware,3,thread_group_03187,2,1,test
doc_00071,sci.crypt,5,thread_group_00038,1,1,train
doc_00072,sci.crypt,5,thread_group_00118,234,1,train
doc_00073,comp.sys.ibm.pc.hardware,2,thread_group_00039,1,1,train
doc_00074,comp.sys.ibm.pc.hardware,2,thread_group_00040,1,1,train
doc_00075,comp.windows.x,4,thread_group_00566,2,1,train
doc_00076,comp.os.ms-windows.misc,1,thread_group_01954,9,1,train
doc_00077,comp.sys.ibm.pc.hardware,2,thread_group_00041,1,1,test
doc_00078,comp.graphics,0,thread_group_00042,5,1,train
doc_00079,comp.sys.mac.hardware,3,thread_group_00043,1,1,test
doc_00080,comp.windows.x,4,thread_group_01864,3,1,train
doc_00081,sci.crypt,5,thread_group_00224,14,1,train
doc_00082,comp.sys.ibm.pc.hardware,2,thread_group_00044,1,1,test
doc_00083,comp.sys.mac.hardware,3,thread_group_01474,3,1,val
doc_00084,sci.electronics,6,thread_group_00045,4,1,test
doc_00085,comp.graphics,0,thread_group_00046,3,1,train
doc_00086,sci.crypt,5,thread_group_00118,234,1,train
doc_00087,comp.windows.x,4,thread_group_00047,1,1,train
doc_00088,comp.sys.mac.hardware,3,thread_group_00048,1,1,train
doc_00089,comp.os.ms-windows.misc,1,thread_group_00049,1,1,train
doc_00090,comp.os.ms-windows.misc,1,thread_group_01124,2,1,train
doc_00091,comp.sys.ibm.pc.hardware,2,thread_group_00631,4,1,train
doc_00092,sci.crypt,5,thread_group_00231,47,1,val
doc_00093,comp.sys.ibm.pc.hardware,2,thread_group_00050,1,1,train
doc_00094,comp.windows.x,4,thread_group_00051,1,1,train
doc_00095,comp.sys.mac.hardware,3,thread_group_00052,1,1,train
doc_00096,comp.windows.x,4,thread_group_00053,4,1,train
doc_00097,comp.sys.mac.hardware,3,thread_group_00036,3,1,train
doc_00098,comp.windows.x,4,thread_group_00609,7,1,test
doc_00099,comp.windows.x,4,thread_group_01881,2,1,test
doc_00100,sci.electronics,6,thread_group_00054,5,1,train
doc_00101,comp.sys.ibm.pc.hardware,2,thread_group_00055,8,1,train
doc_00102,comp.sys.mac.hardware,3,thread_group_00872,13,1,test
doc_00103,sci.electronics,6,thread_group_02204,3,1,train
doc_00104,comp.sys.ibm.pc.hardware,2,thread_group_00056,1,1,val
doc_00105,comp.windows.x,4,thread_group_00057,1,1,train
doc_00106,comp.sys.mac.hardware,3,thread_group_00058,1,1,train
doc_00107,sci.electronics,6,thread_group_02275,21,1,train
doc_00108,comp.os.ms-windows.misc,1,thread_group_00059,5,1,train
doc_00109,sci.electronics,6,thread_group_00060,3,1,train
doc_00110,comp.sys.ibm.pc.hardware,2,thread_group_00055,8,1,train
doc_00111,sci.crypt,5,thread_group_00196,19,1,train
doc_00112,comp.sys.ibm.pc.hardware,2,thread_group_00061,1,1,train
doc_00113,sci.electronics,6,thread_group_00062,3,1,train
doc_00114,comp.windows.x,4,thread_group_00063,2,1,val
doc_00115,comp.os.ms-windows.misc,1,thread_group_00064,3,1,val
doc_00116,comp.graphics,0,thread_group_00065,26,1,train
doc_00117,comp.graphics,0,thread_group_00066,7,1,train
doc_00118,comp.graphics,0,thread_group_00067,2,1,val
doc_00119,sci.crypt,5,thread_group_00068,9,1,train
doc_00120,sci.electronics,6,thread_group_00069,11,1,val
doc_00121,sci.electronics,6,thread_group_00009,6,1,train
doc_00122,comp.sys.mac.hardware,3,thread_group_00070,3,1,train
doc_00123,sci.electronics,6,thread_group_00071,2,1,train
doc_00124,comp.sys.mac.hardware,3,thread_group_00072,1,1,train
doc_00125,comp.os.ms-windows.misc,1,thread_group_00073,1,1,val
doc_00126,comp.os.ms-windows.misc,1,thread_group_00074,7,1,train
doc_00127,comp.sys.mac.hardware,3,thread_group_01014,7,1,train
doc_00128,comp.os.ms-windows.misc,1,thread_group_00826,2,1,train
doc_00129,sci.electronics,6,thread_group_00075,1,1,train
doc_00130,sci.electronics,6,thread_group_00076,3,1,train
doc_00131,comp.sys.ibm.pc.hardware,2,thread_group_00077,2,1,train
doc_00132,comp.windows.x,4,thread_group_00078,1,1,train
doc_00133,comp.sys.ibm.pc.hardware,2,thread_group_00079,1,1,train
doc_00134,comp.sys.ibm.pc.hardware,2,thread_group_00080,1,1,train
doc_00135,sci.crypt,5,thread_group_00118,234,1,train
doc_00136,comp.sys.ibm.pc.hardware,2,thread_group_00081,1,1,train
doc_00137,comp.graphics,0,thread_group_00082,1,1,val
doc_00138,comp.graphics,0,thread_group_00083,3,1,train
doc_00139,sci.crypt,5,thread_group_00084,27,1,test
doc_00140,comp.sys.mac.hardware,3,thread_group_01404,2,1,train
doc_00141,comp.sys.ibm.pc.hardware,2,thread_group_00085,4,1,train
doc_00142,comp.windows.x,4,thread_group_02527,2,1,train
doc_00143,sci.crypt,5,thread_group_00987,6,1,test
doc_00144,comp.sys.mac.hardware,3,thread_group_00086,1,1,train
doc_00145,sci.electronics,6,thread_group_00087,1,1,train
doc_00146,sci.crypt,5,thread_group_00118,234,1,train
doc_00147,comp.sys.mac.hardware,3,thread_group_02470,2,1,val
doc_00148,comp.os.ms-windows.misc,1,thread_group_00088,7,1,train
doc_00149,comp.sys.ibm.pc.hardware,2,thread_group_00089,1,1,train
doc_00150,comp.graphics,0,thread_group_00090,5,1,test
doc_00151,comp.os.ms-windows.misc,1,thread_group_00091,1,1,val
doc_00152,sci.crypt,5,thread_group_02627,13,1,val
doc_00153,comp.os.ms-windows.misc,1,thread_group_02251,2,1,train
doc_00154,comp.os.ms-windows.misc,1,thread_group_00092,13,1,train
doc_00155,comp.windows.x,4,thread_group_00093,1,1,val
doc_00156,comp.graphics,0,thread_group_00094,2,1,test
doc_00157,comp.os.ms-windows.misc,1,thread_group_00095,3,1,train
doc_00158,sci.electronics,6,thread_group_00096,11,1,train
doc_00159,sci.electronics,6,thread_group_00097,1,1,test
doc_00160,comp.graphics,0,thread_group_00098,1,1,val
doc_00161,sci.electronics,6,thread_group_00099,1,1,val
doc_00162,sci.electronics,6,thread_group_01840,4,1,train
doc_00163,comp.os.ms-windows.misc,1,thread_group_00385,4,1,test
doc_00164,sci.electronics,6,thread_group_00100,1,1,test
doc_00165,comp.sys.ibm.pc.hardware,2,thread_group_00101,8,1,train
doc_00166,comp.graphics,0,thread_group_00102,1,1,train
doc_00167,comp.graphics,0,thread_group_00784,4,1,test
doc_00168,comp.os.ms-windows.misc,1,thread_group_00103,2,1,val
doc_00169,comp.sys.mac.hardware,3,thread_group_00104,1,1,train
doc_00170,sci.electronics,6,thread_group_00105,1,1,train
doc_00171,comp.sys.mac.hardware,3,thread_group_02842,4,1,train
doc_00172,comp.sys.mac.hardware,3,thread_group_00106,7,1,test
doc_00173,sci.crypt,5,thread_group_00107,1,1,test
doc_00174,comp.windows.x,4,thread_group_00108,3,1,train
doc_00175,sci.electronics,6,thread_group_00109,2,1,train
doc_00176,comp.sys.mac.hardware,3,thread_group_00110,2,1,train
doc_00177,sci.crypt,5,thread_group_00068,9,1,train
doc_00178,comp.graphics,0,thread_group_00111,1,1,train
doc_00179,sci.crypt,5,thread_group_00112,1,1,train
doc_00180,comp.sys.ibm.pc.hardware,2,thread_group_00113,3,1,train
doc_00181,comp.os.ms-windows.misc,1,thread_group_00114,1,1,train
doc_00182,comp.windows.x,4,thread_group_00115,3,1,train
doc_00183,comp.os.ms-windows.misc,1,thread_group_00116,1,1,train
doc_00184,sci.crypt,5,thread_group_00613,22,1,val
doc_00185,sci.electronics,6,thread_group_00117,3,1,test
doc_00186,sci.electronics,6,thread_group_00019,8,1,train
doc_00187,sci.crypt,5,thread_group_00118,234,1,train
doc_00188,sci.crypt,5,thread_group_00119,1,1,train
doc_00189,sci.crypt,5,thread_group_00118,234,1,train
doc_00190,comp.sys.ibm.pc.hardware,2,thread_group_00754,2,1,train
doc_00191,comp.os.ms-windows.misc,1,thread_group_00120,2,1,train
doc_00192,sci.electronics,6,thread_group_00121,1,1,train
doc_00193,sci.crypt,5,thread_group_00122,1,1,train
doc_00194,comp.graphics,0,thread_group_02429,2,1,train
doc_00195,sci.electronics,6,thread_group_03052,2,1,val
doc_00196,comp.sys.mac.hardware,3,thread_group_00123,1,1,train
doc_00197,sci.electronics,6,thread_group_00124,1,1,train
doc_00198,comp.sys.ibm.pc.hardware,2,thread_group_00125,1,1,train
doc_00199,sci.electronics,6,thread_group_00126,1,1,train
doc_00200,comp.sys.mac.hardware,3,thread_group_00127,1,1,val
doc_00201,comp.sys.mac.hardware,3,thread_group_00128,2,1,train
doc_00202,comp.sys.mac.hardware,3,thread_group_00129,3,1,val
doc_00203,sci.electronics,6,thread_group_03396,2,1,train
doc_00204,comp.windows.x,4,thread_group_03122,2,1,train
doc_00205,comp.sys.mac.hardware,3,thread_group_00130,1,1,train
doc_00206,comp.os.ms-windows.misc,1,thread_group_01811,2,1,train
doc_00207,sci.crypt,5,thread_group_00131,9,1,test
doc_00208,comp.sys.ibm.pc.hardware,2,thread_group_00132,7,1,test
doc_00209,sci.electronics,6,thread_group_00133,1,1,test
doc_00210,comp.os.ms-windows.misc,1,thread_group_01810,2,1,train
doc_00211,comp.os.ms-windows.misc,1,thread_group_01314,3,1,train
doc_00212,comp.graphics,0,thread_group_00134,4,1,train
doc_00213,sci.electronics,6,thread_group_00135,1,1,val
doc_00214,sci.electronics,6,thread_group_02275,21,1,train
doc_00215,sci.crypt,5,thread_group_00136,32,1,test
doc_00216,sci.electronics,6,thread_group_00137,3,1,test
doc_00217,sci.crypt,5,thread_group_00118,234,1,train
doc_00218,comp.sys.mac.hardware,3,thread_group_00138,1,1,train
doc_00219,comp.sys.mac.hardware,3,thread_group_00139,4,1,train
doc_00220,comp.sys.ibm.pc.hardware,2,thread_group_00140,1,1,train
doc_00221,comp.os.ms-windows.misc,1,thread_group_00141,3,1,train
doc_00222,comp.graphics,0,thread_group_00142,1,1,train
doc_00223,sci.electronics,6,thread_group_00143,5,1,train
doc_00224,comp.os.ms-windows.misc,1,thread_group_00144,4,1,val
doc_00225,comp.windows.x,4,thread_group_00145,1,1,train
doc_00226,comp.windows.x,4,thread_group_00146,4,1,train
doc_00227,comp.sys.mac.hardware,3,thread_group_00924,3,1,test
doc_00228,comp.sys.ibm.pc.hardware,2,thread_group_00147,1,1,train
doc_00229,comp.os.ms-windows.misc,1,thread_group_00148,1,1,val
doc_00230,comp.os.ms-windows.misc,1,thread_group_01635,3,1,test
doc_00231,sci.crypt,5,thread_group_00149,10,1,train
doc_00232,comp.sys.ibm.pc.hardware,2,thread_group_00150,1,1,train
doc_00233,comp.windows.x,4,thread_group_00151,3,1,train
doc_00234,comp.windows.x,4,thread_group_00152,1,1,test
doc_00235,sci.crypt,5,thread_group_00118,234,1,train
doc_00236,comp.sys.mac.hardware,3,thread_group_00153,1,1,train
doc_00237,comp.os.ms-windows.misc,1,thread_group_00154,6,1,train
doc_00238,sci.electronics,6,thread_group_01854,17,1,train
doc_00239,comp.sys.ibm.pc.hardware,2,thread_group_00155,3,1,train
doc_00240,comp.windows.x,4,thread_group_00156,1,1,test
doc_00241,comp.os.ms-windows.misc,1,thread_group_00157,6,1,train
doc_00242,comp.windows.x,4,thread_group_00158,3,1,val
doc_00243,sci.electronics,6,thread_group_00159,1,1,train
doc_00244,comp.sys.mac.hardware,3,thread_group_00160,1,1,test
doc_00245,comp.windows.x,4,thread_group_00161,8,1,train
doc_00246,comp.graphics,0,thread_group_01692,2,1,train
doc_00247,comp.windows.x,4,thread_group_00162,1,1,train
doc_00248,comp.windows.x,4,thread_group_00163,1,1,train
doc_00249,comp.sys.mac.hardware,3,thread_group_00164,4,1,train
doc_00250,comp.sys.mac.hardware,3,thread_group_00165,4,1,train
doc_00251,comp.graphics,0,thread_group_00065,26,1,train
doc_00252,sci.crypt,5,thread_group_00166,1,1,val
doc_00253,sci.electronics,6,thread_group_00167,1,1,val
doc_00254,comp.sys.mac.hardware,3,thread_group_00168,1,1,train
doc_00255,comp.windows.x,4,thread_group_00169,1,1,train
doc_00256,comp.os.ms-windows.misc,1,thread_group_00170,1,1,train
doc_00257,comp.windows.x,4,thread_group_03259,2,1,val
doc_00258,comp.graphics,0,thread_group_02319,19,1,train
doc_00259,sci.crypt,5,thread_group_00171,6,1,train
doc_00260,sci.crypt,5,thread_group_00172,1,1,train
doc_00261,comp.os.ms-windows.misc,1,thread_group_00173,1,1,train
doc_00262,comp.sys.mac.hardware,3,thread_group_00174,1,1,train
doc_00263,sci.electronics,6,thread_group_00175,5,1,train
doc_00264,comp.windows.x,4,thread_group_00176,1,1,train
doc_00265,comp.graphics,0,thread_group_00177,1,1,train
doc_00266,comp.sys.ibm.pc.hardware,2,thread_group_00178,1,1,train
doc_00267,comp.graphics,0,thread_group_00179,1,1,test
doc_00268,comp.sys.ibm.pc.hardware,2,thread_group_00180,1,1,train
doc_00269,comp.graphics,0,thread_group_00928,11,1,train
doc_00270,comp.graphics,0,thread_group_00181,3,1,test
doc_00271,comp.sys.ibm.pc.hardware,2,thread_group_00182,2,1,train
doc_00272,comp.os.ms-windows.misc,1,thread_group_00183,1,1,train
doc_00273,comp.graphics,0,thread_group_00184,1,1,train
doc_00274,comp.graphics,0,thread_group_00185,2,1,test
doc_00275,sci.electronics,6,thread_group_00186,7,1,train
doc_00276,sci.electronics,6,thread_group_00187,1,1,train
doc_00277,comp.sys.mac.hardware,3,thread_group_00188,2,1,train
doc_00278,comp.windows.x,4,thread_group_00189,1,1,train
doc_00279,comp.os.ms-windows.misc,1,thread_group_00190,1,1,train
doc_00280,sci.electronics,6,thread_group_00191,1,1,train
doc_00281,sci.electronics,6,thread_group_00192,1,1,val
doc_00282,comp.windows.x,4,thread_group_00193,3,1,train
doc_00283,comp.graphics,0,thread_group_00194,3,1,train
doc_00284,comp.sys.ibm.pc.hardware,2,thread_group_01933,4,1,train
doc_00285,sci.crypt,5,thread_group_00118,234,1,train
doc_00286,comp.os.ms-windows.misc,1,thread_group_00095,3,1,train
doc_00287,comp.os.ms-windows.misc,1,thread_group_00195,3,1,test
doc_00288,sci.crypt,5,thread_group_00196,19,1,train
doc_00289,sci.electronics,6,thread_group_00197,4,1,train
doc_00290,comp.os.ms-windows.misc,1,thread_group_00198,2,1,test
doc_00291,comp.sys.mac.hardware,3,thread_group_00199,1,1,test
doc_00292,sci.crypt,5,thread_group_00118,234,1,train
doc_00293,comp.windows.x,4,thread_group_00200,1,1,train
doc_00294,comp.windows.x,4,thread_group_00201,1,1,test
doc_00295,comp.os.ms-windows.misc,1,thread_group_00202,1,1,train
doc_00296,comp.os.ms-windows.misc,1,thread_group_00203,9,1,train
doc_00297,sci.crypt,5,thread_group_02824,3,1,train
doc_00298,comp.graphics,0,thread_group_02732,2,1,train
doc_00299,comp.os.ms-windows.misc,1,thread_group_00204,1,1,train
doc_00300,comp.windows.x,4,thread_group_00205,26,1,test
doc_00301,comp.windows.x,4,thread_group_02578,2,1,train
doc_00302,sci.electronics,6,thread_group_00206,3,1,train
doc_00303,comp.sys.mac.hardware,3,thread_group_02786,2,1,train
doc_00304,comp.os.ms-windows.misc,1,thread_group_00207,5,1,train
doc_00305,sci.crypt,5,thread_group_01425,3,1,train
doc_00306,comp.graphics,0,thread_group_00208,1,1,train
doc_00307,comp.sys.mac.hardware,3,thread_group_02288,2,1,test
doc_00308,comp.sys.ibm.pc.hardware,2,thread_group_00478,3,1,val
doc_00309,comp.graphics,0,thread_group_01946,2,1,train
doc_00310,comp.os.ms-windows.misc,1,thread_group_00209,1,1,train
doc_00311,comp.sys.ibm.pc.hardware,2,thread_group_00210,1,1,test
doc_00312,sci.electronics,6,thread_group_00096,11,1,train
doc_00313,sci.crypt,5,thread_group_00118,234,1,train
doc_00314,comp.graphics,0,thread_group_00211,1,1,train
doc_00315,comp.os.ms-windows.misc,1,thread_group_00212,7,1,train
doc_00316,comp.windows.x,4,thread_group_00213,3,1,test
doc_00317,comp.windows.x,4,thread_group_00214,1,1,train
doc_00318,comp.os.ms-windows.misc,1,thread_group_00215,11,1,train
doc_00319,comp.os.ms-windows.misc,1,thread_group_00220,5,1,train
doc_00320,comp.sys.mac.hardware,3,thread_group_03346,2,1,val
doc_00321,comp.sys.mac.hardware,3,thread_group_00216,2,1,train
doc_00322,comp.os.ms-windows.misc,1,thread_group_00217,1,1,train
doc_00323,comp.sys.ibm.pc.hardware,2,thread_group_00077,2,1,train
doc_00324,comp.sys.mac.hardware,3,thread_group_00218,2,1,train
doc_00325,comp.sys.mac.hardware,3,thread_group_00219,4,1,test
doc_00326,comp.windows.x,4,thread_group_01322,3,1,val
doc_00327,comp.os.ms-windows.misc,1,thread_group_00220,5,1,train
doc_00328,comp.os.ms-windows.misc,1,thread_group_00221,4,1,train
doc_00329,comp.os.ms-windows.misc,1,thread_group_00222,4,1,train
doc_00330,sci.crypt,5,thread_group_00223,5,1,train
doc_00331,sci.crypt,5,thread_group_00224,14,1,train
doc_00332,sci.crypt,5,thread_group_00479,18,1,train
doc_00333,comp.graphics,0,thread_group_00225,3,1,val
doc_00334,comp.sys.mac.hardware,3,thread_group_00226,1,1,test
doc_00335,sci.crypt,5,thread_group_00779,38,1,train
doc_00336,comp.windows.x,4,thread_group_00227,2,1,train
doc_00337,comp.os.ms-windows.misc,1,thread_group_00228,1,1,train
doc_00338,comp.graphics,0,thread_group_00066,7,1,train
doc_00339,comp.windows.x,4,thread_group_00229,1,1,val
doc_00340,sci.crypt,5,thread_group_01802,8,1,train
doc_00341,comp.os.ms-windows.misc,1,thread_group_00230,3,1,test
doc_00342,sci.crypt,5,thread_group_00231,47,1,val
doc_00343,comp.windows.x,4,thread_group_00232,1,1,train
doc_00344,sci.crypt,5,thread_group_00118,234,1,train
doc_00345,comp.windows.x,4,thread_group_00233,1,1,train
doc_00346,comp.os.ms-windows.misc,1,thread_group_00234,1,1,train
doc_00347,sci.electronics,6,thread_group_00235,3,1,train
doc_00348,comp.sys.ibm.pc.hardware,2,thread_group_00236,1,1,val
doc_00349,sci.electronics,6,thread_group_00237,1,1,train
doc_00350,comp.os.ms-windows.misc,1,thread_group_00238,1,1,train
doc_00351,comp.windows.x,4,thread_group_00859,4,1,train
doc_00352,comp.sys.mac.hardware,3,thread_group_00239,1,1,train
doc_00353,comp.sys.mac.hardware,3,thread_group_00240,3,1,train
doc_00354,comp.os.ms-windows.misc,1,thread_group_00339,4,1,test
doc_00355,comp.graphics,0,thread_group_00134,4,1,train
doc_00356,comp.graphics,0,thread_group_00241,1,1,val
doc_00357,comp.os.ms-windows.misc,1,thread_group_00088,7,1,train
doc_00358,comp.sys.mac.hardware,3,thread_group_00242,1,1,train
doc_00359,comp.sys.mac.hardware,3,thread_group_00243,9,1,train
doc_00360,comp.os.ms-windows.misc,1,thread_group_00244,1,1,test
doc_00361,comp.sys.ibm.pc.hardware,2,thread_group_00245,1,1,train
doc_00362,comp.os.ms-windows.misc,1,thread_group_00246,2,1,val
doc_00363,comp.windows.x,4,thread_group_00331,7,1,train
doc_00364,comp.windows.x,4,thread_group_00247,1,1,train
doc_00365,comp.sys.mac.hardware,3,thread_group_00248,3,1,train
doc_00366,comp.os.ms-windows.misc,1,thread_group_00249,3,1,test
doc_00367,comp.sys.ibm.pc.hardware,2,thread_group_00055,8,1,train
doc_00368,comp.sys.ibm.pc.hardware,2,thread_group_00250,3,1,train
doc_00369,comp.sys.ibm.pc.hardware,2,thread_group_00251,3,1,train
doc_00370,comp.sys.ibm.pc.hardware,2,thread_group_00252,2,1,train
doc_00371,comp.windows.x,4,thread_group_00108,3,1,train
doc_00372,sci.electronics,6,thread_group_00253,6,1,train
doc_00373,sci.crypt,5,thread_group_00987,6,1,test
doc_00374,comp.sys.mac.hardware,3,thread_group_00254,1,1,train
doc_00375,sci.electronics,6,thread_group_00255,17,1,train
doc_00376,comp.windows.x,4,thread_group_00256,1,1,train
doc_00377,comp.sys.mac.hardware,3,thread_group_00257,1,1,test
doc_00378,sci.crypt,5,thread_group_00196,19,1,train
doc_00379,comp.os.ms-windows.misc,1,thread_group_00258,1,1,test
doc_00380,sci.crypt,5,thread_group_02627,13,1,val
doc_00381,comp.windows.x,4,thread_group_00259,1,1,train
doc_00382,sci.crypt,5,thread_group_00260,10,1,train
doc_00383,comp.windows.x,4,thread_group_00261,1,1,test
doc_00384,comp.os.ms-windows.misc,1,thread_group_00215,11,1,train
doc_00385,comp.graphics,0,thread_group_00262,1,1,train
doc_00386,comp.graphics,0,thread_group_00263,2,1,train
doc_00387,comp.windows.x,4,thread_group_00264,5,1,test
doc_00388,comp.sys.mac.hardware,3,thread_group_00265,1,1,val
doc_00389,sci.crypt,5,thread_group_00779,38,1,train
doc_00390,comp.graphics,0,thread_group_00508,13,1,val
doc_00391,comp.sys.mac.hardware,3,thread_group_00106,7,1,test
doc_00392,comp.os.ms-windows.misc,1,thread_group_00249,3,1,test
doc_00393,sci.crypt,5,thread_group_00266,10,1,train
doc_00394,comp.windows.x,4,thread_group_00267,1,1,train
doc_00395,comp.sys.ibm.pc.hardware,2,thread_group_00268,10,1,val
doc_00396,comp.os.ms-windows.misc,1,thread_group_00074,7,1,train
doc_00397,comp.sys.mac.hardware,3,thread_group_00269,2,1,test
doc_00398,sci.crypt,5,thread_group_00118,234,1,train
doc_00399,sci.electronics,6,thread_group_00270,4,1,test
doc_00400,comp.sys.mac.hardware,3,thread_group_00271,1,1,train
doc_00401,comp.graphics,0,thread_group_01083,20,1,train
doc_00402,comp.sys.mac.hardware,3,thread_group_00272,1,1,train
doc_00403,comp.graphics,0,thread_group_00273,1,1,train
doc_00404,sci.crypt,5,thread_group_00274,1,1,train
doc_00405,comp.sys.mac.hardware,3,thread_group_02673,3,1,train
doc_00406,comp.os.ms-windows.misc,1,thread_group_01577,2,1,train
doc_00407,comp.os.ms-windows.misc,1,thread_group_03207,2,1,train
doc_00408,comp.windows.x,4,thread_group_00275,2,1,train
doc_00409,comp.os.ms-windows.misc,1,thread_group_00276,4,1,train
doc_00410,comp.sys.mac.hardware,3,thread_group_00277,1,1,train
doc_00411,comp.graphics,0,thread_group_00650,13,1,train
doc_00412,sci.crypt,5,thread_group_00779,38,1,train
doc_00413,sci.crypt,5,thread_group_00118,234,1,train
doc_00414,comp.graphics,0,thread_group_00278,1,1,test
doc_00415,sci.electronics,6,thread_group_00440,4,1,test
doc_00416,comp.os.ms-windows.misc,1,thread_group_00279,3,1,train
doc_00417,comp.graphics,0,thread_group_00083,3,1,train
doc_00418,sci.electronics,6,thread_group_00186,7,1,train
doc_00419,comp.sys.mac.hardware,3,thread_group_00280,3,1,train
doc_00420,comp.windows.x,4,thread_group_00281,1,1,train
doc_00421,comp.windows.x,4,thread_group_00282,1,1,train
doc_00422,comp.os.ms-windows.misc,1,thread_group_00283,1,1,train
doc_00423,comp.graphics,0,thread_group_00284,1,1,train
doc_00424,comp.sys.ibm.pc.hardware,2,thread_group_00101,8,1,train
doc_00425,comp.graphics,0,thread_group_00285,1,1,train
doc_00426,comp.os.ms-windows.misc,1,thread_group_00286,8,1,test
doc_00427,sci.electronics,6,thread_group_00287,1,1,train
doc_00428,sci.electronics,6,thread_group_00288,8,1,train
doc_00429,sci.electronics,6,thread_group_00289,2,1,train
doc_00430,comp.sys.mac.hardware,3,thread_group_00290,3,1,train
doc_00431,sci.electronics,6,thread_group_01854,17,1,train
doc_00432,sci.crypt,5,thread_group_00266,10,1,train
doc_00433,sci.crypt,5,thread_group_00291,1,1,test
doc_00434,comp.os.ms-windows.misc,1,thread_group_02290,2,1,train
doc_00435,comp.os.ms-windows.misc,1,thread_group_00292,1,1,train
doc_00436,comp.graphics,0,thread_group_00065,26,1,train
doc_00437,comp.windows.x,4,thread_group_00293,1,1,val
doc_00438,comp.windows.x,4,thread_group_00294,1,1,train
doc_00439,sci.electronics,6,thread_group_00295,1,1,val
doc_00440,comp.graphics,0,thread_group_00508,13,1,val
doc_00441,comp.graphics,0,thread_group_00296,1,1,test
doc_00442,comp.sys.mac.hardware,3,thread_group_00297,1,1,train
doc_00443,sci.electronics,6,thread_group_00298,1,1,val
doc_00444,comp.sys.mac.hardware,3,thread_group_00299,1,1,train
doc_00445,sci.electronics,6,thread_group_00143,5,1,train
doc_00446,comp.sys.mac.hardware,3,thread_group_00300,2,1,train
doc_00447,comp.os.ms-windows.misc,1,thread_group_00321,11,1,val
doc_00448,sci.crypt,5,thread_group_00231,47,1,val
doc_00449,comp.windows.x,4,thread_group_00301,2,1,train
doc_00450,comp.sys.mac.hardware,3,thread_group_00302,2,1,train
doc_00451,comp.windows.x,4,thread_group_00303,1,1,train
doc_00452,comp.sys.ibm.pc.hardware,2,thread_group_00304,1,1,train
doc_00453,comp.sys.mac.hardware,3,thread_group_00300,2,1,train
doc_00454,comp.sys.ibm.pc.hardware,2,thread_group_00305,3,1,train
doc_00455,comp.windows.x,4,thread_group_00306,1,1,train
doc_00456,comp.sys.mac.hardware,3,thread_group_00307,1,1,train
doc_00457,comp.os.ms-windows.misc,1,thread_group_01053,14,1,train
doc_00458,comp.windows.x,4,thread_group_00308,1,1,train
doc_00459,sci.electronics,6,thread_group_00309,7,1,train
doc_00460,sci.electronics,6,thread_group_02275,21,1,train
doc_00461,sci.crypt,5,thread_group_00310,1,1,train
doc_00462,comp.graphics,0,thread_group_00311,3,1,val
doc_00463,comp.graphics,0,thread_group_00312,1,1,train
doc_00464,comp.graphics,0,thread_group_00508,13,1,val
doc_00465,comp.os.ms-windows.misc,1,thread_group_00313,2,1,test
doc_00466,comp.graphics,0,thread_group_00314,6,1,train
doc_00467,comp.sys.ibm.pc.hardware,2,thread_group_00055,8,1,train
doc_00468,comp.os.ms-windows.misc,1,thread_group_00059,5,1,train
doc_00469,comp.os.ms-windows.misc,1,thread_group_00413,10,1,train
doc_00470,comp.sys.mac.hardware,3,thread_group_00315,2,1,train
doc_00471,comp.sys.ibm.pc.hardware,2,thread_group_00316,3,1,val
doc_00472,sci.crypt,5,thread_group_00317,1,1,test
doc_00473,comp.windows.x,4,thread_group_00318,1,1,train
doc_00474,comp.sys.ibm.pc.hardware,2,thread_group_00319,1,1,test
doc_00475,sci.crypt,5,thread_group_00320,8,1,train
doc_00476,comp.graphics,0,thread_group_02319,19,1,train
doc_00477,sci.crypt,5,thread_group_00118,234,1,train
doc_00478,comp.windows.x,4,thread_group_01121,2,1,train
doc_00479,comp.os.ms-windows.misc,1,thread_group_00321,11,1,val
doc_00480,comp.graphics,0,thread_group_01706,4,1,train
doc_00481,comp.sys.mac.hardware,3,thread_group_00322,1,1,train
doc_00482,comp.sys.ibm.pc.hardware,2,thread_group_00323,1,1,train
doc_00483,comp.os.ms-windows.misc,1,thread_group_00215,11,1,train
doc_00484,sci.electronics,6,thread_group_00324,19,1,val
doc_00485,comp.graphics,0,thread_group_00325,10,1,train
doc_00486,sci.crypt,5,thread_group_00326,2,1,train
doc_00487,sci.crypt,5,thread_group_00118,234,1,train
doc_00488,sci.electronics,6,thread_group_00327,1,1,train
doc_00489,comp.os.ms-windows.misc,1,thread_group_00328,4,1,train
doc_00490,comp.os.ms-windows.misc,1,thread_group_00195,3,1,test
doc_00491,comp.graphics,0,thread_group_00066,7,1,train
doc_00492,comp.os.ms-windows.misc,1,thread_group_00329,1,1,val
doc_00493,sci.electronics,6,thread_group_00330,1,1,train
doc_00494,comp.windows.x,4,thread_group_00331,7,1,train
doc_00495,comp.sys.mac.hardware,3,thread_group_00332,1,1,train
doc_00496,comp.windows.x,4,thread_group_00333,1,1,test
doc_00497,comp.sys.mac.hardware,3,thread_group_00334,1,1,val
doc_00498,comp.os.ms-windows.misc,1,thread_group_00962,3,1,train
doc_00499,comp.graphics,0,thread_group_00425,2,1,test
doc_00500,comp.os.ms-windows.misc,1,thread_group_00335,13,1,train
doc_00501,sci.crypt,5,thread_group_00336,6,1,train
doc_00502,comp.sys.mac.hardware,3,thread_group_00337,2,1,val
doc_00503,comp.sys.mac.hardware,3,thread_group_00872,13,1,test
doc_00504,comp.os.ms-windows.misc,1,thread_group_00892,2,1,train
doc_00505,comp.sys.mac.hardware,3,thread_group_00106,7,1,test
doc_00506,sci.crypt,5,thread_group_00338,1,1,train
doc_00507,comp.os.ms-windows.misc,1,thread_group_00215,11,1,train
doc_00508,comp.os.ms-windows.misc,1,thread_group_00339,4,1,test
doc_00509,sci.crypt,5,thread_group_00196,19,1,train
doc_00510,sci.electronics,6,thread_group_00340,5,1,val
doc_00511,sci.crypt,5,thread_group_00341,1,1,train
doc_00512,sci.crypt,5,thread_group_00342,1,1,train
doc_00513,comp.windows.x,4,thread_group_00343,1,1,val
doc_00514,comp.sys.mac.hardware,3,thread_group_00344,1,1,train
doc_00515,comp.sys.ibm.pc.hardware,2,thread_group_00345,1,1,train
doc_00516,sci.crypt,5,thread_group_00196,19,1,train
doc_00517,sci.electronics,6,thread_group_00253,6,1,train
doc_00518,comp.graphics,0,thread_group_00346,1,1,train
doc_00519,comp.windows.x,4,thread_group_00347,1,1,val
doc_00520,comp.graphics,0,thread_group_00348,1,1,train
doc_00521,sci.electronics,6,thread_group_00349,3,1,train
doc_00522,sci.electronics,6,thread_group_00350,1,1,train
doc_00523,sci.electronics,6,thread_group_00351,2,1,val
doc_00524,sci.electronics,6,thread_group_01817,7,1,val
doc_00525,comp.sys.mac.hardware,3,thread_group_00352,1,1,train
doc_00526,comp.graphics,0,thread_group_00353,1,1,train
doc_00527,sci.crypt,5,thread_group_00118,234,1,train
doc_00528,comp.sys.ibm.pc.hardware,2,thread_group_00354,2,1,train
doc_00529,comp.windows.x,4,thread_group_00355,2,1,train
doc_00530,comp.sys.mac.hardware,3,thread_group_00356,1,1,train
doc_00531,comp.windows.x,4,thread_group_00357,2,1,train
doc_00532,sci.electronics,6,thread_group_00509,46,1,train
doc_00533,comp.sys.mac.hardware,3,thread_group_00358,1,1,train
doc_00534,comp.windows.x,4,thread_group_00359,1,1,train
doc_00535,sci.crypt,5,thread_group_00460,11,1,val
doc_00536,comp.sys.ibm.pc.hardware,2,thread_group_00360,1,1,train
doc_00537,comp.windows.x,4,thread_group_00361,1,1,val
doc_00538,sci.crypt,5,thread_group_00084,27,1,test
doc_00539,comp.graphics,0,thread_group_00362,6,1,train
doc_00540,sci.electronics,6,thread_group_00363,1,1,train
doc_00541,comp.graphics,0,thread_group_03103,2,1,test
doc_00542,comp.sys.ibm.pc.hardware,2,thread_group_00364,1,1,train
doc_00543,comp.os.ms-windows.misc,1,thread_group_00491,3,1,train
doc_00544,comp.os.ms-windows.misc,1,thread_group_00195,3,1,test
doc_00545,comp.windows.x,4,thread_group_00365,2,1,val
doc_00546,comp.graphics,0,thread_group_00366,2,1,val
doc_00547,comp.os.ms-windows.misc,1,thread_group_01969,2,1,val
doc_00548,comp.sys.mac.hardware,3,thread_group_00367,10,1,val
doc_00549,sci.crypt,5,thread_group_00368,1,1,train
doc_00550,comp.graphics,0,thread_group_00369,1,1,train
doc_00551,comp.sys.ibm.pc.hardware,2,thread_group_00370,2,1,train
doc_00552,comp.os.ms-windows.misc,1,thread_group_02039,4,1,train
doc_00553,comp.sys.ibm.pc.hardware,2,thread_group_00371,1,1,train
doc_00554,sci.crypt,5,thread_group_00118,234,1,train
doc_00555,sci.electronics,6,thread_group_00372,1,1,val
doc_00556,comp.sys.mac.hardware,3,thread_group_00373,2,1,val
doc_00557,sci.electronics,6,thread_group_00054,5,1,train
doc_00558,comp.os.ms-windows.misc,1,thread_group_00374,1,1,train
doc_00559,comp.sys.ibm.pc.hardware,2,thread_group_00375,1,1,val
doc_00560,comp.windows.x,4,thread_group_00376,1,1,val
doc_00561,comp.sys.mac.hardware,3,thread_group_00129,3,1,val
doc_00562,comp.os.ms-windows.misc,1,thread_group_00377,6,1,val
doc_00563,comp.sys.mac.hardware,3,thread_group_02651,2,1,train
doc_00564,sci.crypt,5,thread_group_00378,2,1,train
doc_00565,sci.crypt,5,thread_group_01257,10,1,train
doc_00566,sci.crypt,5,thread_group_00084,27,1,test
doc_00567,comp.os.ms-windows.misc,1,thread_group_00379,1,1,train
doc_00568,comp.sys.ibm.pc.hardware,2,thread_group_03407,2,1,train
doc_00569,comp.sys.mac.hardware,3,thread_group_00380,1,1,test
doc_00570,comp.sys.mac.hardware,3,thread_group_00381,1,1,train
doc_00571,comp.graphics,0,thread_group_00382,1,1,train
doc_00572,sci.electronics,6,thread_group_00383,1,1,test
doc_00573,comp.sys.mac.hardware,3,thread_group_00384,1,1,test
doc_00574,comp.os.ms-windows.misc,1,thread_group_00385,4,1,test
doc_00575,sci.electronics,6,thread_group_00509,46,1,train
doc_00576,comp.sys.mac.hardware,3,thread_group_00386,5,1,train
doc_00577,comp.windows.x,4,thread_group_00978,2,1,test
doc_00578,comp.windows.x,4,thread_group_00387,1,1,val
doc_00579,comp.sys.mac.hardware,3,thread_group_00388,1,1,train
doc_00580,comp.windows.x,4,thread_group_01247,14,1,train
doc_00581,comp.sys.mac.hardware,3,thread_group_00129,3,1,val
doc_00582,sci.electronics,6,thread_group_00389,1,1,train
doc_00583,comp.graphics,0,thread_group_00390,9,1,test
doc_00584,sci.crypt,5,thread_group_00118,234,1,train
doc_00585,sci.crypt,5,thread_group_00391,31,1,train
doc_00586,comp.graphics,0,thread_group_00928,11,1,train
doc_00587,comp.sys.ibm.pc.hardware,2,thread_group_00392,1,1,train
doc_00588,sci.electronics,6,thread_group_00324,19,1,val
doc_00589,comp.sys.mac.hardware,3,thread_group_00393,1,1,test
doc_00590,sci.electronics,6,thread_group_00509,46,1,train
doc_00591,comp.sys.ibm.pc.hardware,2,thread_group_00305,3,1,train
doc_00592,sci.crypt,5,thread_group_00231,47,1,val
doc_00593,comp.sys.mac.hardware,3,thread_group_00394,1,1,train
doc_00594,comp.sys.mac.hardware,3,thread_group_01670,2,1,train
doc_00595,comp.os.ms-windows.misc,1,thread_group_00335,13,1,train
doc_00596,sci.electronics,6,thread_group_00395,1,1,train
doc_00597,comp.sys.ibm.pc.hardware,2,thread_group_00396,2,1,train
doc_00598,comp.sys.ibm.pc.hardware,2,thread_group_00397,1,1,train
doc_00599,comp.windows.x,4,thread_group_00398,2,1,train
doc_00600,sci.electronics,6,thread_group_00399,1,1,train
doc_00601,sci.electronics,6,thread_group_00509,46,1,train
doc_00602,comp.sys.ibm.pc.hardware,2,thread_group_02813,2,1,train
doc_00603,sci.crypt,5,thread_group_00231,47,1,val
doc_00604,sci.crypt,5,thread_group_00400,4,1,train
doc_00605,comp.os.ms-windows.misc,1,thread_group_00401,1,1,train
doc_00606,comp.sys.mac.hardware,3,thread_group_00402,1,1,train
doc_00607,sci.crypt,5,thread_group_00118,234,1,train
doc_00608,comp.sys.ibm.pc.hardware,2,thread_group_00403,1,1,train
doc_00609,comp.sys.mac.hardware,3,thread_group_00404,11,1,train
doc_00610,comp.sys.mac.hardware,3,thread_group_00405,1,1,train
doc_00611,comp.windows.x,4,thread_group_00406,1,1,train
doc_00612,comp.graphics,0,thread_group_00407,2,1,val
doc_00613,comp.sys.ibm.pc.hardware,2,thread_group_00408,1,1,train
doc_00614,comp.sys.mac.hardware,3,thread_group_01768,3,1,train
doc_00615,comp.graphics,0,thread_group_00409,1,1,train
doc_00616,sci.electronics,6,thread_group_00410,3,1,train
doc_00617,comp.windows.x,4,thread_group_00205,26,1,test
doc_00618,comp.sys.mac.hardware,3,thread_group_01106,2,1,val
doc_00619,comp.sys.mac.hardware,3,thread_group_00411,1,1,test
doc_00620,comp.os.ms-windows.misc,1,thread_group_00412,4,1,val
doc_00621,comp.os.ms-windows.misc,1,thread_group_01726,2,1,train
doc_00622,comp.os.ms-windows.misc,1,thread_group_00413,10,1,train
doc_00623,sci.electronics,6,thread_group_00255,17,1,train
doc_00624,sci.electronics,6,thread_group_00414,1,1,train
doc_00625,comp.windows.x,4,thread_group_00415,1,1,train
doc_00626,comp.sys.ibm.pc.hardware,2,thread_group_00416,2,1,train
doc_00627,sci.electronics,6,thread_group_00417,1,1,test
doc_00628,comp.os.ms-windows.misc,1,thread_group_02001,8,1,train
doc_00629,comp.sys.ibm.pc.hardware,2,thread_group_00418,1,1,test
doc_00630,comp.os.ms-windows.misc,1,thread_group_00419,9,1,train
doc_00631,comp.sys.mac.hardware,3,thread_group_01760,2,1,train
doc_00632,comp.sys.mac.hardware,3,thread_group_00420,1,1,test
doc_00633,comp.graphics,0,thread_group_00421,3,1,train
doc_00634,comp.graphics,0,thread_group_00422,2,1,val
doc_00635,comp.sys.ibm.pc.hardware,2,thread_group_00423,2,1,train
doc_00636,comp.sys.mac.hardware,3,thread_group_00424,6,1,train
doc_00637,comp.sys.mac.hardware,3,thread_group_03294,2,1,val
doc_00638,comp.sys.mac.hardware,3,thread_group_02577,3,1,train
doc_00639,comp.graphics,0,thread_group_00425,2,1,test
doc_00640,sci.crypt,5,thread_group_00196,19,1,train
doc_00641,comp.graphics,0,thread_group_00314,6,1,train
doc_00642,comp.graphics,0,thread_group_00426,2,1,train
doc_00643,sci.crypt,5,thread_group_00427,6,1,train
doc_00644,sci.electronics,6,thread_group_00428,1,1,val
doc_00645,comp.windows.x,4,thread_group_00429,1,1,test
doc_00646,comp.os.ms-windows.misc,1,thread_group_00335,13,1,train
doc_00647,comp.sys.mac.hardware,3,thread_group_00430,27,1,train
doc_00648,sci.electronics,6,thread_group_00324,19,1,val
doc_00649,sci.crypt,5,thread_group_00223,5,1,train
doc_00650,comp.graphics,0,thread_group_00431,2,1,test
doc_00651,comp.sys.ibm.pc.hardware,2,thread_group_00432,3,1,test
doc_00652,comp.graphics,0,thread_group_00433,4,1,train
doc_00653,sci.electronics,6,thread_group_00434,8,1,val
doc_00654,comp.os.ms-windows.misc,1,thread_group_00584,3,1,train
doc_00655,comp.os.ms-windows.misc,1,thread_group_00435,3,1,train
doc_00656,comp.windows.x,4,thread_group_00436,1,1,train
doc_00657,sci.electronics,6,thread_group_00437,1,1,train
doc_00658,comp.os.ms-windows.misc,1,thread_group_03013,2,1,train
doc_00659,comp.os.ms-windows.misc,1,thread_group_00438,4,1,train
doc_00660,comp.sys.mac.hardware,3,thread_group_00439,1,1,train
doc_00661,comp.sys.mac.hardware,3,thread_group_01400,2,1,train
doc_00662,sci.crypt,5,thread_group_00118,234,1,train
doc_00663,sci.electronics,6,thread_group_00440,4,1,test
doc_00664,comp.sys.mac.hardware,3,thread_group_00441,1,1,train
doc_00665,comp.os.ms-windows.misc,1,thread_group_00442,3,1,train
doc_00666,comp.graphics,0,thread_group_00443,1,1,train
doc_00667,sci.crypt,5,thread_group_01756,8,1,test
doc_00668,comp.sys.ibm.pc.hardware,2,thread_group_00444,1,1,train
doc_00669,comp.os.ms-windows.misc,1,thread_group_00445,5,1,train
doc_00670,sci.crypt,5,thread_group_00118,234,1,train
doc_00671,comp.sys.ibm.pc.hardware,2,thread_group_02734,4,1,train
doc_00672,comp.sys.ibm.pc.hardware,2,thread_group_00446,1,1,train
doc_00673,comp.graphics,0,thread_group_00447,11,1,train
doc_00674,sci.crypt,5,thread_group_00320,8,1,train
doc_00675,comp.os.ms-windows.misc,1,thread_group_00448,3,1,train
doc_00676,comp.graphics,0,thread_group_00449,5,1,train
doc_00677,comp.os.ms-windows.misc,1,thread_group_00450,1,1,train
doc_00678,sci.crypt,5,thread_group_02627,13,1,val
doc_00679,comp.os.ms-windows.misc,1,thread_group_00451,1,1,train
doc_00680,comp.graphics,0,thread_group_00452,3,1,train
doc_00681,sci.electronics,6,thread_group_00453,1,1,val
doc_00682,comp.sys.mac.hardware,3,thread_group_00454,3,1,train
doc_00683,comp.os.ms-windows.misc,1,thread_group_00455,2,1,val
doc_00684,sci.crypt,5,thread_group_00456,1,1,train
doc_00685,sci.electronics,6,thread_group_00550,13,1,test
doc_00686,sci.crypt,5,thread_group_02627,13,1,val
doc_00687,comp.sys.ibm.pc.hardware,2,thread_group_00132,7,1,test
doc_00688,comp.sys.mac.hardware,3,thread_group_00457,1,1,train
doc_00689,comp.os.ms-windows.misc,1,thread_group_01735,2,1,train
doc_00690,sci.electronics,6,thread_group_00458,1,1,test
doc_00691,sci.electronics,6,thread_group_00459,2,1,test
doc_00692,comp.os.ms-windows.misc,1,thread_group_00120,2,1,train
doc_00693,sci.crypt,5,thread_group_00460,11,1,val
doc_00694,sci.crypt,5,thread_group_00118,234,1,train
doc_00695,comp.graphics,0,thread_group_00580,3,1,val
doc_00696,comp.sys.mac.hardware,3,thread_group_00461,1,1,train
doc_00697,comp.os.ms-windows.misc,1,thread_group_00462,3,1,val
doc_00698,sci.crypt,5,thread_group_00463,1,1,train
doc_00699,sci.electronics,6,thread_group_03548,2,1,val
doc_00700,comp.os.ms-windows.misc,1,thread_group_00464,1,1,test
doc_00701,sci.crypt,5,thread_group_00465,1,1,train
doc_00702,comp.sys.ibm.pc.hardware,2,thread_group_00466,1,1,train
doc_00703,sci.crypt,5,thread_group_00467,1,1,test
doc_00704,comp.os.ms-windows.misc,1,thread_group_00468,1,1,train
doc_00705,sci.electronics,6,thread_group_00469,5,1,train
doc_00706,comp.sys.mac.hardware,3,thread_group_00243,9,1,train
doc_00707,comp.os.ms-windows.misc,1,thread_group_00438,4,1,train
doc_00708,sci.electronics,6,thread_group_00288,8,1,train
doc_00709,comp.windows.x,4,thread_group_00146,4,1,train
doc_00710,comp.sys.ibm.pc.hardware,2,thread_group_00470,1,1,train
doc_00711,comp.os.ms-windows.misc,1,thread_group_00471,1,1,train
doc_00712,comp.sys.mac.hardware,3,thread_group_00472,1,1,train
doc_00713,comp.graphics,0,thread_group_00473,2,1,train
doc_00714,sci.electronics,6,thread_group_01854,17,1,train
doc_00715,comp.sys.ibm.pc.hardware,2,thread_group_00474,1,1,train
doc_00716,comp.sys.ibm.pc.hardware,2,thread_group_00475,4,1,train
doc_00717,comp.sys.mac.hardware,3,thread_group_00476,1,1,train
doc_00718,sci.crypt,5,thread_group_00477,8,1,train
doc_00719,comp.sys.mac.hardware,3,thread_group_00386,5,1,train
doc_00720,comp.sys.ibm.pc.hardware,2,thread_group_00478,3,1,val
doc_00721,comp.sys.mac.hardware,3,thread_group_00430,27,1,train
doc_00722,sci.crypt,5,thread_group_00479,18,1,train
doc_00723,comp.os.ms-windows.misc,1,thread_group_00480,1,1,train
doc_00724,sci.crypt,5,thread_group_00779,38,1,train
doc_00725,comp.os.ms-windows.misc,1,thread_group_00481,1,1,train
doc_00726,comp.os.ms-windows.misc,1,thread_group_00482,1,1,train
doc_00727,comp.sys.mac.hardware,3,thread_group_00483,1,1,train
doc_00728,comp.graphics,0,thread_group_01083,20,1,train
doc_00729,comp.windows.x,4,thread_group_03185,2,1,train
doc_00730,comp.windows.x,4,thread_group_00161,8,1,train
doc_00731,comp.os.ms-windows.misc,1,thread_group_00339,4,1,test
doc_00732,sci.crypt,5,thread_group_00391,31,1,train
doc_00733,comp.sys.ibm.pc.hardware,2,thread_group_00484,1,1,train
doc_00734,comp.windows.x,4,thread_group_00485,2,1,val
doc_00735,comp.os.ms-windows.misc,1,thread_group_00486,2,1,train
doc_00736,sci.electronics,6,thread_group_00069,11,1,val
doc_00737,sci.electronics,6,thread_group_00487,3,1,test
doc_00738,sci.crypt,5,thread_group_00477,8,1,train
doc_00739,comp.graphics,0,thread_group_02788,2,1,test
doc_00740,comp.sys.mac.hardware,3,thread_group_00488,1,1,train
doc_00741,comp.graphics,0,thread_group_00042,5,1,train
doc_00742,comp.os.ms-windows.misc,1,thread_group_01171,3,1,test
doc_00743,comp.graphics,0,thread_group_01542,2,1,test
doc_00744,comp.os.ms-windows.misc,1,thread_group_00246,2,1,val
doc_00745,comp.windows.x,4,thread_group_00489,2,1,train
doc_00746,comp.sys.ibm.pc.hardware,2,thread_group_00490,1,1,test
doc_00747,comp.os.ms-windows.misc,1,thread_group_00491,3,1,train
doc_00748,comp.graphics,0,thread_group_01312,8,1,train
doc_00749,sci.electronics,6,thread_group_00492,1,1,train
doc_00750,comp.windows.x,4,thread_group_00493,1,1,train
doc_00751,comp.graphics,0,thread_group_00494,1,1,train
doc_00752,comp.windows.x,4,thread_group_00495,1,1,test
doc_00753,comp.sys.mac.hardware,3,thread_group_00872,13,1,test
doc_00754,comp.graphics,0,thread_group_01200,2,1,train
doc_00755,comp.sys.ibm.pc.hardware,2,thread_group_00496,1,1,train
doc_00756,comp.sys.ibm.pc.hardware,2,thread_group_00132,7,1,test
doc_00757,comp.os.ms-windows.misc,1,thread_group_00222,4,1,train
doc_00758,comp.sys.ibm.pc.hardware,2,thread_group_00497,1,1,train
doc_00759,comp.sys.ibm.pc.hardware,2,thread_group_00498,4,1,train
doc_00760,comp.sys.mac.hardware,3,thread_group_00499,1,1,train
doc_00761,comp.sys.mac.hardware,3,thread_group_00788,2,1,test
doc_00762,comp.os.ms-windows.misc,1,thread_group_00500,2,1,test
doc_00763,comp.windows.x,4,thread_group_00501,1,1,val
doc_00764,comp.sys.ibm.pc.hardware,2,thread_group_00502,4,1,train
doc_00765,comp.sys.ibm.pc.hardware,2,thread_group_00503,1,1,train
doc_00766,sci.electronics,6,thread_group_00504,1,1,val
doc_00767,comp.windows.x,4,thread_group_00505,4,1,train
doc_00768,sci.electronics,6,thread_group_00506,2,1,train
doc_00769,sci.crypt,5,thread_group_02014,5,1,train
doc_00770,sci.electronics,6,thread_group_00507,1,1,train
doc_00771,comp.sys.mac.hardware,3,thread_group_02477,3,1,train
doc_00772,comp.graphics,0,thread_group_00508,13,1,val
doc_00773,sci.electronics,6,thread_group_00509,46,1,train
doc_00774,comp.windows.x,4,thread_group_00510,2,1,test
doc_00775,comp.graphics,0,thread_group_00511,5,1,train
doc_00776,comp.graphics,0,thread_group_00449,5,1,train
doc_00777,comp.sys.ibm.pc.hardware,2,thread_group_00512,1,1,train
doc_00778,comp.sys.ibm.pc.hardware,2,thread_group_00513,2,1,train
doc_00779,comp.graphics,0,thread_group_00514,6,1,train
doc_00780,sci.electronics,6,thread_group_00515,1,1,train
doc_00781,comp.os.ms-windows.misc,1,thread_group_00516,1,1,train
doc_00782,comp.sys.ibm.pc.hardware,2,thread_group_03501,2,1,test
doc_00783,comp.windows.x,4,thread_group_00517,1,1,train
doc_00784,sci.electronics,6,thread_group_00518,1,1,train
doc_00785,comp.sys.mac.hardware,3,thread_group_00519,5,1,val
doc_00786,comp.windows.x,4,thread_group_00520,4,1,val
doc_00787,comp.os.ms-windows.misc,1,thread_group_00521,1,1,train
doc_00788,comp.graphics,0,thread_group_00522,11,1,train
doc_00789,sci.electronics,6,thread_group_01064,4,1,train
doc_00790,comp.windows.x,4,thread_group_02621,2,1,val
doc_00791,comp.windows.x,4,thread_group_00523,2,1,train
doc_00792,comp.sys.mac.hardware,3,thread_group_00524,1,1,train
doc_00793,sci.crypt,5,thread_group_00118,234,1,train
doc_00794,comp.sys.ibm.pc.hardware,2,thread_group_00525,2,1,train
doc_00795,sci.electronics,6,thread_group_00526,1,1,val
doc_00796,comp.sys.mac.hardware,3,thread_group_00527,6,1,test
doc_00797,comp.graphics,0,thread_group_03216,2,1,train
doc_00798,sci.electronics,6,thread_group_00255,17,1,train
doc_00799,comp.windows.x,4,thread_group_00528,1,1,train
doc_00800,comp.os.ms-windows.misc,1,thread_group_00321,11,1,val
doc_00801,comp.windows.x,4,thread_group_00205,26,1,test
doc_00802,comp.sys.ibm.pc.hardware,2,thread_group_03575,2,1,train
doc_00803,comp.graphics,0,thread_group_00529,3,1,test
doc_00804,comp.sys.mac.hardware,3,thread_group_01970,2,1,train
doc_00805,comp.sys.ibm.pc.hardware,2,thread_group_00530,5,1,train
doc_00806,comp.sys.ibm.pc.hardware,2,thread_group_00531,1,1,train
doc_00807,comp.windows.x,4,thread_group_00007,5,1,train
doc_00808,comp.graphics,0,thread_group_00532,1,1,train
doc_00809,comp.os.ms-windows.misc,1,thread_group_00533,2,1,train
doc_00810,comp.sys.ibm.pc.hardware,2,thread_group_00252,2,1,train
doc_00811,sci.electronics,6,thread_group_00534,5,1,test
doc_00812,comp.graphics,0,thread_group_00065,26,1,train
doc_00813,comp.graphics,0,thread_group_00535,1,1,train
doc_00814,comp.windows.x,4,thread_group_00536,1,1,test
doc_00815,sci.electronics,6,thread_group_00537,3,1,train
doc_00816,comp.sys.mac.hardware,3,thread_group_00538,1,1,val
doc_00817,comp.os.ms-windows.misc,1,thread_group_00539,2,1,test
doc_00818,comp.windows.x,4,thread_group_00540,1,1,train
doc_00819,sci.electronics,6,thread_group_00255,17,1,train
doc_00820,comp.sys.ibm.pc.hardware,2,thread_group_00541,1,1,train
doc_00821,comp.os.ms-windows.misc,1,thread_group_00088,7,1,train
doc_00822,comp.graphics,0,thread_group_03738,2,1,val
doc_00823,comp.graphics,0,thread_group_00542,1,1,train
doc_00824,comp.sys.ibm.pc.hardware,2,thread_group_00543,1,1,train
doc_00825,comp.sys.ibm.pc.hardware,2,thread_group_00513,2,1,train
doc_00826,comp.sys.ibm.pc.hardware,2,thread_group_00544,1,1,train
doc_00827,comp.sys.ibm.pc.hardware,2,thread_group_00545,1,1,train
doc_00828,comp.windows.x,4,thread_group_00546,1,1,val
doc_00829,comp.sys.ibm.pc.hardware,2,thread_group_00547,3,1,train
doc_00830,comp.sys.mac.hardware,3,thread_group_00386,5,1,train
doc_00831,comp.os.ms-windows.misc,1,thread_group_00586,4,1,train
doc_00832,comp.graphics,0,thread_group_00548,1,1,train
doc_00833,sci.electronics,6,thread_group_00549,1,1,train
doc_00834,comp.graphics,0,thread_group_01083,20,1,train
doc_00835,sci.electronics,6,thread_group_00076,3,1,train
doc_00836,sci.electronics,6,thread_group_00550,13,1,test
doc_00837,comp.sys.ibm.pc.hardware,2,thread_group_00113,3,1,train
doc_00838,sci.crypt,5,thread_group_00118,234,1,train
doc_00839,comp.sys.mac.hardware,3,thread_group_00551,1,1,train
doc_00840,comp.sys.ibm.pc.hardware,2,thread_group_00552,1,1,train
doc_00841,comp.sys.ibm.pc.hardware,2,thread_group_00553,1,1,train
doc_00842,comp.os.ms-windows.misc,1,thread_group_00335,13,1,train
doc_00843,comp.windows.x,4,thread_group_00554,1,1,train
doc_00844,comp.os.ms-windows.misc,1,thread_group_00321,11,1,val
doc_00845,sci.crypt,5,thread_group_00118,234,1,train
doc_00846,comp.sys.ibm.pc.hardware,2,thread_group_00555,3,1,test
doc_00847,sci.crypt,5,thread_group_00556,1,1,test
doc_00848,sci.crypt,5,thread_group_00557,2,1,train
doc_00849,comp.os.ms-windows.misc,1,thread_group_00419,9,1,train
doc_00850,sci.crypt,5,thread_group_00558,5,1,train
doc_00851,sci.electronics,6,thread_group_00559,5,1,train
doc_00852,comp.graphics,0,thread_group_01765,2,1,train
doc_00853,comp.sys.mac.hardware,3,thread_group_01133,2,1,test
doc_00854,sci.electronics,6,thread_group_00434,8,1,val
doc_00855,sci.crypt,5,thread_group_01503,4,1,val
doc_00856,comp.os.ms-windows.misc,1,thread_group_00560,1,1,train
doc_00857,comp.windows.x,4,thread_group_00561,1,1,train
doc_00858,sci.electronics,6,thread_group_00054,5,1,train
doc_00859,sci.electronics,6,thread_group_00562,1,1,train
doc_00860,sci.electronics,6,thread_group_00186,7,1,train
doc_00861,comp.os.ms-windows.misc,1,thread_group_00563,2,1,train
doc_00862,sci.crypt,5,thread_group_00068,9,1,train
doc_00863,sci.crypt,5,thread_group_00223,5,1,train
doc_00864,comp.sys.mac.hardware,3,thread_group_00564,3,1,train
doc_00865,comp.os.ms-windows.misc,1,thread_group_00565,3,1,train
doc_00866,comp.windows.x,4,thread_group_00566,2,1,train
doc_00867,sci.electronics,6,thread_group_00567,1,1,test
doc_00868,sci.crypt,5,thread_group_00568,5,1,train
doc_00869,sci.electronics,6,thread_group_00054,5,1,train
doc_00870,sci.crypt,5,thread_group_00118,234,1,train
doc_00871,comp.sys.ibm.pc.hardware,2,thread_group_00569,2,1,test
doc_00872,comp.sys.ibm.pc.hardware,2,thread_group_00570,4,1,train
doc_00873,comp.sys.mac.hardware,3,thread_group_00571,5,1,train
doc_00874,comp.sys.mac.hardware,3,thread_group_00430,27,1,train
doc_00875,comp.os.ms-windows.misc,1,thread_group_00572,1,1,train
doc_00876,comp.sys.ibm.pc.hardware,2,thread_group_00573,1,1,test
doc_00877,comp.sys.mac.hardware,3,thread_group_00574,1,1,val
doc_00878,sci.electronics,6,thread_group_00575,2,1,train
doc_00879,comp.sys.mac.hardware,3,thread_group_00576,4,1,train
doc_00880,comp.sys.mac.hardware,3,thread_group_00577,4,1,train
doc_00881,comp.graphics,0,thread_group_00578,1,1,train
doc_00882,comp.os.ms-windows.misc,1,thread_group_00579,3,1,train
doc_00883,comp.graphics,0,thread_group_00580,3,1,val
doc_00884,sci.crypt,5,thread_group_00460,11,1,val
doc_00885,sci.electronics,6,thread_group_00581,3,1,train
doc_00886,comp.os.ms-windows.misc,1,thread_group_00582,1,1,train
doc_00887,comp.graphics,0,thread_group_00194,3,1,train
doc_00888,comp.os.ms-windows.misc,1,thread_group_02631,2,1,val
doc_00889,comp.windows.x,4,thread_group_00583,1,1,train
doc_00890,sci.crypt,5,thread_group_00260,10,1,train
doc_00891,comp.os.ms-windows.misc,1,thread_group_00584,3,1,train
doc_00892,comp.os.ms-windows.misc,1,thread_group_00026,3,1,train
doc_00893,comp.os.ms-windows.misc,1,thread_group_00585,1,1,test
doc_00894,comp.windows.x,4,thread_group_02921,2,1,test
doc_00895,sci.electronics,6,thread_group_00509,46,1,train
doc_00896,comp.os.ms-windows.misc,1,thread_group_00586,4,1,train
doc_00897,sci.crypt,5,thread_group_00231,47,1,val
doc_00898,comp.windows.x,4,thread_group_00587,1,1,train
doc_00899,comp.windows.x,4,thread_group_00588,1,1,val
doc_00900,comp.graphics,0,thread_group_00589,1,1,test
doc_00901,comp.graphics,0,thread_group_00590,1,1,train
doc_00902,comp.os.ms-windows.misc,1,thread_group_00591,1,1,val
doc_00903,comp.windows.x,4,thread_group_00592,1,1,train
doc_00904,comp.sys.mac.hardware,3,thread_group_00593,1,1,test
doc_00905,comp.sys.mac.hardware,3,thread_group_00243,9,1,train
doc_00906,comp.os.ms-windows.misc,1,thread_group_00594,1,1,train
doc_00907,comp.os.ms-windows.misc,1,thread_group_00595,1,1,train
doc_00908,comp.sys.ibm.pc.hardware,2,thread_group_00596,1,1,val
doc_00909,comp.sys.ibm.pc.hardware,2,thread_group_00597,2,1,train
doc_00910,comp.os.ms-windows.misc,1,thread_group_00598,1,1,val
doc_00911,comp.sys.mac.hardware,3,thread_group_00430,27,1,train
doc_00912,comp.graphics,0,thread_group_00599,1,1,train
doc_00913,comp.windows.x,4,thread_group_00600,1,1,train
doc_00914,comp.sys.mac.hardware,3,thread_group_00601,1,1,train
doc_00915,comp.windows.x,4,thread_group_00602,1,1,test
doc_00916,comp.sys.mac.hardware,3,thread_group_00603,1,1,test
doc_00917,comp.graphics,0,thread_group_00604,1,1,train
doc_00918,comp.graphics,0,thread_group_00605,1,1,train
doc_00919,comp.graphics,0,thread_group_00522,11,1,train
doc_00920,sci.electronics,6,thread_group_00606,1,1,test
doc_00921,comp.sys.ibm.pc.hardware,2,thread_group_00607,1,1,test
doc_00922,comp.sys.ibm.pc.hardware,2,thread_group_00608,1,1,train
doc_00923,comp.windows.x,4,thread_group_00609,7,1,test
doc_00924,comp.os.ms-windows.misc,1,thread_group_00610,1,1,train
doc_00925,comp.graphics,0,thread_group_00611,1,1,train
doc_00926,comp.os.ms-windows.misc,1,thread_group_00612,1,1,test
doc_00927,sci.crypt,5,thread_group_00613,22,1,val
doc_00928,comp.windows.x,4,thread_group_00355,2,1,train
doc_00929,comp.os.ms-windows.misc,1,thread_group_00614,1,1,test
doc_00930,sci.electronics,6,thread_group_00615,6,1,train
doc_00931,comp.windows.x,4,thread_group_00616,1,1,train
doc_00932,comp.graphics,0,thread_group_00617,1,1,val
doc_00933,comp.sys.ibm.pc.hardware,2,thread_group_00618,1,1,test
doc_00934,comp.graphics,0,thread_group_00619,2,1,train
doc_00935,comp.sys.mac.hardware,3,thread_group_00620,2,1,train
doc_00936,sci.crypt,5,thread_group_00118,234,1,train
doc_00937,sci.crypt,5,thread_group_00621,1,1,train
doc_00938,sci.electronics,6,thread_group_00622,1,1,train
doc_00939,comp.graphics,0,thread_group_00623,1,1,train
doc_00940,sci.crypt,5,thread_group_00084,27,1,test
doc_00941,sci.electronics,6,thread_group_00624,3,1,val
doc_00942,comp.windows.x,4,thread_group_00625,1,1,test
doc_00943,sci.crypt,5,thread_group_00626,1,1,train
doc_00944,sci.crypt,5,thread_group_00118,234,1,train
doc_00945,comp.sys.mac.hardware,3,thread_group_00627,4,1,test
doc_00946,comp.os.ms-windows.misc,1,thread_group_00628,2,1,train
doc_00947,comp.sys.mac.hardware,3,thread_group_00629,1,1,train
doc_00948,sci.crypt,5,thread_group_00084,27,1,test
doc_00949,comp.windows.x,4,thread_group_00630,1,1,train
doc_00950,comp.sys.ibm.pc.hardware,2,thread_group_00631,4,1,train
doc_00951,sci.electronics,6,thread_group_00632,1,1,train
doc_00952,comp.sys.mac.hardware,3,thread_group_00872,13,1,test
doc_00953,comp.sys.mac.hardware,3,thread_group_00633,1,1,val
doc_00954,comp.sys.ibm.pc.hardware,2,thread_group_00268,10,1,val
doc_00955,comp.sys.ibm.pc.hardware,2,thread_group_00498,4,1,train
doc_00956,comp.os.ms-windows.misc,1,thread_group_00563,2,1,train
doc_00957,comp.windows.x,4,thread_group_00634,1,1,test
doc_00958,comp.sys.mac.hardware,3,thread_group_00139,4,1,train
doc_00959,comp.sys.mac.hardware,3,thread_group_00635,1,1,train
doc_00960,comp.windows.x,4,thread_group_00636,3,1,test
doc_00961,comp.sys.ibm.pc.hardware,2,thread_group_00637,1,1,test
doc_00962,comp.sys.ibm.pc.hardware,2,thread_group_00638,1,1,val
doc_00963,comp.graphics,0,thread_group_00447,11,1,train
doc_00964,comp.sys.mac.hardware,3,thread_group_00639,1,1,train
doc_00965,sci.electronics,6,thread_group_01379,3,1,train
doc_00966,comp.os.ms-windows.misc,1,thread_group_00286,8,1,test
doc_00967,comp.graphics,0,thread_group_00640,1,1,train
doc_00968,comp.sys.mac.hardware,3,thread_group_00641,4,1,val
doc_00969,comp.sys.mac.hardware,3,thread_group_00642,3,1,train
doc_00970,sci.crypt,5,thread_group_00391,31,1,train
doc_00971,sci.crypt,5,thread_group_00643,1,1,train
doc_00972,comp.graphics,0,thread_group_03166,2,1,train
doc_00973,sci.electronics,6,thread_group_01949,2,1,train
doc_00974,sci.electronics,6,thread_group_02834,2,1,test
doc_00975,sci.electronics,6,thread_group_00644,1,1,train
doc_00976,comp.graphics,0,thread_group_00645,2,1,test
doc_00977,comp.graphics,0,thread_group_00646,2,1,val
doc_00978,sci.crypt,5,thread_group_00136,32,1,test
doc_00979,comp.sys.ibm.pc.hardware,2,thread_group_00647,2,1,train
doc_00980,comp.sys.mac.hardware,3,thread_group_00648,1,1,train
doc_00981,sci.electronics,6,thread_group_00649,1,1,train
doc_00982,comp.graphics,0,thread_group_00650,13,1,train
doc_00983,sci.crypt,5,thread_group_00427,6,1,train
doc_00984,comp.os.ms-windows.misc,1,thread_group_00651,1,1,val
doc_00985,comp.graphics,0,thread_group_00652,3,1,train
doc_00986,comp.windows.x,4,thread_group_00653,3,1,test
doc_00987,sci.electronics,6,thread_group_00654,2,1,train
doc_00988,sci.electronics,6,thread_group_00655,3,1,train
doc_00989,sci.electronics,6,thread_group_00656,1,1,train
doc_00990,comp.sys.ibm.pc.hardware,2,thread_group_00657,1,1,train
doc_00991,comp.sys.ibm.pc.hardware,2,thread_group_00658,2,1,train
doc_00992,comp.sys.ibm.pc.hardware,2,thread_group_00659,3,1,val
doc_00993,comp.windows.x,4,thread_group_00660,1,1,train
doc_00994,sci.crypt,5,thread_group_00661,1,1,train
doc_00995,comp.graphics,0,thread_group_03856,2,1,train
doc_00996,comp.sys.ibm.pc.hardware,2,thread_group_01382,2,1,train
doc_00997,comp.windows.x,4,thread_group_00662,1,1,train
doc_00998,comp.os.ms-windows.misc,1,thread_group_00663,1,1,val
doc_00999,comp.windows.x,4,thread_group_00664,2,1,train
doc_01000,comp.sys.ibm.pc.hardware,2,thread_group_00665,4,1,train
doc_01001,comp.sys.mac.hardware,3,thread_group_00666,1,1,test
doc_01002,comp.sys.ibm.pc.hardware,2,thread_group_00667,5,1,test
doc_01003,sci.electronics,6,thread_group_00175,5,1,train
doc_01004,comp.graphics,0,thread_group_00066,7,1,train
doc_01005,comp.sys.mac.hardware,3,thread_group_00668,1,1,train
doc_01006,sci.crypt,5,thread_group_00084,27,1,test
doc_01007,sci.crypt,5,thread_group_00118,234,1,train
doc_01008,sci.electronics,6,thread_group_03418,2,1,train
doc_01009,comp.os.ms-windows.misc,1,thread_group_00669,2,1,train
doc_01010,comp.sys.ibm.pc.hardware,2,thread_group_00670,1,1,train
doc_01011,sci.electronics,6,thread_group_00671,1,1,test
doc_01012,comp.sys.ibm.pc.hardware,2,thread_group_01925,3,1,train
doc_01013,comp.sys.ibm.pc.hardware,2,thread_group_00672,1,1,train
doc_01014,comp.os.ms-windows.misc,1,thread_group_00673,5,1,train
doc_01015,comp.os.ms-windows.misc,1,thread_group_00674,2,1,val
doc_01016,comp.graphics,0,thread_group_01615,2,1,test
doc_01017,comp.sys.mac.hardware,3,thread_group_02022,2,1,train
doc_01018,comp.os.ms-windows.misc,1,thread_group_00092,13,1,train
doc_01019,comp.os.ms-windows.misc,1,thread_group_00675,1,1,train
doc_01020,sci.crypt,5,thread_group_00676,1,1,train
doc_01021,comp.windows.x,4,thread_group_00161,8,1,train
doc_01022,comp.graphics,0,thread_group_00650,13,1,train
doc_01023,comp.sys.ibm.pc.hardware,2,thread_group_00658,2,1,train
doc_01024,sci.electronics,6,thread_group_00255,17,1,train
doc_01025,sci.electronics,6,thread_group_00677,1,1,train
doc_01026,sci.crypt,5,thread_group_00118,234,1,train
doc_01027,sci.electronics,6,thread_group_00678,1,1,val
doc_01028,comp.windows.x,4,thread_group_00679,1,1,val
doc_01029,comp.sys.ibm.pc.hardware,2,thread_group_00370,2,1,train
doc_01030,comp.os.ms-windows.misc,1,thread_group_00680,1,1,train
doc_01031,comp.graphics,0,thread_group_00681,1,1,train
doc_01032,sci.electronics,6,thread_group_00682,7,1,train
doc_01033,comp.sys.ibm.pc.hardware,2,thread_group_00683,1,1,train
doc_01034,comp.windows.x,4,thread_group_00205,26,1,test
doc_01035,sci.crypt,5,thread_group_00118,234,1,train
doc_01036,comp.windows.x,4,thread_group_02839,3,1,val
doc_01037,sci.electronics,6,thread_group_00684,1,1,train
doc_01038,comp.sys.ibm.pc.hardware,2,thread_group_01979,4,1,train
doc_01039,comp.windows.x,4,thread_group_00685,1,1,train
doc_01040,comp.sys.mac.hardware,3,thread_group_00686,1,1,train
doc_01041,sci.crypt,5,thread_group_00779,38,1,train
doc_01042,comp.windows.x,4,thread_group_03026,2,1,train
doc_01043,sci.crypt,5,thread_group_00779,38,1,train
doc_01044,sci.electronics,6,thread_group_00877,2,1,train
doc_01045,comp.os.ms-windows.misc,1,thread_group_00687,1,1,train
doc_01046,comp.os.ms-windows.misc,1,thread_group_00064,3,1,val
doc_01047,comp.graphics,0,thread_group_00688,1,1,train
doc_01048,sci.crypt,5,thread_group_00689,1,1,train
doc_01049,sci.crypt,5,thread_group_00118,234,1,train
doc_01050,comp.sys.mac.hardware,3,thread_group_00386,5,1,train
doc_01051,sci.crypt,5,thread_group_00084,27,1,test
doc_01052,sci.crypt,5,thread_group_00336,6,1,train
doc_01053,comp.windows.x,4,thread_group_00690,1,1,train
doc_01054,comp.os.ms-windows.misc,1,thread_group_00691,1,1,train
doc_01055,comp.sys.mac.hardware,3,thread_group_00248,3,1,train
doc_01056,comp.os.ms-windows.misc,1,thread_group_00249,3,1,test
doc_01057,comp.windows.x,4,thread_group_00692,1,1,train
doc_01058,comp.sys.mac.hardware,3,thread_group_00693,1,1,train
doc_01059,comp.windows.x,4,thread_group_00694,5,1,test
doc_01060,comp.os.ms-windows.misc,1,thread_group_00695,1,1,train
doc_01061,comp.graphics,0,thread_group_00696,1,1,train
doc_01062,sci.crypt,5,thread_group_00697,1,1,train
doc_01063,comp.graphics,0,thread_group_00698,2,1,train
doc_01064,comp.sys.mac.hardware,3,thread_group_00699,2,1,train
doc_01065,comp.sys.ibm.pc.hardware,2,thread_group_01132,3,1,test
doc_01066,comp.sys.ibm.pc.hardware,2,thread_group_00700,1,1,val
doc_01067,comp.windows.x,4,thread_group_01050,2,1,train
doc_01068,comp.sys.mac.hardware,3,thread_group_00701,1,1,val
doc_01069,comp.os.ms-windows.misc,1,thread_group_01009,4,1,train
doc_01070,sci.electronics,6,thread_group_00289,2,1,train
doc_01071,comp.sys.ibm.pc.hardware,2,thread_group_00702,1,1,train
doc_01072,comp.sys.mac.hardware,3,thread_group_00703,1,1,train
doc_01073,sci.electronics,6,thread_group_00704,1,1,train
doc_01074,comp.sys.ibm.pc.hardware,2,thread_group_00268,10,1,val
doc_01075,sci.electronics,6,thread_group_00705,1,1,val
doc_01076,comp.graphics,0,thread_group_00706,1,1,train
doc_01077,comp.graphics,0,thread_group_02874,2,1,test
doc_01078,comp.graphics,0,thread_group_00707,2,1,val
doc_01079,sci.electronics,6,thread_group_00708,1,1,test
doc_01080,comp.sys.mac.hardware,3,thread_group_01663,3,1,train
doc_01081,comp.graphics,0,thread_group_00709,5,1,train
doc_01082,comp.os.ms-windows.misc,1,thread_group_00377,6,1,val
doc_01083,comp.sys.mac.hardware,3,thread_group_00710,1,1,train
doc_01084,comp.sys.mac.hardware,3,thread_group_00711,1,1,train
doc_01085,comp.sys.mac.hardware,3,thread_group_00739,3,1,test
doc_01086,comp.graphics,0,thread_group_00712,1,1,train
doc_01087,comp.os.ms-windows.misc,1,thread_group_00713,1,1,train
doc_01088,comp.sys.ibm.pc.hardware,2,thread_group_00714,1,1,train
doc_01089,comp.sys.ibm.pc.hardware,2,thread_group_00715,1,1,train
doc_01090,comp.sys.mac.hardware,3,thread_group_00716,1,1,train
doc_01091,comp.windows.x,4,thread_group_01097,5,1,train
doc_01092,sci.crypt,5,thread_group_00223,5,1,train
doc_01093,comp.graphics,0,thread_group_00709,5,1,train
doc_01094,comp.sys.mac.hardware,3,thread_group_00872,13,1,test
doc_01095,comp.sys.ibm.pc.hardware,2,thread_group_00502,4,1,train
doc_01096,comp.os.ms-windows.misc,1,thread_group_00717,1,1,train
doc_01097,sci.crypt,5,thread_group_00231,47,1,val
doc_01098,comp.sys.ibm.pc.hardware,2,thread_group_00718,1,1,test
doc_01099,sci.electronics,6,thread_group_00719,1,1,train
doc_01100,comp.os.ms-windows.misc,1,thread_group_00720,1,1,test
doc_01101,comp.graphics,0,thread_group_01083,20,1,train
doc_01102,sci.electronics,6,thread_group_00721,7,1,train
doc_01103,comp.graphics,0,thread_group_00362,6,1,train
doc_01104,sci.electronics,6,thread_group_00255,17,1,train
doc_01105,comp.windows.x,4,thread_group_00301,2,1,train
doc_01106,comp.sys.mac.hardware,3,thread_group_00527,6,1,test
doc_01107,comp.graphics,0,thread_group_00722,1,1,train
doc_01108,comp.sys.mac.hardware,3,thread_group_01702,2,1,train
doc_01109,comp.sys.mac.hardware,3,thread_group_00290,3,1,train
doc_01110,sci.electronics,6,thread_group_00861,3,1,test
doc_01111,sci.crypt,5,thread_group_00723,7,1,train
doc_01112,comp.windows.x,4,thread_group_00724,1,1,test
doc_01113,comp.os.ms-windows.misc,1,thread_group_00725,1,1,train
doc_01114,comp.sys.mac.hardware,3,thread_group_00726,1,1,val
doc_01115,comp.sys.mac.hardware,3,thread_group_00519,5,1,val
doc_01116,comp.windows.x,4,thread_group_00205,26,1,test
doc_01117,sci.crypt,5,thread_group_00136,32,1,test
doc_01118,comp.windows.x,4,thread_group_00609,7,1,test
doc_01119,comp.graphics,0,thread_group_00727,1,1,train
doc_01120,sci.crypt,5,thread_group_00728,1,1,train
doc_01121,comp.graphics,0,thread_group_00729,1,1,train
doc_01122,comp.windows.x,4,thread_group_00730,1,1,train
doc_01123,comp.sys.mac.hardware,3,thread_group_00731,8,1,train
doc_01124,sci.crypt,5,thread_group_00732,1,1,test
doc_01125,sci.electronics,6,thread_group_00733,3,1,train
doc_01126,sci.crypt,5,thread_group_00460,11,1,val
doc_01127,comp.windows.x,4,thread_group_00734,1,1,train
doc_01128,comp.os.ms-windows.misc,1,thread_group_00074,7,1,train
doc_01129,comp.graphics,0,thread_group_00735,2,1,test
doc_01130,sci.electronics,6,thread_group_00736,1,1,test
doc_01131,comp.sys.mac.hardware,3,thread_group_00737,1,1,train
doc_01132,comp.sys.mac.hardware,3,thread_group_00738,1,1,train
doc_01133,comp.os.ms-windows.misc,1,thread_group_00412,4,1,val
doc_01134,comp.sys.mac.hardware,3,thread_group_00739,3,1,test
doc_01135,comp.sys.ibm.pc.hardware,2,thread_group_00740,1,1,train
doc_01136,sci.crypt,5,thread_group_01802,8,1,train
doc_01137,comp.graphics,0,thread_group_00741,1,1,train
doc_01138,comp.os.ms-windows.misc,1,thread_group_02032,2,1,train
doc_01139,comp.sys.mac.hardware,3,thread_group_00742,4,1,train
doc_01140,comp.os.ms-windows.misc,1,thread_group_00743,1,1,train
doc_01141,comp.sys.ibm.pc.hardware,2,thread_group_00744,5,1,train
doc_01142,comp.sys.mac.hardware,3,thread_group_02121,2,1,val
doc_01143,comp.graphics,0,thread_group_00002,4,1,train
doc_01144,comp.graphics,0,thread_group_00745,3,1,val
doc_01145,sci.electronics,6,thread_group_00746,2,1,train
doc_01146,sci.crypt,5,thread_group_00118,234,1,train
doc_01147,sci.crypt,5,thread_group_00118,234,1,train
doc_01148,sci.crypt,5,thread_group_00118,234,1,train
doc_01149,sci.electronics,6,thread_group_00747,4,1,val
doc_01150,comp.os.ms-windows.misc,1,thread_group_00835,14,1,train
doc_01151,comp.windows.x,4,thread_group_00748,1,1,train
doc_01152,comp.sys.ibm.pc.hardware,2,thread_group_00749,7,1,train
doc_01153,comp.windows.x,4,thread_group_00750,2,1,train
doc_01154,comp.sys.ibm.pc.hardware,2,thread_group_00751,3,1,train
doc_01155,comp.graphics,0,thread_group_02907,2,1,train
doc_01156,comp.os.ms-windows.misc,1,thread_group_00584,3,1,train
doc_01157,comp.graphics,0,thread_group_00508,13,1,val
doc_01158,comp.graphics,0,thread_group_00314,6,1,train
doc_01159,comp.windows.x,4,thread_group_00205,26,1,test
doc_01160,comp.sys.mac.hardware,3,thread_group_00752,1,1,train
doc_01161,comp.graphics,0,thread_group_00753,1,1,val
doc_01162,comp.sys.ibm.pc.hardware,2,thread_group_00754,2,1,train
doc_01163,comp.graphics,0,thread_group_00755,1,1,test
doc_01164,comp.windows.x,4,thread_group_00756,1,1,train
doc_01165,comp.os.ms-windows.misc,1,thread_group_00144,4,1,val
doc_01166,comp.os.ms-windows.misc,1,thread_group_00757,1,1,val
doc_01167,comp.sys.mac.hardware,3,thread_group_00758,1,1,train
doc_01168,comp.sys.ibm.pc.hardware,2,thread_group_00759,1,1,train
doc_01169,comp.windows.x,4,thread_group_00760,1,1,val
doc_01170,comp.windows.x,4,thread_group_00761,1,1,train
doc_01171,comp.sys.ibm.pc.hardware,2,thread_group_00762,1,1,test
doc_01172,comp.os.ms-windows.misc,1,thread_group_00763,4,1,train
doc_01173,sci.electronics,6,thread_group_00764,3,1,train
doc_01174,comp.graphics,0,thread_group_00090,5,1,test
doc_01175,comp.sys.ibm.pc.hardware,2,thread_group_00765,1,1,val
doc_01176,sci.electronics,6,thread_group_00766,1,1,train
doc_01177,comp.os.ms-windows.misc,1,thread_group_02322,2,1,train
doc_01178,comp.graphics,0,thread_group_02319,19,1,train
doc_01179,comp.os.ms-windows.misc,1,thread_group_00767,1,1,val
doc_01180,comp.windows.x,4,thread_group_01647,2,1,train
doc_01181,sci.crypt,5,thread_group_00136,32,1,test
doc_01182,sci.electronics,6,thread_group_00768,2,1,val
doc_01183,comp.windows.x,4,thread_group_00769,1,1,train
doc_01184,sci.crypt,5,thread_group_00118,234,1,train
doc_01185,sci.electronics,6,thread_group_00770,1,1,train
doc_01186,sci.electronics,6,thread_group_01255,2,1,test
doc_01187,comp.sys.mac.hardware,3,thread_group_00771,5,1,train
doc_01188,sci.electronics,6,thread_group_00764,3,1,train
doc_01189,sci.crypt,5,thread_group_00772,1,1,train
doc_01190,sci.electronics,6,thread_group_00550,13,1,test
doc_01191,comp.sys.mac.hardware,3,thread_group_00773,1,1,train
doc_01192,sci.electronics,6,thread_group_00774,1,1,val
doc_01193,comp.sys.mac.hardware,3,thread_group_00775,1,1,test
doc_01194,sci.crypt,5,thread_group_00231,47,1,val
doc_01195,sci.electronics,6,thread_group_00487,3,1,test
doc_01196,sci.crypt,5,thread_group_00613,22,1,val
doc_01197,comp.sys.mac.hardware,3,thread_group_03698,2,1,val
doc_01198,comp.graphics,0,thread_group_03352,2,1,train
doc_01199,comp.sys.ibm.pc.hardware,2,thread_group_00776,1,1,val
doc_01200,sci.crypt,5,thread_group_00391,31,1,train
doc_01201,comp.sys.ibm.pc.hardware,2,thread_group_00777,1,1,train
doc_01202,comp.sys.ibm.pc.hardware,2,thread_group_00778,1,1,train
doc_01203,comp.os.ms-windows.misc,1,thread_group_00221,4,1,train
doc_01204,comp.graphics,0,thread_group_00514,6,1,train
doc_01205,sci.crypt,5,thread_group_00231,47,1,val
doc_01206,comp.graphics,0,thread_group_01083,20,1,train
doc_01207,sci.crypt,5,thread_group_00779,38,1,train
doc_01208,comp.sys.mac.hardware,3,thread_group_00780,4,1,train
doc_01209,comp.graphics,0,thread_group_03144,2,1,train
doc_01210,comp.windows.x,4,thread_group_03135,2,1,train
doc_01211,comp.graphics,0,thread_group_00781,1,1,train
doc_01212,sci.crypt,5,thread_group_00479,18,1,train
doc_01213,sci.crypt,5,thread_group_00118,234,1,train
doc_01214,comp.graphics,0,thread_group_00782,1,1,val
doc_01215,comp.windows.x,4,thread_group_00783,1,1,test
doc_01216,comp.graphics,0,thread_group_00784,4,1,test
doc_01217,sci.electronics,6,thread_group_03184,2,1,train
doc_01218,sci.electronics,6,thread_group_03265,2,1,train
doc_01219,comp.os.ms-windows.misc,1,thread_group_01116,6,1,train
doc_01220,comp.windows.x,4,thread_group_00785,1,1,train
doc_01221,comp.windows.x,4,thread_group_00786,1,1,val
doc_01222,sci.electronics,6,thread_group_00787,2,1,test
doc_01223,comp.sys.mac.hardware,3,thread_group_00430,27,1,train
doc_01224,comp.sys.mac.hardware,3,thread_group_00788,2,1,test
doc_01225,comp.graphics,0,thread_group_00065,26,1,train
doc_01226,comp.windows.x,4,thread_group_00789,1,1,train
doc_01227,sci.electronics,6,thread_group_00175,5,1,train
doc_01228,comp.sys.mac.hardware,3,thread_group_02977,2,1,train
doc_01229,comp.windows.x,4,thread_group_00790,2,1,train
doc_01230,comp.sys.ibm.pc.hardware,2,thread_group_00791,3,1,val
doc_01231,comp.windows.x,4,thread_group_00792,1,1,test
doc_01232,comp.graphics,0,thread_group_00793,1,1,val
doc_01233,sci.crypt,5,thread_group_00779,38,1,train
doc_01234,comp.sys.mac.hardware,3,thread_group_00527,6,1,test
doc_01235,comp.windows.x,4,thread_group_00794,5,1,train
doc_01236,comp.sys.mac.hardware,3,thread_group_01080,2,1,train
doc_01237,comp.windows.x,4,thread_group_00795,1,1,train
doc_01238,sci.electronics,6,thread_group_00509,46,1,train
doc_01239,sci.electronics,6,thread_group_00796,2,1,val
doc_01240,sci.crypt,5,thread_group_00797,5,1,test
doc_01241,sci.electronics,6,thread_group_00798,4,1,val
doc_01242,sci.crypt,5,thread_group_00131,9,1,test
doc_01243,comp.windows.x,4,thread_group_00205,26,1,test
doc_01244,comp.sys.mac.hardware,3,thread_group_00799,1,1,train
doc_01245,sci.electronics,6,thread_group_00509,46,1,train
doc_01246,comp.os.ms-windows.misc,1,thread_group_00800,1,1,train
doc_01247,comp.sys.ibm.pc.hardware,2,thread_group_00801,2,1,train
doc_01248,comp.graphics,0,thread_group_00698,2,1,train
doc_01249,comp.graphics,0,thread_group_00802,1,1,train
doc_01250,comp.sys.ibm.pc.hardware,2,thread_group_03161,2,1,train
doc_01251,sci.electronics,6,thread_group_00803,1,1,train
doc_01252,sci.crypt,5,thread_group_00804,1,1,train
doc_01253,sci.crypt,5,thread_group_00805,3,1,val
doc_01254,sci.electronics,6,thread_group_00806,1,1,val
doc_01255,comp.graphics,0,thread_group_00807,2,1,test
doc_01256,comp.sys.ibm.pc.hardware,2,thread_group_00808,1,1,train
doc_01257,sci.electronics,6,thread_group_00809,1,1,train
doc_01258,comp.graphics,0,thread_group_00362,6,1,train
doc_01259,comp.graphics,0,thread_group_00514,6,1,train
doc_01260,comp.os.ms-windows.misc,1,thread_group_00810,1,1,train
doc_01261,comp.sys.ibm.pc.hardware,2,thread_group_00811,1,1,train
doc_01262,sci.electronics,6,thread_group_00812,1,1,train
doc_01263,sci.electronics,6,thread_group_00813,1,1,train
doc_01264,comp.os.ms-windows.misc,1,thread_group_00462,3,1,val
doc_01265,comp.sys.mac.hardware,3,thread_group_00564,3,1,train
doc_01266,comp.sys.ibm.pc.hardware,2,thread_group_00814,1,1,train
doc_01267,sci.electronics,6,thread_group_00815,1,1,test
doc_01268,comp.os.ms-windows.misc,1,thread_group_00816,5,1,train
doc_01269,comp.windows.x,4,thread_group_00817,1,1,test
doc_01270,comp.sys.ibm.pc.hardware,2,thread_group_00818,1,1,train
doc_01271,sci.crypt,5,thread_group_00118,234,1,train
doc_01272,comp.graphics,0,thread_group_00819,1,1,val
doc_01273,comp.sys.ibm.pc.hardware,2,thread_group_00820,1,1,train
doc_01274,comp.os.ms-windows.misc,1,thread_group_00821,2,1,train
doc_01275,comp.windows.x,4,thread_group_00822,1,1,val
doc_01276,comp.windows.x,4,thread_group_00823,2,1,train
doc_01277,sci.crypt,5,thread_group_00824,1,1,train
doc_01278,comp.sys.mac.hardware,3,thread_group_00872,13,1,test
doc_01279,sci.crypt,5,thread_group_00825,4,1,train
doc_01280,comp.os.ms-windows.misc,1,thread_group_00826,2,1,train
doc_01281,comp.sys.ibm.pc.hardware,2,thread_group_02593,3,1,val
doc_01282,comp.os.ms-windows.misc,1,thread_group_00827,1,1,test
doc_01283,comp.os.ms-windows.misc,1,thread_group_00828,1,1,train
doc_01284,comp.graphics,0,thread_group_01651,2,1,train
doc_01285,comp.graphics,0,thread_group_00829,3,1,test
doc_01286,sci.electronics,6,thread_group_00830,1,1,train
doc_01287,comp.graphics,0,thread_group_00831,1,1,val
doc_01288,sci.crypt,5,thread_group_00779,38,1,train
doc_01289,comp.windows.x,4,thread_group_00832,1,1,test
doc_01290,comp.os.ms-windows.misc,1,thread_group_00833,1,1,val
doc_01291,comp.windows.x,4,thread_group_00834,1,1,train
doc_01292,comp.os.ms-windows.misc,1,thread_group_00835,14,1,train
doc_01293,comp.sys.ibm.pc.hardware,2,thread_group_00836,1,1,train
doc_01294,comp.os.ms-windows.misc,1,thread_group_00222,4,1,train
doc_01295,comp.sys.mac.hardware,3,thread_group_00837,1,1,train
doc_01296,sci.crypt,5,thread_group_00136,32,1,test
doc_01297,comp.sys.ibm.pc.hardware,2,thread_group_00838,9,1,train
doc_01298,comp.sys.mac.hardware,3,thread_group_00839,1,1,test
doc_01299,comp.windows.x,4,thread_group_00840,1,1,train
doc_01300,sci.electronics,6,thread_group_00841,3,1,train
doc_01301,comp.graphics,0,thread_group_00842,1,1,train
doc_01302,comp.windows.x,4,thread_group_00843,3,1,train
doc_01303,sci.electronics,6,thread_group_00844,1,1,test
doc_01304,comp.graphics,0,thread_group_00845,1,1,train
doc_01305,comp.windows.x,4,thread_group_00846,2,1,test
doc_01306,comp.graphics,0,thread_group_00847,1,1,train
doc_01307,comp.sys.ibm.pc.hardware,2,thread_group_00848,1,1,test
doc_01308,sci.electronics,6,thread_group_00096,11,1,train
doc_01309,comp.windows.x,4,thread_group_00849,1,1,train
doc_01310,sci.electronics,6,thread_group_00410,3,1,train
doc_01311,comp.graphics,0,thread_group_00850,1,1,train
doc_01312,sci.electronics,6,thread_group_00851,2,1,train
doc_01313,comp.os.ms-windows.misc,1,thread_group_00852,1,1,train
doc_01314,comp.sys.ibm.pc.hardware,2,thread_group_00853,1,1,train
doc_01315,comp.sys.ibm.pc.hardware,2,thread_group_00854,7,1,train
doc_01316,comp.os.ms-windows.misc,1,thread_group_00855,1,1,test
doc_01317,comp.os.ms-windows.misc,1,thread_group_00856,1,1,train
doc_01318,comp.graphics,0,thread_group_00857,3,1,val
doc_01319,comp.windows.x,4,thread_group_00794,5,1,train
doc_01320,comp.graphics,0,thread_group_00449,5,1,train
doc_01321,comp.os.ms-windows.misc,1,thread_group_00858,1,1,val
doc_01322,comp.windows.x,4,thread_group_00859,4,1,train
doc_01323,comp.os.ms-windows.misc,1,thread_group_03525,2,1,val
doc_01324,comp.windows.x,4,thread_group_00860,1,1,train
doc_01325,sci.electronics,6,thread_group_00861,3,1,test
doc_01326,comp.sys.ibm.pc.hardware,2,thread_group_00862,1,1,train
doc_01327,sci.electronics,6,thread_group_00253,6,1,train
doc_01328,comp.sys.ibm.pc.hardware,2,thread_group_01518,2,1,val
doc_01329,sci.electronics,6,thread_group_00062,3,1,train
doc_01330,comp.graphics,0,thread_group_01690,2,1,train
doc_01331,sci.electronics,6,thread_group_00863,2,1,train
doc_01332,comp.graphics,0,thread_group_00864,1,1,train
doc_01333,comp.sys.mac.hardware,3,thread_group_00865,1,1,train
doc_01334,comp.windows.x,4,thread_group_00866,3,1,train
doc_01335,comp.graphics,0,thread_group_03551,2,1,train
doc_01336,sci.electronics,6,thread_group_01175,2,1,val
doc_01337,sci.crypt,5,thread_group_00131,9,1,test
doc_01338,sci.electronics,6,thread_group_00867,5,1,val
doc_01339,sci.crypt,5,thread_group_00613,22,1,val
doc_01340,comp.graphics,0,thread_group_00325,10,1,train
doc_01341,comp.sys.ibm.pc.hardware,2,thread_group_00868,1,1,train
doc_01342,comp.sys.mac.hardware,3,thread_group_00869,1,1,val
doc_01343,sci.electronics,6,thread_group_00434,8,1,val
doc_01344,comp.sys.mac.hardware,3,thread_group_00870,1,1,train
doc_01345,comp.os.ms-windows.misc,1,thread_group_00871,1,1,train
doc_01346,comp.sys.mac.hardware,3,thread_group_00872,13,1,test
doc_01347,sci.crypt,5,thread_group_00084,27,1,test
doc_01348,comp.sys.ibm.pc.hardware,2,thread_group_00873,1,1,train
doc_01349,comp.windows.x,4,thread_group_00874,1,1,train
doc_01350,comp.graphics,0,thread_group_02319,19,1,train
doc_01351,comp.sys.ibm.pc.hardware,2,thread_group_00875,1,1,train
doc_01352,comp.sys.ibm.pc.hardware,2,thread_group_00876,1,1,train
doc_01353,comp.windows.x,4,thread_group_02333,2,1,train
doc_01354,comp.graphics,0,thread_group_00065,26,1,train
doc_01355,sci.crypt,5,thread_group_00118,234,1,train
doc_01356,comp.graphics,0,thread_group_00065,26,1,train
doc_01357,sci.electronics,6,thread_group_00877,2,1,train
doc_01358,sci.electronics,6,thread_group_00878,3,1,val
doc_01359,comp.os.ms-windows.misc,1,thread_group_00879,2,1,test
doc_01360,comp.os.ms-windows.misc,1,thread_group_00203,9,1,train
doc_01361,sci.crypt,5,thread_group_00118,234,1,train
doc_01362,sci.crypt,5,thread_group_00391,31,1,train
doc_01363,comp.os.ms-windows.misc,1,thread_group_00880,1,1,train
doc_01364,comp.os.ms-windows.misc,1,thread_group_00881,1,1,train
doc_01365,comp.os.ms-windows.misc,1,thread_group_02855,5,1,train
doc_01366,comp.sys.mac.hardware,3,thread_group_00882,1,1,val
doc_01367,comp.os.ms-windows.misc,1,thread_group_00883,1,1,val
doc_01368,sci.electronics,6,thread_group_00884,1,1,train
doc_01369,sci.electronics,6,thread_group_00885,1,1,train
doc_01370,sci.electronics,6,thread_group_00886,8,1,train
doc_01371,sci.electronics,6,thread_group_00351,2,1,val
doc_01372,comp.sys.mac.hardware,3,thread_group_00887,1,1,train
doc_01373,sci.electronics,6,thread_group_00509,46,1,train
doc_01374,sci.electronics,6,thread_group_01424,3,1,train
doc_01375,comp.sys.ibm.pc.hardware,2,thread_group_00888,1,1,test
doc_01376,sci.crypt,5,thread_group_00889,5,1,train
doc_01377,sci.electronics,6,thread_group_00509,46,1,train
doc_01378,comp.os.ms-windows.misc,1,thread_group_00890,1,1,train
doc_01379,sci.electronics,6,thread_group_00509,46,1,train
doc_01380,comp.windows.x,4,thread_group_00891,1,1,train
doc_01381,comp.sys.mac.hardware,3,thread_group_03391,2,1,train
doc_01382,comp.os.ms-windows.misc,1,thread_group_00892,2,1,train
doc_01383,comp.windows.x,4,thread_group_00893,10,1,train
doc_01384,comp.graphics,0,thread_group_03554,4,1,train
doc_01385,comp.windows.x,4,thread_group_00894,1,1,val
doc_01386,comp.os.ms-windows.misc,1,thread_group_00895,1,1,train
doc_01387,sci.crypt,5,thread_group_00896,1,1,train
doc_01388,comp.sys.mac.hardware,3,thread_group_00897,1,1,train
doc_01389,comp.sys.ibm.pc.hardware,2,thread_group_00898,1,1,train
doc_01390,sci.crypt,5,thread_group_00118,234,1,train
doc_01391,sci.crypt,5,thread_group_02717,14,1,train
doc_01392,comp.sys.ibm.pc.hardware,2,thread_group_00899,1,1,val
doc_01393,comp.os.ms-windows.misc,1,thread_group_02328,2,1,val
doc_01394,comp.os.ms-windows.misc,1,thread_group_00835,14,1,train
doc_01395,comp.graphics,0,thread_group_00042,5,1,train
doc_01396,comp.sys.ibm.pc.hardware,2,thread_group_00569,2,1,test
doc_01397,comp.graphics,0,thread_group_00900,1,1,train
doc_01398,comp.graphics,0,thread_group_00901,1,1,train
doc_01399,comp.sys.ibm.pc.hardware,2,thread_group_00902,1,1,test
doc_01400,comp.sys.ibm.pc.hardware,2,thread_group_00155,3,1,train
doc_01401,comp.graphics,0,thread_group_00928,11,1,train
doc_01402,comp.graphics,0,thread_group_00903,2,1,train
doc_01403,sci.electronics,6,thread_group_00904,5,1,train
doc_01404,comp.graphics,0,thread_group_00905,1,1,train
doc_01405,comp.sys.mac.hardware,3,thread_group_00906,6,1,train
doc_01406,comp.sys.ibm.pc.hardware,2,thread_group_01194,3,1,train
doc_01407,comp.graphics,0,thread_group_01067,4,1,train
doc_01408,sci.electronics,6,thread_group_02591,4,1,test
doc_01409,sci.electronics,6,thread_group_00907,1,1,train
doc_01410,sci.crypt,5,thread_group_00908,1,1,train
doc_01411,sci.crypt,5,thread_group_00118,234,1,train
doc_01412,comp.sys.ibm.pc.hardware,2,thread_group_00268,10,1,val
doc_01413,sci.electronics,6,thread_group_00288,8,1,train
doc_01414,sci.crypt,5,thread_group_00068,9,1,train
doc_01415,comp.windows.x,4,thread_group_00909,1,1,train
doc_01416,sci.electronics,6,thread_group_00910,1,1,train
doc_01417,sci.electronics,6,thread_group_01533,2,1,train
doc_01418,comp.sys.ibm.pc.hardware,2,thread_group_00911,1,1,test
doc_01419,comp.graphics,0,thread_group_02319,19,1,train
doc_01420,comp.sys.mac.hardware,3,thread_group_00430,27,1,train
doc_01421,comp.graphics,0,thread_group_00912,1,1,train
doc_01422,comp.os.ms-windows.misc,1,thread_group_00913,1,1,train
doc_01423,comp.sys.ibm.pc.hardware,2,thread_group_00914,1,1,val
doc_01424,comp.windows.x,4,thread_group_00915,1,1,val
doc_01425,comp.graphics,0,thread_group_01622,3,1,val
doc_01426,comp.sys.ibm.pc.hardware,2,thread_group_00916,1,1,test
doc_01427,comp.windows.x,4,thread_group_00917,2,1,train
doc_01428,comp.windows.x,4,thread_group_00918,14,1,train
doc_01429,sci.crypt,5,thread_group_00118,234,1,train
doc_01430,comp.sys.mac.hardware,3,thread_group_00919,1,1,test
doc_01431,comp.os.ms-windows.misc,1,thread_group_00438,4,1,train
doc_01432,comp.sys.ibm.pc.hardware,2,thread_group_00920,1,1,train
doc_01433,comp.graphics,0,thread_group_03074,2,1,test
doc_01434,sci.electronics,6,thread_group_00921,1,1,train
doc_01435,sci.crypt,5,thread_group_00196,19,1,train
doc_01436,comp.sys.mac.hardware,3,thread_group_00139,4,1,train
doc_01437,comp.os.ms-windows.misc,1,thread_group_00922,1,1,test
doc_01438,comp.os.ms-windows.misc,1,thread_group_00923,3,1,test
doc_01439,comp.sys.mac.hardware,3,thread_group_00924,3,1,test
doc_01440,comp.sys.mac.hardware,3,thread_group_00925,1,1,train
doc_01441,comp.sys.ibm.pc.hardware,2,thread_group_00926,2,1,train
doc_01442,comp.sys.ibm.pc.hardware,2,thread_group_00927,3,1,test
doc_01443,comp.windows.x,4,thread_group_00158,3,1,val
doc_01444,sci.crypt,5,thread_group_00400,4,1,train
doc_01445,comp.sys.mac.hardware,3,thread_group_02084,4,1,train
doc_01446,sci.electronics,6,thread_group_01128,3,1,train
doc_01447,comp.graphics,0,thread_group_00928,11,1,train
doc_01448,comp.windows.x,4,thread_group_00929,1,1,train
doc_01449,comp.windows.x,4,thread_group_00930,1,1,train
doc_01450,comp.sys.mac.hardware,3,thread_group_00931,6,1,train
doc_01451,comp.windows.x,4,thread_group_00932,1,1,train
doc_01452,sci.crypt,5,thread_group_00118,234,1,train
doc_01453,sci.crypt,5,thread_group_00933,2,1,train
doc_01454,comp.os.ms-windows.misc,1,thread_group_00934,4,1,val
doc_01455,comp.windows.x,4,thread_group_00935,1,1,test
doc_01456,comp.windows.x,4,thread_group_00936,1,1,train
doc_01457,comp.os.ms-windows.misc,1,thread_group_00937,1,1,val
doc_01458,sci.electronics,6,thread_group_00009,6,1,train
doc_01459,comp.sys.mac.hardware,3,thread_group_00938,3,1,train
doc_01460,sci.electronics,6,thread_group_00904,5,1,train
doc_01461,comp.graphics,0,thread_group_00939,2,1,test
doc_01462,comp.sys.mac.hardware,3,thread_group_01884,2,1,val
doc_01463,sci.crypt,5,thread_group_00118,234,1,train
doc_01464,comp.sys.ibm.pc.hardware,2,thread_group_03636,2,1,val
doc_01465,comp.graphics,0,thread_group_00940,4,1,train
doc_01466,comp.graphics,0,thread_group_00941,1,1,train
doc_01467,comp.sys.ibm.pc.hardware,2,thread_group_00942,4,1,val
doc_01468,comp.sys.mac.hardware,3,thread_group_00943,3,1,train
doc_01469,sci.crypt,5,thread_group_00118,234,1,train
doc_01470,comp.windows.x,4,thread_group_00944,1,1,train
doc_01471,comp.os.ms-windows.misc,1,thread_group_00021,2,1,train
doc_01472,sci.electronics,6,thread_group_00945,4,1,train
doc_01473,comp.graphics,0,thread_group_02319,19,1,train
doc_01474,comp.os.ms-windows.misc,1,thread_group_00059,5,1,train
doc_01475,comp.windows.x,4,thread_group_03542,2,1,train
doc_01476,comp.windows.x,4,thread_group_00485,2,1,val
doc_01477,comp.graphics,0,thread_group_00946,3,1,train
doc_01478,comp.graphics,0,thread_group_00947,1,1,val
doc_01479,comp.os.ms-windows.misc,1,thread_group_00948,6,1,val
doc_01480,comp.os.ms-windows.misc,1,thread_group_00335,13,1,train
doc_01481,comp.sys.ibm.pc.hardware,2,thread_group_00949,1,1,test
doc_01482,comp.graphics,0,thread_group_00950,1,1,train
doc_01483,comp.graphics,0,thread_group_00951,3,1,train
doc_01484,comp.sys.mac.hardware,3,thread_group_00106,7,1,test
doc_01485,comp.sys.ibm.pc.hardware,2,thread_group_00952,1,1,val
doc_01486,comp.graphics,0,thread_group_00953,2,1,val
doc_01487,comp.graphics,0,thread_group_00954,1,1,train
doc_01488,comp.windows.x,4,thread_group_00955,1,1,train
doc_01489,sci.electronics,6,thread_group_00186,7,1,train
doc_01490,sci.crypt,5,thread_group_03088,3,1,train
doc_01491,comp.sys.ibm.pc.hardware,2,thread_group_00956,1,1,test
doc_01492,sci.crypt,5,thread_group_00068,9,1,train
doc_01493,comp.os.ms-windows.misc,1,thread_group_00957,1,1,test
doc_01494,comp.windows.x,4,thread_group_00958,1,1,train
doc_01495,sci.crypt,5,thread_group_01782,2,1,train
doc_01496,comp.sys.ibm.pc.hardware,2,thread_group_00959,2,1,test
doc_01497,comp.sys.ibm.pc.hardware,2,thread_group_00960,2,1,train
doc_01498,comp.windows.x,4,thread_group_00961,1,1,test
doc_01499,comp.os.ms-windows.misc,1,thread_group_00962,3,1,train
doc_01500,comp.sys.mac.hardware,3,thread_group_00620,2,1,train
doc_01501,sci.crypt,5,thread_group_01642,16,1,val
doc_01502,comp.sys.ibm.pc.hardware,2,thread_group_00502,4,1,train
doc_01503,comp.os.ms-windows.misc,1,thread_group_00963,1,1,train
doc_01504,sci.electronics,6,thread_group_00964,3,1,train
doc_01505,comp.sys.ibm.pc.hardware,2,thread_group_00965,1,1,train
doc_01506,sci.crypt,5,thread_group_00118,234,1,train
doc_01507,comp.os.ms-windows.misc,1,thread_group_00966,1,1,train
doc_01508,comp.sys.mac.hardware,3,thread_group_00967,1,1,train
doc_01509,comp.os.ms-windows.misc,1,thread_group_00968,1,1,train
doc_01510,comp.windows.x,4,thread_group_00893,10,1,train
doc_01511,comp.os.ms-windows.misc,1,thread_group_00969,1,1,test
doc_01512,comp.sys.ibm.pc.hardware,2,thread_group_00970,1,1,train
doc_01513,sci.electronics,6,thread_group_02275,21,1,train
doc_01514,comp.windows.x,4,thread_group_00971,1,1,test
doc_01515,comp.windows.x,4,thread_group_00972,1,1,test
doc_01516,comp.os.ms-windows.misc,1,thread_group_00321,11,1,val
doc_01517,comp.sys.ibm.pc.hardware,2,thread_group_00973,3,1,train
doc_01518,sci.crypt,5,thread_group_00118,234,1,train
doc_01519,comp.sys.mac.hardware,3,thread_group_00165,4,1,train
doc_01520,comp.os.ms-windows.misc,1,thread_group_00974,1,1,train
doc_01521,comp.windows.x,4,thread_group_00975,1,1,train
doc_01522,comp.graphics,0,thread_group_00976,4,1,test
doc_01523,comp.sys.mac.hardware,3,thread_group_00977,1,1,train
doc_01524,comp.windows.x,4,thread_group_00978,2,1,test
doc_01525,comp.windows.x,4,thread_group_02027,2,1,val
doc_01526,comp.sys.ibm.pc.hardware,2,thread_group_03853,2,1,train
doc_01527,sci.crypt,5,thread_group_00136,32,1,test
doc_01528,comp.sys.mac.hardware,3,thread_group_00404,11,1,train
doc_01529,comp.sys.mac.hardware,3,thread_group_00979,1,1,train
doc_01530,sci.electronics,6,thread_group_00721,7,1,train
doc_01531,comp.graphics,0,thread_group_00980,1,1,test
doc_01532,comp.graphics,0,thread_group_02319,19,1,train
doc_01533,comp.os.ms-windows.misc,1,thread_group_00981,1,1,train
doc_01534,comp.os.ms-windows.misc,1,thread_group_00982,1,1,train
doc_01535,comp.sys.ibm.pc.hardware,2,thread_group_00838,9,1,train
doc_01536,comp.sys.ibm.pc.hardware,2,thread_group_00983,1,1,val
doc_01537,comp.windows.x,4,thread_group_02941,2,1,val
doc_01538,sci.electronics,6,thread_group_01455,3,1,train
doc_01539,comp.sys.mac.hardware,3,thread_group_00984,1,1,val
doc_01540,sci.crypt,5,thread_group_00118,234,1,train
doc_01541,comp.graphics,0,thread_group_02688,2,1,train
doc_01542,comp.sys.mac.hardware,3,thread_group_00985,1,1,train
doc_01543,comp.os.ms-windows.misc,1,thread_group_00986,2,1,train
doc_01544,comp.sys.mac.hardware,3,thread_group_01159,6,1,train
doc_01545,comp.graphics,0,thread_group_01468,4,1,train
doc_01546,sci.crypt,5,thread_group_00987,6,1,test
doc_01547,sci.electronics,6,thread_group_00988,1,1,train
doc_01548,comp.os.ms-windows.misc,1,thread_group_00092,13,1,train
doc_01549,comp.sys.ibm.pc.hardware,2,thread_group_00989,1,1,test
doc_01550,comp.graphics,0,thread_group_01927,2,1,train
doc_01551,comp.sys.mac.hardware,3,thread_group_00990,1,1,train
doc_01552,sci.crypt,5,thread_group_00118,234,1,train
doc_01553,sci.crypt,5,thread_group_00991,1,1,test
doc_01554,sci.crypt,5,thread_group_00992,1,1,train
doc_01555,comp.os.ms-windows.misc,1,thread_group_00993,3,1,train
doc_01556,comp.sys.mac.hardware,3,thread_group_03761,2,1,train
doc_01557,comp.graphics,0,thread_group_00994,1,1,train
doc_01558,comp.os.ms-windows.misc,1,thread_group_00995,1,1,test
doc_01559,comp.graphics,0,thread_group_00996,2,1,train
doc_01560,sci.crypt,5,thread_group_00136,32,1,test
doc_01561,sci.electronics,6,thread_group_00997,1,1,val
doc_01562,sci.crypt,5,thread_group_00118,234,1,train
doc_01563,comp.windows.x,4,thread_group_01284,4,1,train
doc_01564,comp.os.ms-windows.misc,1,thread_group_00998,1,1,train
doc_01565,comp.os.ms-windows.misc,1,thread_group_00565,3,1,train
doc_01566,sci.electronics,6,thread_group_00999,6,1,train
doc_01567,sci.crypt,5,thread_group_00118,234,1,train
doc_01568,sci.electronics,6,thread_group_01000,1,1,train
doc_01569,comp.windows.x,4,thread_group_01001,3,1,train
doc_01570,comp.windows.x,4,thread_group_01002,1,1,train
doc_01571,comp.windows.x,4,thread_group_00053,4,1,train
doc_01572,comp.windows.x,4,thread_group_02209,3,1,train
doc_01573,comp.sys.ibm.pc.hardware,2,thread_group_01003,1,1,val
doc_01574,comp.os.ms-windows.misc,1,thread_group_01004,1,1,test
doc_01575,comp.sys.mac.hardware,3,thread_group_01005,1,1,val
doc_01576,comp.sys.ibm.pc.hardware,2,thread_group_01006,1,1,train
doc_01577,comp.graphics,0,thread_group_01007,1,1,val
doc_01578,comp.graphics,0,thread_group_03859,2,1,train
doc_01579,comp.graphics,0,thread_group_01008,1,1,val
doc_01580,comp.graphics,0,thread_group_01360,2,1,test
doc_01581,comp.os.ms-windows.misc,1,thread_group_01009,4,1,train
doc_01582,comp.os.ms-windows.misc,1,thread_group_01010,1,1,train
doc_01583,comp.windows.x,4,thread_group_01011,1,1,test
doc_01584,comp.graphics,0,thread_group_01012,1,1,test
doc_01585,comp.sys.ibm.pc.hardware,2,thread_group_02762,2,1,train
doc_01586,sci.crypt,5,thread_group_00613,22,1,val
doc_01587,comp.graphics,0,thread_group_01013,1,1,test
doc_01588,comp.sys.mac.hardware,3,thread_group_01014,7,1,train
doc_01589,comp.os.ms-windows.misc,1,thread_group_01015,1,1,test
doc_01590,sci.electronics,6,thread_group_01016,8,1,val
doc_01591,sci.crypt,5,thread_group_00118,234,1,train
doc_01592,comp.windows.x,4,thread_group_00918,14,1,train
doc_01593,comp.windows.x,4,thread_group_01017,1,1,train
doc_01594,sci.crypt,5,thread_group_01018,1,1,val
doc_01595,comp.windows.x,4,thread_group_01019,1,1,train
doc_01596,comp.graphics,0,thread_group_01020,1,1,train
doc_01597,comp.sys.ibm.pc.hardware,2,thread_group_01021,1,1,val
doc_01598,comp.windows.x,4,thread_group_02699,2,1,val
doc_01599,sci.crypt,5,thread_group_00779,38,1,train
doc_01600,comp.sys.mac.hardware,3,thread_group_01874,4,1,train
doc_01601,sci.electronics,6,thread_group_02074,4,1,train
doc_01602,comp.os.ms-windows.misc,1,thread_group_01022,1,1,train
doc_01603,comp.sys.mac.hardware,3,thread_group_01023,1,1,train
doc_01604,comp.sys.mac.hardware,3,thread_group_01024,1,1,val
doc_01605,sci.electronics,6,thread_group_01025,1,1,train
doc_01606,comp.windows.x,4,thread_group_00794,5,1,train
doc_01607,sci.electronics,6,thread_group_01026,1,1,test
doc_01608,comp.graphics,0,thread_group_01027,1,1,train
doc_01609,comp.sys.ibm.pc.hardware,2,thread_group_01028,3,1,train
doc_01610,comp.sys.mac.hardware,3,thread_group_02986,2,1,train
doc_01611,sci.crypt,5,thread_group_01029,7,1,train
doc_01612,comp.windows.x,4,thread_group_01030,1,1,train
doc_01613,comp.sys.mac.hardware,3,thread_group_03723,2,1,train
doc_01614,comp.sys.ibm.pc.hardware,2,thread_group_01031,1,1,train
doc_01615,sci.electronics,6,thread_group_01032,1,1,train
doc_01616,comp.windows.x,4,thread_group_01033,1,1,test
doc_01617,sci.electronics,6,thread_group_01034,2,1,train
doc_01618,comp.sys.ibm.pc.hardware,2,thread_group_01035,1,1,train
doc_01619,comp.sys.ibm.pc.hardware,2,thread_group_01036,4,1,test
doc_01620,comp.graphics,0,thread_group_01984,2,1,train
doc_01621,comp.graphics,0,thread_group_00185,2,1,test
doc_01622,comp.graphics,0,thread_group_01037,1,1,train
doc_01623,comp.sys.mac.hardware,3,thread_group_00165,4,1,train
doc_01624,comp.windows.x,4,thread_group_01247,14,1,train
doc_01625,sci.crypt,5,thread_group_00136,32,1,test
doc_01626,comp.windows.x,4,thread_group_01038,1,1,train
doc_01627,sci.electronics,6,thread_group_01039,8,1,train
doc_01628,comp.graphics,0,thread_group_01040,1,1,val
doc_01629,comp.graphics,0,thread_group_01041,1,1,train
doc_01630,comp.sys.ibm.pc.hardware,2,thread_group_01042,1,1,train
doc_01631,comp.os.ms-windows.misc,1,thread_group_01043,1,1,train
doc_01632,comp.sys.ibm.pc.hardware,2,thread_group_01044,1,1,train
doc_01633,comp.sys.ibm.pc.hardware,2,thread_group_01045,1,1,train
doc_01634,comp.graphics,0,thread_group_01046,1,1,test
doc_01635,comp.graphics,0,thread_group_01047,1,1,test
doc_01636,comp.os.ms-windows.misc,1,thread_group_01048,3,1,train
doc_01637,comp.sys.mac.hardware,3,thread_group_01049,1,1,train
doc_01638,comp.windows.x,4,thread_group_01050,2,1,train
doc_01639,comp.graphics,0,thread_group_01051,1,1,val
doc_01640,comp.windows.x,4,thread_group_00205,26,1,test
doc_01641,comp.windows.x,4,thread_group_01052,1,1,train
doc_01642,comp.os.ms-windows.misc,1,thread_group_01053,14,1,train
doc_01643,comp.graphics,0,thread_group_01054,1,1,train
doc_01644,sci.crypt,5,thread_group_00391,31,1,train
doc_01645,sci.electronics,6,thread_group_00999,6,1,train
doc_01646,comp.os.ms-windows.misc,1,thread_group_00962,3,1,train
doc_01647,sci.crypt,5,thread_group_01055,1,1,train
doc_01648,comp.windows.x,4,thread_group_01056,1,1,train
doc_01649,comp.sys.ibm.pc.hardware,2,thread_group_01057,1,1,val
doc_01650,comp.sys.mac.hardware,3,thread_group_00032,3,1,train
doc_01651,comp.graphics,0,thread_group_00263,2,1,train
doc_01652,comp.sys.ibm.pc.hardware,2,thread_group_01058,1,1,train
doc_01653,comp.sys.mac.hardware,3,thread_group_00627,4,1,test
doc_01654,comp.sys.ibm.pc.hardware,2,thread_group_01059,2,1,train
doc_01655,comp.os.ms-windows.misc,1,thread_group_01060,1,1,train
doc_01656,comp.windows.x,4,thread_group_01061,1,1,train
doc_01657,comp.os.ms-windows.misc,1,thread_group_00141,3,1,train
doc_01658,sci.crypt,5,thread_group_00391,31,1,train
doc_01659,comp.os.ms-windows.misc,1,thread_group_01062,1,1,train
doc_01660,sci.crypt,5,thread_group_00118,234,1,train
doc_01661,sci.crypt,5,thread_group_00391,31,1,train
doc_01662,comp.os.ms-windows.misc,1,thread_group_00313,2,1,test
doc_01663,sci.crypt,5,thread_group_02627,13,1,val
doc_01664,sci.crypt,5,thread_group_00479,18,1,train
doc_01665,comp.windows.x,4,thread_group_01063,1,1,train
doc_01666,sci.electronics,6,thread_group_01064,4,1,train
doc_01667,comp.windows.x,4,thread_group_03659,2,1,train
doc_01668,sci.crypt,5,thread_group_00779,38,1,train
doc_01669,comp.sys.mac.hardware,3,thread_group_01065,3,1,val
doc_01670,comp.sys.ibm.pc.hardware,2,thread_group_03048,2,1,train
doc_01671,comp.sys.ibm.pc.hardware,2,thread_group_01066,1,1,train
doc_01672,sci.crypt,5,thread_group_00118,234,1,train
doc_01673,comp.graphics,0,thread_group_01067,4,1,train
doc_01674,sci.electronics,6,thread_group_01068,5,1,val
doc_01675,comp.sys.ibm.pc.hardware,2,thread_group_00838,9,1,train
doc_01676,comp.sys.mac.hardware,3,thread_group_01069,4,1,val
doc_01677,sci.crypt,5,thread_group_00118,234,1,train
doc_01678,comp.os.ms-windows.misc,1,thread_group_01070,2,1,train
doc_01679,comp.graphics,0,thread_group_01071,3,1,train
doc_01680,comp.graphics,0,thread_group_00390,9,1,test
doc_01681,comp.sys.mac.hardware,3,thread_group_00527,6,1,test
doc_01682,comp.graphics,0,thread_group_01072,1,1,train
doc_01683,comp.sys.mac.hardware,3,thread_group_00367,10,1,val
doc_01684,sci.electronics,6,thread_group_01073,1,1,val
doc_01685,sci.crypt,5,thread_group_00118,234,1,train
doc_01686,comp.sys.ibm.pc.hardware,2,thread_group_01074,1,1,train
doc_01687,comp.sys.ibm.pc.hardware,2,thread_group_01075,1,1,train
doc_01688,comp.sys.mac.hardware,3,thread_group_01076,1,1,test
doc_01689,comp.graphics,0,thread_group_01077,2,1,train
doc_01690,comp.sys.ibm.pc.hardware,2,thread_group_01078,2,1,train
doc_01691,comp.graphics,0,thread_group_00522,11,1,train
doc_01692,sci.crypt,5,thread_group_02564,7,1,train
doc_01693,comp.sys.mac.hardware,3,thread_group_01079,1,1,train
doc_01694,sci.electronics,6,thread_group_00682,7,1,train
doc_01695,comp.sys.mac.hardware,3,thread_group_01080,2,1,train
doc_01696,comp.sys.mac.hardware,3,thread_group_01081,1,1,test
doc_01697,comp.sys.mac.hardware,3,thread_group_01069,4,1,val
doc_01698,comp.sys.mac.hardware,3,thread_group_03314,3,1,train
doc_01699,comp.sys.mac.hardware,3,thread_group_01082,1,1,val
doc_01700,comp.graphics,0,thread_group_01083,20,1,train
doc_01701,comp.sys.mac.hardware,3,thread_group_01084,1,1,train
doc_01702,comp.sys.ibm.pc.hardware,2,thread_group_01085,1,1,train
doc_01703,comp.windows.x,4,thread_group_01086,1,1,train
doc_01704,comp.graphics,0,thread_group_01087,1,1,train
doc_01705,comp.sys.ibm.pc.hardware,2,thread_group_00502,4,1,train
doc_01706,comp.windows.x,4,thread_group_01088,1,1,train
doc_01707,sci.crypt,5,thread_group_00118,234,1,train
doc_01708,comp.sys.ibm.pc.hardware,2,thread_group_00547,3,1,train
doc_01709,comp.windows.x,4,thread_group_01089,2,1,train
doc_01710,comp.graphics,0,thread_group_01090,1,1,train
doc_01711,comp.os.ms-windows.misc,1,thread_group_01168,11,1,train
doc_01712,comp.sys.ibm.pc.hardware,2,thread_group_01166,2,1,train
doc_01713,sci.crypt,5,thread_group_00118,234,1,train
doc_01714,sci.crypt,5,thread_group_01091,1,1,test
doc_01715,comp.graphics,0,thread_group_01092,1,1,train
doc_01716,comp.sys.mac.hardware,3,thread_group_01093,3,1,train
doc_01717,sci.electronics,6,thread_group_01126,4,1,val
doc_01718,comp.sys.mac.hardware,3,thread_group_01094,2,1,train
doc_01719,comp.sys.ibm.pc.hardware,2,thread_group_00631,4,1,train
doc_01720,sci.crypt,5,thread_group_00460,11,1,val
doc_01721,comp.sys.mac.hardware,3,thread_group_01095,1,1,train
doc_01722,comp.graphics,0,thread_group_00522,11,1,train
doc_01723,sci.electronics,6,thread_group_01096,1,1,train
doc_01724,comp.windows.x,4,thread_group_01097,5,1,train
doc_01725,sci.electronics,6,thread_group_01098,1,1,train
doc_01726,sci.electronics,6,thread_group_01099,1,1,train
doc_01727,comp.windows.x,4,thread_group_01100,2,1,train
doc_01728,comp.os.ms-windows.misc,1,thread_group_01101,1,1,train
doc_01729,comp.windows.x,4,thread_group_01102,3,1,train
doc_01730,comp.os.ms-windows.misc,1,thread_group_01954,9,1,train
doc_01731,sci.electronics,6,thread_group_01103,2,1,train
doc_01732,comp.sys.ibm.pc.hardware,2,thread_group_01104,1,1,val
doc_01733,comp.sys.ibm.pc.hardware,2,thread_group_01105,1,1,train
doc_01734,comp.sys.mac.hardware,3,thread_group_01106,2,1,val
doc_01735,comp.sys.ibm.pc.hardware,2,thread_group_02065,5,1,train
doc_01736,comp.os.ms-windows.misc,1,thread_group_00934,4,1,val
doc_01737,sci.electronics,6,thread_group_01107,1,1,val
doc_01738,comp.sys.ibm.pc.hardware,2,thread_group_00316,3,1,val
doc_01739,sci.crypt,5,thread_group_00118,234,1,train
doc_01740,comp.windows.x,4,thread_group_01108,1,1,test
doc_01741,sci.electronics,6,thread_group_00137,3,1,test
doc_01742,comp.graphics,0,thread_group_01109,1,1,val
doc_01743,comp.graphics,0,thread_group_01110,1,1,train
doc_01744,comp.sys.mac.hardware,3,thread_group_00430,27,1,train
doc_01745,comp.sys.mac.hardware,3,thread_group_01111,1,1,train
doc_01746,sci.electronics,6,thread_group_01112,3,1,train
doc_01747,comp.sys.ibm.pc.hardware,2,thread_group_02438,2,1,train
doc_01748,sci.electronics,6,thread_group_01113,3,1,train
doc_01749,comp.graphics,0,thread_group_01114,1,1,train
doc_01750,comp.sys.mac.hardware,3,thread_group_01115,1,1,train
doc_01751,comp.graphics,0,thread_group_01071,3,1,train
doc_01752,comp.os.ms-windows.misc,1,thread_group_01116,6,1,train
doc_01753,comp.sys.ibm.pc.hardware,2,thread_group_01117,3,1,train
doc_01754,comp.os.ms-windows.misc,1,thread_group_01118,3,1,train
doc_01755,sci.electronics,6,thread_group_01119,1,1,train
doc_01756,sci.crypt,5,thread_group_00224,14,1,train
doc_01757,comp.graphics,0,thread_group_01120,1,1,test
doc_01758,sci.electronics,6,thread_group_03714,2,1,train
doc_01759,comp.windows.x,4,thread_group_01121,2,1,train
doc_01760,comp.sys.ibm.pc.hardware,2,thread_group_01122,7,1,test
doc_01761,sci.crypt,5,thread_group_02436,2,1,train
doc_01762,sci.crypt,5,thread_group_00889,5,1,train
doc_01763,sci.electronics,6,thread_group_01123,1,1,train
doc_01764,sci.crypt,5,thread_group_00118,234,1,train
doc_01765,sci.crypt,5,thread_group_00391,31,1,train
doc_01766,comp.os.ms-windows.misc,1,thread_group_01124,2,1,train
doc_01767,comp.windows.x,4,thread_group_01125,2,1,train
doc_01768,sci.electronics,6,thread_group_01126,4,1,val
doc_01769,comp.graphics,0,thread_group_01127,1,1,test
doc_01770,sci.crypt,5,thread_group_00613,22,1,val
doc_01771,sci.electronics,6,thread_group_01128,3,1,train
doc_01772,comp.os.ms-windows.misc,1,thread_group_01129,1,1,train
doc_01773,comp.sys.ibm.pc.hardware,2,thread_group_01130,1,1,train
doc_01774,sci.crypt,5,thread_group_00613,22,1,val
doc_01775,comp.windows.x,4,thread_group_01393,5,1,val
doc_01776,comp.sys.ibm.pc.hardware,2,thread_group_01131,4,1,train
doc_01777,comp.sys.ibm.pc.hardware,2,thread_group_01132,3,1,test
doc_01778,sci.crypt,5,thread_group_00118,234,1,train
doc_01779,comp.sys.ibm.pc.hardware,2,thread_group_00791,3,1,val
doc_01780,comp.graphics,0,thread_group_01083,20,1,train
doc_01781,comp.sys.mac.hardware,3,thread_group_01133,2,1,test
doc_01782,comp.windows.x,4,thread_group_01798,2,1,test
doc_01783,sci.electronics,6,thread_group_00096,11,1,train
doc_01784,comp.sys.ibm.pc.hardware,2,thread_group_01543,4,1,test
doc_01785,sci.electronics,6,thread_group_01134,2,1,train
doc_01786,comp.graphics,0,thread_group_01135,1,1,train
doc_01787,comp.graphics,0,thread_group_01136,1,1,train
doc_01788,comp.graphics,0,thread_group_01137,1,1,train
doc_01789,sci.electronics,6,thread_group_00410,3,1,train
doc_01790,sci.electronics,6,thread_group_00798,4,1,val
doc_01791,comp.windows.x,4,thread_group_01138,1,1,train
doc_01792,comp.windows.x,4,thread_group_01139,2,1,test
doc_01793,comp.sys.mac.hardware,3,thread_group_01140,1,1,train
doc_01794,comp.sys.ibm.pc.hardware,2,thread_group_00570,4,1,train
doc_01795,comp.graphics,0,thread_group_01141,1,1,train
doc_01796,comp.graphics,0,thread_group_01142,1,1,val
doc_01797,comp.sys.ibm.pc.hardware,2,thread_group_01143,1,1,val
doc_01798,sci.crypt,5,thread_group_00231,47,1,val
doc_01799,comp.sys.ibm.pc.hardware,2,thread_group_00475,4,1,train
doc_01800,comp.graphics,0,thread_group_01144,1,1,train
doc_01801,comp.sys.mac.hardware,3,thread_group_01145,3,1,test
doc_01802,sci.crypt,5,thread_group_00460,11,1,val
doc_01803,comp.graphics,0,thread_group_01146,1,1,train
doc_01804,comp.windows.x,4,thread_group_01147,1,1,test
doc_01805,comp.os.ms-windows.misc,1,thread_group_01148,8,1,train
doc_01806,comp.sys.ibm.pc.hardware,2,thread_group_01149,1,1,train
doc_01807,sci.crypt,5,thread_group_00118,234,1,train
doc_01808,comp.os.ms-windows.misc,1,thread_group_01150,2,1,train
doc_01809,sci.electronics,6,thread_group_01151,4,1,train
doc_01810,sci.crypt,5,thread_group_00266,10,1,train
doc_01811,comp.sys.ibm.pc.hardware,2,thread_group_01152,1,1,train
doc_01812,comp.windows.x,4,thread_group_03801,2,1,train
doc_01813,comp.windows.x,4,thread_group_00823,2,1,train
doc_01814,comp.sys.mac.hardware,3,thread_group_01153,1,1,test
doc_01815,comp.windows.x,4,thread_group_01154,1,1,train
doc_01816,comp.windows.x,4,thread_group_01155,1,1,train
doc_01817,comp.graphics,0,thread_group_00065,26,1,train
doc_01818,sci.electronics,6,thread_group_01156,2,1,train
doc_01819,sci.electronics,6,thread_group_01156,2,1,train
doc_01820,comp.sys.ibm.pc.hardware,2,thread_group_01157,1,1,train
doc_01821,sci.crypt,5,thread_group_00797,5,1,test
doc_01822,comp.sys.mac.hardware,3,thread_group_01158,1,1,train
doc_01823,sci.crypt,5,thread_group_00084,27,1,test
doc_01824,sci.crypt,5,thread_group_00118,234,1,train
doc_01825,comp.sys.ibm.pc.hardware,2,thread_group_00251,3,1,train
doc_01826,comp.sys.ibm.pc.hardware,2,thread_group_00942,4,1,val
doc_01827,comp.sys.mac.hardware,3,thread_group_01159,6,1,train
doc_01828,comp.windows.x,4,thread_group_01160,2,1,val
doc_01829,sci.electronics,6,thread_group_01161,1,1,train
doc_01830,comp.windows.x,4,thread_group_01162,1,1,train
doc_01831,sci.crypt,5,thread_group_00558,5,1,train
doc_01832,sci.electronics,6,thread_group_02102,2,1,train
doc_01833,comp.windows.x,4,thread_group_01163,2,1,train
doc_01834,comp.os.ms-windows.misc,1,thread_group_01164,1,1,val
doc_01835,comp.sys.ibm.pc.hardware,2,thread_group_01165,6,1,test
doc_01836,comp.sys.ibm.pc.hardware,2,thread_group_01166,2,1,train
doc_01837,sci.crypt,5,thread_group_00118,234,1,train
doc_01838,comp.sys.ibm.pc.hardware,2,thread_group_03261,3,1,train
doc_01839,sci.electronics,6,thread_group_00096,11,1,train
doc_01840,sci.crypt,5,thread_group_00987,6,1,test
doc_01841,comp.graphics,0,thread_group_01167,1,1,test
doc_01842,comp.windows.x,4,thread_group_00264,5,1,test
doc_01843,comp.os.ms-windows.misc,1,thread_group_01168,11,1,train
doc_01844,comp.os.ms-windows.misc,1,thread_group_01169,1,1,train
doc_01845,comp.graphics,0,thread_group_01170,2,1,val
doc_01846,comp.os.ms-windows.misc,1,thread_group_01171,3,1,test
doc_01847,sci.electronics,6,thread_group_01172,1,1,train
doc_01848,comp.sys.ibm.pc.hardware,2,thread_group_01173,1,1,test
doc_01849,comp.windows.x,4,thread_group_00893,10,1,train
doc_01850,comp.graphics,0,thread_group_01174,3,1,train
doc_01851,comp.windows.x,4,thread_group_00161,8,1,train
doc_01852,sci.electronics,6,thread_group_01175,2,1,val
doc_01853,comp.windows.x,4,thread_group_01176,1,1,train
doc_01854,comp.sys.ibm.pc.hardware,2,thread_group_01177,2,1,train
doc_01855,comp.sys.ibm.pc.hardware,2,thread_group_01178,2,1,train
doc_01856,comp.windows.x,4,thread_group_01179,1,1,test
doc_01857,comp.graphics,0,thread_group_01180,1,1,train
doc_01858,comp.sys.ibm.pc.hardware,2,thread_group_01181,1,1,train
doc_01859,sci.electronics,6,thread_group_01182,1,1,train
doc_01860,sci.electronics,6,thread_group_01183,1,1,train
doc_01861,comp.os.ms-windows.misc,1,thread_group_01184,1,1,train
doc_01862,comp.os.ms-windows.misc,1,thread_group_01185,1,1,train
doc_01863,sci.electronics,6,thread_group_01186,7,1,train
doc_01864,comp.graphics,0,thread_group_01187,1,1,train
doc_01865,comp.sys.ibm.pc.hardware,2,thread_group_01188,2,1,val
doc_01866,comp.sys.ibm.pc.hardware,2,thread_group_01616,2,1,val
doc_01867,comp.windows.x,4,thread_group_03066,4,1,train
doc_01868,sci.electronics,6,thread_group_01405,2,1,test
doc_01869,sci.electronics,6,thread_group_01189,1,1,train
doc_01870,sci.electronics,6,thread_group_00487,3,1,test
doc_01871,comp.sys.mac.hardware,3,thread_group_01190,3,1,train
doc_01872,comp.graphics,0,thread_group_01191,1,1,train
doc_01873,comp.graphics,0,thread_group_01192,1,1,test
doc_01874,comp.windows.x,4,thread_group_01193,1,1,train
doc_01875,comp.sys.ibm.pc.hardware,2,thread_group_01194,3,1,train
doc_01876,sci.crypt,5,thread_group_00118,234,1,train
doc_01877,comp.sys.ibm.pc.hardware,2,thread_group_01195,1,1,train
doc_01878,sci.crypt,5,thread_group_01196,1,1,train
doc_01879,sci.crypt,5,thread_group_00260,10,1,train
doc_01880,comp.graphics,0,thread_group_01197,1,1,train
doc_01881,sci.crypt,5,thread_group_00118,234,1,train
doc_01882,sci.crypt,5,thread_group_00479,18,1,train
doc_01883,comp.sys.mac.hardware,3,thread_group_01198,3,1,val
doc_01884,comp.os.ms-windows.misc,1,thread_group_01199,1,1,val
doc_01885,comp.sys.mac.hardware,3,thread_group_01190,3,1,train
doc_01886,comp.graphics,0,thread_group_01200,2,1,train
doc_01887,comp.os.ms-windows.misc,1,thread_group_01201,1,1,train
doc_01888,sci.electronics,6,thread_group_01202,3,1,test
doc_01889,comp.sys.mac.hardware,3,thread_group_00872,13,1,test
doc_01890,comp.sys.mac.hardware,3,thread_group_01203,2,1,test
doc_01891,sci.crypt,5,thread_group_01204,3,1,test
doc_01892,comp.sys.mac.hardware,3,thread_group_00430,27,1,train
doc_01893,comp.os.ms-windows.misc,1,thread_group_01205,1,1,test
doc_01894,comp.sys.ibm.pc.hardware,2,thread_group_01206,1,1,train
doc_01895,comp.windows.x,4,thread_group_00918,14,1,train
doc_01896,comp.os.ms-windows.misc,1,thread_group_01207,1,1,val
doc_01897,comp.sys.mac.hardware,3,thread_group_01208,1,1,test
doc_01898,comp.sys.ibm.pc.hardware,2,thread_group_00659,3,1,val
doc_01899,comp.graphics,0,thread_group_00065,26,1,train
doc_01900,comp.os.ms-windows.misc,1,thread_group_00092,13,1,train
doc_01901,comp.os.ms-windows.misc,1,thread_group_01209,1,1,train
doc_01902,comp.graphics,0,thread_group_02319,19,1,train
doc_01903,sci.electronics,6,thread_group_01210,1,1,train
doc_01904,sci.crypt,5,thread_group_00136,32,1,test
doc_01905,comp.windows.x,4,thread_group_01211,1,1,train
doc_01906,sci.crypt,5,thread_group_00118,234,1,train
doc_01907,comp.sys.ibm.pc.hardware,2,thread_group_01212,1,1,train
doc_01908,comp.graphics,0,thread_group_01213,1,1,test
doc_01909,comp.os.ms-windows.misc,1,thread_group_01053,14,1,train
doc_01910,comp.sys.ibm.pc.hardware,2,thread_group_03307,2,1,val
doc_01911,comp.windows.x,4,thread_group_01214,2,1,val
doc_01912,comp.graphics,0,thread_group_01215,1,1,test
doc_01913,comp.os.ms-windows.misc,1,thread_group_01216,1,1,train
doc_01914,comp.sys.ibm.pc.hardware,2,thread_group_01217,3,1,train
doc_01915,sci.electronics,6,thread_group_01218,1,1,train
doc_01916,sci.electronics,6,thread_group_01219,1,1,train
doc_01917,comp.sys.ibm.pc.hardware,2,thread_group_01220,1,1,test
doc_01918,sci.crypt,5,thread_group_01257,10,1,train
doc_01919,comp.sys.mac.hardware,3,thread_group_00373,2,1,val
doc_01920,comp.os.ms-windows.misc,1,thread_group_02498,2,1,train
doc_01921,comp.sys.ibm.pc.hardware,2,thread_group_00250,3,1,train
doc_01922,comp.os.ms-windows.misc,1,thread_group_00419,9,1,train
doc_01923,comp.sys.mac.hardware,3,thread_group_01221,3,1,train
doc_01924,comp.windows.x,4,thread_group_01222,1,1,train
doc_01925,comp.windows.x,4,thread_group_01223,1,1,train
doc_01926,comp.windows.x,4,thread_group_01224,4,1,train
doc_01927,comp.sys.mac.hardware,3,thread_group_01225,1,1,train
doc_01928,comp.windows.x,4,thread_group_00866,3,1,train
doc_01929,comp.windows.x,4,thread_group_01226,1,1,train
doc_01930,sci.crypt,5,thread_group_00779,38,1,train
doc_01931,comp.windows.x,4,thread_group_00664,2,1,train
doc_01932,comp.windows.x,4,thread_group_01227,1,1,train
doc_01933,comp.sys.mac.hardware,3,thread_group_01228,1,1,train
doc_01934,comp.sys.ibm.pc.hardware,2,thread_group_00555,3,1,test
doc_01935,comp.sys.ibm.pc.hardware,2,thread_group_03836,2,1,train
doc_01936,comp.sys.ibm.pc.hardware,2,thread_group_01229,1,1,train
doc_01937,comp.sys.mac.hardware,3,thread_group_01230,1,1,test
doc_01938,comp.os.ms-windows.misc,1,thread_group_01231,1,1,train
doc_01939,sci.crypt,5,thread_group_00231,47,1,val
doc_01940,comp.os.ms-windows.misc,1,thread_group_01009,4,1,train
doc_01941,comp.os.ms-windows.misc,1,thread_group_01232,1,1,train
doc_01942,sci.crypt,5,thread_group_01233,1,1,test
doc_01943,comp.graphics,0,thread_group_01234,1,1,val
doc_01944,comp.graphics,0,thread_group_01235,1,1,train
doc_01945,comp.windows.x,4,thread_group_01236,3,1,val
doc_01946,comp.graphics,0,thread_group_02801,2,1,train
doc_01947,sci.electronics,6,thread_group_00309,7,1,train
doc_01948,comp.os.ms-windows.misc,1,thread_group_01237,1,1,train
doc_01949,comp.sys.ibm.pc.hardware,2,thread_group_01238,1,1,train
doc_01950,sci.electronics,6,thread_group_01239,1,1,train
doc_01951,comp.sys.ibm.pc.hardware,2,thread_group_01240,1,1,train
doc_01952,sci.crypt,5,thread_group_00391,31,1,train
doc_01953,sci.electronics,6,thread_group_00550,13,1,test
doc_01954,comp.sys.ibm.pc.hardware,2,thread_group_01241,2,1,test
doc_01955,comp.graphics,0,thread_group_00928,11,1,train
doc_01956,comp.os.ms-windows.misc,1,thread_group_01242,1,1,train
doc_01957,sci.crypt,5,thread_group_01243,7,1,train
doc_01958,comp.windows.x,4,thread_group_01244,1,1,test
doc_01959,sci.electronics,6,thread_group_03797,3,1,train
doc_01960,sci.electronics,6,thread_group_02953,2,1,train
doc_01961,comp.sys.mac.hardware,3,thread_group_01245,1,1,train
doc_01962,comp.graphics,0,thread_group_01246,1,1,train
doc_01963,comp.windows.x,4,thread_group_01247,14,1,train
doc_01964,comp.sys.ibm.pc.hardware,2,thread_group_03247,2,1,val
doc_01965,sci.crypt,5,thread_group_00779,38,1,train
doc_01966,comp.os.ms-windows.misc,1,thread_group_01248,1,1,train
doc_01967,comp.sys.mac.hardware,3,thread_group_01249,1,1,train
doc_01968,sci.crypt,5,thread_group_01250,1,1,train
doc_01969,comp.windows.x,4,thread_group_01251,1,1,train
doc_01970,comp.sys.ibm.pc.hardware,2,thread_group_01529,2,1,val
doc_01971,comp.sys.ibm.pc.hardware,2,thread_group_01252,1,1,train
doc_01972,comp.os.ms-windows.misc,1,thread_group_01253,1,1,train
doc_01973,comp.sys.mac.hardware,3,thread_group_01254,1,1,train
doc_01974,sci.electronics,6,thread_group_01255,2,1,test
doc_01975,comp.windows.x,4,thread_group_01408,3,1,train
doc_01976,comp.os.ms-windows.misc,1,thread_group_01256,2,1,train
doc_01977,sci.crypt,5,thread_group_00118,234,1,train
doc_01978,sci.crypt,5,thread_group_01257,10,1,train
doc_01979,sci.electronics,6,thread_group_01258,1,1,train
doc_01980,comp.windows.x,4,thread_group_01259,1,1,val
doc_01981,comp.sys.ibm.pc.hardware,2,thread_group_01260,2,1,train
doc_01982,comp.graphics,0,thread_group_01261,1,1,train
doc_01983,comp.sys.mac.hardware,3,thread_group_01262,1,1,train
doc_01984,comp.windows.x,4,thread_group_01263,1,1,train
doc_01985,sci.electronics,6,thread_group_00721,7,1,train
doc_01986,comp.windows.x,4,thread_group_01264,1,1,train
doc_01987,comp.graphics,0,thread_group_01265,7,1,train
doc_01988,comp.graphics,0,thread_group_01266,1,1,train
doc_01989,comp.sys.ibm.pc.hardware,2,thread_group_01267,1,1,train
doc_01990,sci.electronics,6,thread_group_01268,1,1,train
doc_01991,comp.os.ms-windows.misc,1,thread_group_01709,2,1,test
doc_01992,comp.os.ms-windows.misc,1,thread_group_01269,1,1,train
doc_01993,comp.graphics,0,thread_group_01270,1,1,train
doc_01994,sci.crypt,5,thread_group_02627,13,1,val
doc_01995,comp.sys.mac.hardware,3,thread_group_00367,10,1,val
doc_01996,comp.sys.ibm.pc.hardware,2,thread_group_01271,1,1,train
doc_01997,comp.windows.x,4,thread_group_01272,1,1,test
doc_01998,comp.sys.ibm.pc.hardware,2,thread_group_01273,1,1,train
doc_01999,comp.sys.mac.hardware,3,thread_group_01274,1,1,test
doc_02000,comp.sys.ibm.pc.hardware,2,thread_group_01275,1,1,train
doc_02001,comp.graphics,0,thread_group_01276,1,1,train
doc_02002,comp.sys.ibm.pc.hardware,2,thread_group_00570,4,1,train
doc_02003,comp.os.ms-windows.misc,1,thread_group_03196,2,1,train
doc_02004,comp.windows.x,4,thread_group_01277,1,1,val
doc_02005,comp.sys.ibm.pc.hardware,2,thread_group_02737,2,1,train
doc_02006,comp.sys.ibm.pc.hardware,2,thread_group_00665,4,1,train
doc_02007,comp.windows.x,4,thread_group_01278,2,1,train
doc_02008,comp.os.ms-windows.misc,1,thread_group_01279,1,1,test
doc_02009,comp.graphics,0,thread_group_01280,1,1,train
doc_02010,comp.sys.ibm.pc.hardware,2,thread_group_01281,3,1,val
doc_02011,comp.windows.x,4,thread_group_01247,14,1,train
doc_02012,sci.crypt,5,thread_group_00118,234,1,train
doc_02013,sci.electronics,6,thread_group_01039,8,1,train
doc_02014,comp.sys.mac.hardware,3,thread_group_01282,1,1,val
doc_02015,sci.crypt,5,thread_group_00118,234,1,train
doc_02016,comp.graphics,0,thread_group_01283,1,1,val
doc_02017,comp.windows.x,4,thread_group_01284,4,1,train
doc_02018,comp.os.ms-windows.misc,1,thread_group_00539,2,1,test
doc_02019,sci.crypt,5,thread_group_00118,234,1,train
doc_02020,comp.os.ms-windows.misc,1,thread_group_01285,1,1,train
doc_02021,comp.sys.mac.hardware,3,thread_group_02757,2,1,val
doc_02022,comp.os.ms-windows.misc,1,thread_group_01286,1,1,train
doc_02023,sci.electronics,6,thread_group_00288,8,1,train
doc_02024,comp.os.ms-windows.misc,1,thread_group_00092,13,1,train
doc_02025,comp.sys.ibm.pc.hardware,2,thread_group_01287,1,1,train
doc_02026,comp.windows.x,4,thread_group_02025,2,1,train
doc_02027,sci.crypt,5,thread_group_00427,6,1,train
doc_02028,sci.crypt,5,thread_group_01288,1,1,test
doc_02029,comp.sys.ibm.pc.hardware,2,thread_group_01539,3,1,test
doc_02030,sci.crypt,5,thread_group_00336,6,1,train
doc_02031,sci.electronics,6,thread_group_00076,3,1,train
doc_02032,sci.electronics,6,thread_group_01289,1,1,train
doc_02033,sci.electronics,6,thread_group_00886,8,1,train
doc_02034,comp.graphics,0,thread_group_00522,11,1,train
doc_02035,comp.os.ms-windows.misc,1,thread_group_01290,3,1,train
doc_02036,sci.crypt,5,thread_group_01291,1,1,train
doc_02037,comp.os.ms-windows.misc,1,thread_group_01292,2,1,train
doc_02038,sci.crypt,5,thread_group_01293,1,1,train
doc_02039,comp.windows.x,4,thread_group_01294,1,1,train
doc_02040,comp.sys.mac.hardware,3,thread_group_01295,1,1,val
doc_02041,comp.os.ms-windows.misc,1,thread_group_01296,1,1,train
doc_02042,comp.graphics,0,thread_group_01297,1,1,test
doc_02043,comp.windows.x,4,thread_group_01247,14,1,train
doc_02044,comp.windows.x,4,thread_group_02402,4,1,train
doc_02045,comp.sys.ibm.pc.hardware,2,thread_group_01298,1,1,train
doc_02046,comp.sys.ibm.pc.hardware,2,thread_group_03334,2,1,train
doc_02047,comp.graphics,0,thread_group_01299,1,1,train
doc_02048,comp.graphics,0,thread_group_00514,6,1,train
doc_02049,comp.windows.x,4,thread_group_01300,1,1,test
doc_02050,comp.sys.mac.hardware,3,thread_group_01301,1,1,test
doc_02051,comp.graphics,0,thread_group_01302,1,1,train
doc_02052,sci.crypt,5,thread_group_01303,1,1,train
doc_02053,sci.electronics,6,thread_group_01304,1,1,train
doc_02054,comp.sys.ibm.pc.hardware,2,thread_group_01305,1,1,val
doc_02055,sci.crypt,5,thread_group_00118,234,1,train
doc_02056,comp.windows.x,4,thread_group_01306,1,1,train
doc_02057,sci.crypt,5,thread_group_00557,2,1,train
doc_02058,comp.os.ms-windows.misc,1,thread_group_00230,3,1,test
doc_02059,comp.sys.mac.hardware,3,thread_group_01307,1,1,train
doc_02060,comp.windows.x,4,thread_group_01308,2,1,val
doc_02061,comp.windows.x,4,thread_group_01309,1,1,train
doc_02062,comp.sys.ibm.pc.hardware,2,thread_group_01310,1,1,train
doc_02063,sci.crypt,5,thread_group_01311,1,1,train
doc_02064,comp.graphics,0,thread_group_01312,8,1,train
doc_02065,comp.sys.ibm.pc.hardware,2,thread_group_01313,1,1,val
doc_02066,sci.crypt,5,thread_group_00118,234,1,train
doc_02067,comp.os.ms-windows.misc,1,thread_group_01314,3,1,train
doc_02068,comp.os.ms-windows.misc,1,thread_group_00088,7,1,train
doc_02069,comp.sys.mac.hardware,3,thread_group_01315,1,1,test
doc_02070,comp.windows.x,4,thread_group_01316,3,1,train
doc_02071,comp.sys.mac.hardware,3,thread_group_01317,2,1,test
doc_02072,comp.windows.x,4,thread_group_01318,1,1,train
doc_02073,sci.crypt,5,thread_group_01319,1,1,val
doc_02074,comp.os.ms-windows.misc,1,thread_group_01746,7,1,train
doc_02075,comp.os.ms-windows.misc,1,thread_group_00377,6,1,val
doc_02076,comp.sys.mac.hardware,3,thread_group_01320,1,1,test
doc_02077,comp.sys.mac.hardware,3,thread_group_01321,1,1,val
doc_02078,sci.electronics,6,thread_group_00324,19,1,val
doc_02079,comp.os.ms-windows.misc,1,thread_group_02991,2,1,train
doc_02080,comp.windows.x,4,thread_group_01322,3,1,val
doc_02081,comp.os.ms-windows.misc,1,thread_group_01323,2,1,train
doc_02082,comp.windows.x,4,thread_group_01324,1,1,val
doc_02083,comp.os.ms-windows.misc,1,thread_group_01325,5,1,train
doc_02084,comp.graphics,0,thread_group_02319,19,1,train
doc_02085,comp.sys.mac.hardware,3,thread_group_01326,1,1,train
doc_02086,comp.windows.x,4,thread_group_01327,1,1,train
doc_02087,comp.sys.ibm.pc.hardware,2,thread_group_01328,1,1,train
doc_02088,comp.graphics,0,thread_group_01329,1,1,train
doc_02089,comp.sys.mac.hardware,3,thread_group_01330,1,1,test
doc_02090,sci.electronics,6,thread_group_00509,46,1,train
doc_02091,sci.crypt,5,thread_group_00231,47,1,val
doc_02092,comp.sys.ibm.pc.hardware,2,thread_group_01331,2,1,train
doc_02093,comp.graphics,0,thread_group_01332,1,1,train
doc_02094,comp.sys.mac.hardware,3,thread_group_00527,6,1,test
doc_02095,comp.os.ms-windows.misc,1,thread_group_02548,2,1,train
doc_02096,comp.windows.x,4,thread_group_01316,3,1,train
doc_02097,comp.graphics,0,thread_group_00065,26,1,train
doc_02098,comp.os.ms-windows.misc,1,thread_group_00212,7,1,train
doc_02099,comp.windows.x,4,thread_group_01333,4,1,train
doc_02100,comp.sys.ibm.pc.hardware,2,thread_group_00838,9,1,train
doc_02101,sci.electronics,6,thread_group_00509,46,1,train
doc_02102,comp.sys.mac.hardware,3,thread_group_00367,10,1,val
doc_02103,sci.electronics,6,thread_group_00550,13,1,test
doc_02104,comp.windows.x,4,thread_group_01334,1,1,test
doc_02105,comp.os.ms-windows.misc,1,thread_group_01335,1,1,val
doc_02106,comp.sys.ibm.pc.hardware,2,thread_group_00268,10,1,val
doc_02107,comp.sys.mac.hardware,3,thread_group_01336,1,1,train
doc_02108,sci.crypt,5,thread_group_00118,234,1,train
doc_02109,comp.windows.x,4,thread_group_01337,1,1,train
doc_02110,comp.windows.x,4,thread_group_01338,1,1,train
doc_02111,comp.os.ms-windows.misc,1,thread_group_01420,2,1,train
doc_02112,comp.graphics,0,thread_group_00707,2,1,val
doc_02113,sci.crypt,5,thread_group_00118,234,1,train
doc_02114,comp.windows.x,4,thread_group_00161,8,1,train
doc_02115,comp.sys.ibm.pc.hardware,2,thread_group_01339,3,1,train
doc_02116,sci.crypt,5,thread_group_01340,3,1,train
doc_02117,comp.sys.mac.hardware,3,thread_group_01341,7,1,train
doc_02118,comp.windows.x,4,thread_group_01342,1,1,train
doc_02119,comp.os.ms-windows.misc,1,thread_group_01343,1,1,train
doc_02120,comp.os.ms-windows.misc,1,thread_group_00879,2,1,test
doc_02121,comp.windows.x,4,thread_group_01344,1,1,train
doc_02122,comp.sys.mac.hardware,3,thread_group_01345,1,1,train
doc_02123,comp.windows.x,4,thread_group_00609,7,1,test
doc_02124,comp.graphics,0,thread_group_01346,1,1,test
doc_02125,sci.electronics,6,thread_group_02275,21,1,train
doc_02126,sci.crypt,5,thread_group_00149,10,1,train
doc_02127,comp.graphics,0,thread_group_03222,2,1,train
doc_02128,comp.os.ms-windows.misc,1,thread_group_01347,4,1,train
doc_02129,comp.sys.ibm.pc.hardware,2,thread_group_00667,5,1,test
doc_02130,comp.windows.x,4,thread_group_01348,1,1,train
doc_02131,comp.sys.mac.hardware,3,thread_group_01349,2,1,train
doc_02132,comp.windows.x,4,thread_group_00893,10,1,train
doc_02133,comp.windows.x,4,thread_group_01350,1,1,train
doc_02134,comp.sys.mac.hardware,3,thread_group_01351,2,1,train
doc_02135,comp.graphics,0,thread_group_00065,26,1,train
doc_02136,sci.electronics,6,thread_group_02297,3,1,test
doc_02137,comp.sys.ibm.pc.hardware,2,thread_group_01715,2,1,train
doc_02138,comp.os.ms-windows.misc,1,thread_group_01352,1,1,val
doc_02139,comp.graphics,0,thread_group_02517,3,1,train
doc_02140,comp.sys.mac.hardware,3,thread_group_01341,7,1,train
doc_02141,comp.graphics,0,thread_group_01353,3,1,train
doc_02142,sci.crypt,5,thread_group_01354,1,1,test
doc_02143,comp.graphics,0,thread_group_02168,5,1,train
doc_02144,sci.crypt,5,thread_group_02627,13,1,val
doc_02145,sci.electronics,6,thread_group_00798,4,1,val
doc_02146,comp.windows.x,4,thread_group_00161,8,1,train
doc_02147,sci.crypt,5,thread_group_01257,10,1,train
doc_02148,sci.electronics,6,thread_group_01355,1,1,train
doc_02149,sci.crypt,5,thread_group_01356,1,1,train
doc_02150,comp.sys.mac.hardware,3,thread_group_01357,1,1,train
doc_02151,comp.os.ms-windows.misc,1,thread_group_01358,1,1,train
doc_02152,sci.electronics,6,thread_group_01359,3,1,train
doc_02153,comp.graphics,0,thread_group_01360,2,1,test
doc_02154,sci.crypt,5,thread_group_00224,14,1,train
doc_02155,comp.sys.mac.hardware,3,thread_group_01361,2,1,test
doc_02156,comp.sys.ibm.pc.hardware,2,thread_group_00647,2,1,train
doc_02157,comp.windows.x,4,thread_group_01362,1,1,train
doc_02158,comp.os.ms-windows.misc,1,thread_group_01363,1,1,train
doc_02159,comp.os.ms-windows.misc,1,thread_group_01364,1,1,train
doc_02160,comp.windows.x,4,thread_group_01365,1,1,train
doc_02161,sci.crypt,5,thread_group_00320,8,1,train
doc_02162,comp.sys.ibm.pc.hardware,2,thread_group_01366,1,1,train
doc_02163,sci.electronics,6,thread_group_01367,1,1,train
doc_02164,comp.sys.ibm.pc.hardware,2,thread_group_01368,1,1,train
doc_02165,sci.electronics,6,thread_group_01369,1,1,train
doc_02166,comp.os.ms-windows.misc,1,thread_group_01370,1,1,train
doc_02167,sci.electronics,6,thread_group_01371,1,1,train
doc_02168,sci.electronics,6,thread_group_02395,4,1,train
doc_02169,comp.sys.ibm.pc.hardware,2,thread_group_01117,3,1,train
doc_02170,comp.sys.mac.hardware,3,thread_group_01372,1,1,val
doc_02171,comp.windows.x,4,thread_group_01373,1,1,val
doc_02172,comp.sys.mac.hardware,3,thread_group_01374,1,1,train
doc_02173,comp.windows.x,4,thread_group_01375,2,1,val
doc_02174,comp.sys.mac.hardware,3,thread_group_01376,1,1,train
doc_02175,comp.sys.mac.hardware,3,thread_group_00404,11,1,train
doc_02176,sci.crypt,5,thread_group_00118,234,1,train
doc_02177,sci.electronics,6,thread_group_01377,1,1,val
doc_02178,comp.os.ms-windows.misc,1,thread_group_01378,1,1,test
doc_02179,comp.sys.ibm.pc.hardware,2,thread_group_02412,3,1,train
doc_02180,comp.sys.mac.hardware,3,thread_group_02076,2,1,train
doc_02181,sci.electronics,6,thread_group_01379,3,1,train
doc_02182,sci.electronics,6,thread_group_01380,1,1,train
doc_02183,sci.crypt,5,thread_group_00118,234,1,train
doc_02184,comp.os.ms-windows.misc,1,thread_group_01171,3,1,test
doc_02185,comp.graphics,0,thread_group_01083,20,1,train
doc_02186,comp.sys.mac.hardware,3,thread_group_01381,1,1,train
doc_02187,comp.sys.ibm.pc.hardware,2,thread_group_01382,2,1,train
doc_02188,comp.graphics,0,thread_group_03529,2,1,test
doc_02189,comp.windows.x,4,thread_group_01383,1,1,train
doc_02190,comp.graphics,0,thread_group_00522,11,1,train
doc_02191,comp.graphics,0,thread_group_01384,1,1,train
doc_02192,comp.os.ms-windows.misc,1,thread_group_03329,3,1,test
doc_02193,comp.sys.ibm.pc.hardware,2,thread_group_02871,3,1,train
doc_02194,comp.sys.mac.hardware,3,thread_group_01385,1,1,train
doc_02195,comp.sys.ibm.pc.hardware,2,thread_group_01386,1,1,train
doc_02196,comp.graphics,0,thread_group_01387,1,1,train
doc_02197,sci.electronics,6,thread_group_01388,1,1,val
doc_02198,sci.electronics,6,thread_group_01359,3,1,train
doc_02199,comp.graphics,0,thread_group_01389,1,1,train
doc_02200,comp.os.ms-windows.misc,1,thread_group_01390,1,1,train
doc_02201,sci.electronics,6,thread_group_01391,1,1,train
doc_02202,comp.sys.ibm.pc.hardware,2,thread_group_01392,1,1,train
doc_02203,comp.sys.ibm.pc.hardware,2,thread_group_00744,5,1,train
doc_02204,comp.windows.x,4,thread_group_01393,5,1,val
doc_02205,comp.os.ms-windows.misc,1,thread_group_01394,1,1,test
doc_02206,sci.crypt,5,thread_group_00118,234,1,train
doc_02207,sci.crypt,5,thread_group_01395,1,1,train
doc_02208,sci.crypt,5,thread_group_00171,6,1,train
doc_02209,comp.sys.ibm.pc.hardware,2,thread_group_00530,5,1,train
doc_02210,sci.crypt,5,thread_group_00118,234,1,train
doc_02211,comp.windows.x,4,thread_group_01396,1,1,train
doc_02212,comp.graphics,0,thread_group_00134,4,1,train
doc_02213,comp.sys.ibm.pc.hardware,2,thread_group_01397,1,1,train
doc_02214,comp.sys.mac.hardware,3,thread_group_01398,3,1,test
doc_02215,sci.electronics,6,thread_group_01016,8,1,val
doc_02216,sci.electronics,6,thread_group_01399,1,1,train
doc_02217,sci.crypt,5,thread_group_00477,8,1,train
doc_02218,comp.sys.mac.hardware,3,thread_group_01400,2,1,train
doc_02219,comp.sys.mac.hardware,3,thread_group_01401,1,1,test
doc_02220,sci.electronics,6,thread_group_00861,3,1,test
doc_02221,comp.sys.ibm.pc.hardware,2,thread_group_01339,3,1,train
doc_02222,sci.crypt,5,thread_group_00231,47,1,val
doc_02223,comp.graphics,0,thread_group_02319,19,1,train
doc_02224,comp.os.ms-windows.misc,1,thread_group_01402,1,1,train
doc_02225,comp.windows.x,4,thread_group_02547,2,1,train
doc_02226,sci.electronics,6,thread_group_00255,17,1,train
doc_02227,comp.os.ms-windows.misc,1,thread_group_01403,1,1,val
doc_02228,comp.sys.mac.hardware,3,thread_group_01404,2,1,train
doc_02229,sci.electronics,6,thread_group_01405,2,1,test
doc_02230,comp.graphics,0,thread_group_01406,1,1,train
doc_02231,comp.os.ms-windows.misc,1,thread_group_01168,11,1,train
doc_02232,comp.windows.x,4,thread_group_01407,1,1,train
doc_02233,comp.windows.x,4,thread_group_01408,3,1,train
doc_02234,comp.sys.ibm.pc.hardware,2,thread_group_01409,1,1,val
doc_02235,comp.sys.mac.hardware,3,thread_group_01094,2,1,train
doc_02236,comp.windows.x,4,thread_group_01410,1,1,train
doc_02237,comp.sys.mac.hardware,3,thread_group_00404,11,1,train
doc_02238,comp.sys.mac.hardware,3,thread_group_01411,1,1,train
doc_02239,comp.os.ms-windows.misc,1,thread_group_01412,1,1,train
doc_02240,sci.electronics,6,thread_group_01413,2,1,train
doc_02241,comp.os.ms-windows.misc,1,thread_group_01053,14,1,train
doc_02242,sci.crypt,5,thread_group_00320,8,1,train
doc_02243,sci.crypt,5,thread_group_01414,1,1,test
doc_02244,sci.electronics,6,thread_group_00682,7,1,train
doc_02245,comp.windows.x,4,thread_group_01415,2,1,train
doc_02246,comp.sys.ibm.pc.hardware,2,thread_group_01416,1,1,train
doc_02247,sci.crypt,5,thread_group_01417,1,1,val
doc_02248,comp.windows.x,4,thread_group_01418,1,1,train
doc_02249,sci.crypt,5,thread_group_00084,27,1,test
doc_02250,comp.sys.ibm.pc.hardware,2,thread_group_01419,1,1,train
doc_02251,sci.electronics,6,thread_group_01186,7,1,train
doc_02252,comp.os.ms-windows.misc,1,thread_group_01420,2,1,train
doc_02253,sci.crypt,5,thread_group_00118,234,1,train
doc_02254,comp.sys.mac.hardware,3,thread_group_00576,4,1,train
doc_02255,comp.windows.x,4,thread_group_01720,3,1,train
doc_02256,comp.sys.ibm.pc.hardware,2,thread_group_00113,3,1,train
doc_02257,sci.crypt,5,thread_group_00568,5,1,train
doc_02258,comp.os.ms-windows.misc,1,thread_group_01421,4,1,train
doc_02259,sci.electronics,6,thread_group_00509,46,1,train
doc_02260,comp.os.ms-windows.misc,1,thread_group_01048,3,1,train
doc_02261,comp.sys.ibm.pc.hardware,2,thread_group_01422,1,1,val
doc_02262,comp.os.ms-windows.misc,1,thread_group_02370,3,1,test
doc_02263,sci.crypt,5,thread_group_01029,7,1,train
doc_02264,comp.graphics,0,thread_group_01423,1,1,train
doc_02265,sci.electronics,6,thread_group_01424,3,1,train
doc_02266,sci.crypt,5,thread_group_00118,234,1,train
doc_02267,sci.crypt,5,thread_group_01425,3,1,train
doc_02268,comp.graphics,0,thread_group_02249,4,1,train
doc_02269,sci.crypt,5,thread_group_01426,1,1,val
doc_02270,sci.electronics,6,thread_group_00069,11,1,val
doc_02271,sci.electronics,6,thread_group_00309,7,1,train
doc_02272,comp.sys.mac.hardware,3,thread_group_01427,1,1,train
doc_02273,comp.sys.mac.hardware,3,thread_group_01428,1,1,train
doc_02274,comp.windows.x,4,thread_group_01429,1,1,train
doc_02275,comp.graphics,0,thread_group_00939,2,1,test
doc_02276,comp.windows.x,4,thread_group_01430,1,1,val
doc_02277,sci.crypt,5,thread_group_00779,38,1,train
doc_02278,comp.sys.mac.hardware,3,thread_group_00642,3,1,train
doc_02279,comp.os.ms-windows.misc,1,thread_group_00103,2,1,val
doc_02280,sci.electronics,6,thread_group_03612,2,1,train
doc_02281,comp.graphics,0,thread_group_00025,5,1,train
doc_02282,comp.sys.mac.hardware,3,thread_group_01431,1,1,train
doc_02283,sci.electronics,6,thread_group_01432,1,1,train
doc_02284,comp.windows.x,4,thread_group_01433,1,1,train
doc_02285,sci.electronics,6,thread_group_01434,1,1,train
doc_02286,sci.electronics,6,thread_group_01435,1,1,test
doc_02287,sci.crypt,5,thread_group_00479,18,1,train
doc_02288,comp.graphics,0,thread_group_01436,1,1,test
doc_02289,comp.sys.mac.hardware,3,thread_group_02234,2,1,train
doc_02290,comp.windows.x,4,thread_group_01437,1,1,train
doc_02291,sci.electronics,6,thread_group_01438,1,1,train
doc_02292,sci.crypt,5,thread_group_00231,47,1,val
doc_02293,sci.crypt,5,thread_group_00231,47,1,val
doc_02294,comp.sys.ibm.pc.hardware,2,thread_group_01439,1,1,test
doc_02295,sci.electronics,6,thread_group_01440,1,1,test
doc_02296,comp.sys.ibm.pc.hardware,2,thread_group_01441,1,1,train
doc_02297,comp.sys.mac.hardware,3,thread_group_01442,1,1,train
doc_02298,comp.windows.x,4,thread_group_01443,1,1,train
doc_02299,comp.os.ms-windows.misc,1,thread_group_01444,1,1,train
doc_02300,comp.graphics,0,thread_group_01445,1,1,train
doc_02301,sci.crypt,5,thread_group_00084,27,1,test
doc_02302,comp.os.ms-windows.misc,1,thread_group_01446,1,1,train
doc_02303,sci.electronics,6,thread_group_00255,17,1,train
doc_02304,sci.crypt,5,thread_group_01447,2,1,test
doc_02305,sci.crypt,5,thread_group_02717,14,1,train
doc_02306,comp.graphics,0,thread_group_00065,26,1,train
doc_02307,comp.sys.mac.hardware,3,thread_group_01448,1,1,train
doc_02308,comp.sys.mac.hardware,3,thread_group_00243,9,1,train
doc_02309,comp.graphics,0,thread_group_00065,26,1,train
doc_02310,sci.electronics,6,thread_group_02105,2,1,train
doc_02311,comp.os.ms-windows.misc,1,thread_group_01449,1,1,train
doc_02312,sci.electronics,6,thread_group_01450,1,1,train
doc_02313,comp.os.ms-windows.misc,1,thread_group_01451,1,1,test
doc_02314,sci.electronics,6,thread_group_00733,3,1,train
doc_02315,comp.windows.x,4,thread_group_01452,1,1,train
doc_02316,sci.crypt,5,thread_group_01453,1,1,train
doc_02317,comp.windows.x,4,thread_group_01454,1,1,train
doc_02318,sci.electronics,6,thread_group_00469,5,1,train
doc_02319,comp.sys.mac.hardware,3,thread_group_00430,27,1,train
doc_02320,sci.electronics,6,thread_group_01455,3,1,train
doc_02321,sci.electronics,6,thread_group_00340,5,1,val
doc_02322,comp.sys.ibm.pc.hardware,2,thread_group_01456,1,1,train
doc_02323,comp.sys.ibm.pc.hardware,2,thread_group_01281,3,1,val
doc_02324,comp.graphics,0,thread_group_01457,1,1,train
doc_02325,comp.graphics,0,thread_group_01458,1,1,val
doc_02326,sci.electronics,6,thread_group_00096,11,1,train
doc_02327,comp.windows.x,4,thread_group_01459,1,1,test
doc_02328,comp.os.ms-windows.misc,1,thread_group_00011,4,1,test
doc_02329,sci.electronics,6,thread_group_00655,3,1,train
doc_02330,comp.sys.ibm.pc.hardware,2,thread_group_01460,1,1,train
doc_02331,comp.windows.x,4,thread_group_00893,10,1,train
doc_02332,comp.sys.mac.hardware,3,thread_group_01461,4,1,train
doc_02333,sci.crypt,5,thread_group_00224,14,1,train
doc_02334,sci.crypt,5,thread_group_00118,234,1,train
doc_02335,sci.electronics,6,thread_group_01462,1,1,test
doc_02336,sci.electronics,6,thread_group_01463,2,1,val
doc_02337,sci.electronics,6,thread_group_01186,7,1,train
doc_02338,comp.sys.mac.hardware,3,thread_group_01464,3,1,train
doc_02339,comp.sys.mac.hardware,3,thread_group_01465,1,1,train
doc_02340,sci.electronics,6,thread_group_01202,3,1,test
doc_02341,comp.os.ms-windows.misc,1,thread_group_01466,5,1,test
doc_02342,comp.sys.mac.hardware,3,thread_group_00906,6,1,train
doc_02343,comp.graphics,0,thread_group_03249,2,1,train
doc_02344,comp.graphics,0,thread_group_00857,3,1,val
doc_02345,sci.crypt,5,thread_group_00118,234,1,train
doc_02346,comp.sys.mac.hardware,3,thread_group_00454,3,1,train
doc_02347,sci.crypt,5,thread_group_00136,32,1,test
doc_02348,comp.graphics,0,thread_group_00928,11,1,train
doc_02349,comp.os.ms-windows.misc,1,thread_group_01467,1,1,train
doc_02350,comp.graphics,0,thread_group_01468,4,1,train
doc_02351,comp.graphics,0,thread_group_01469,1,1,train
doc_02352,comp.os.ms-windows.misc,1,thread_group_01470,1,1,train
doc_02353,sci.electronics,6,thread_group_01471,1,1,test
doc_02354,sci.crypt,5,thread_group_00479,18,1,train
doc_02355,comp.os.ms-windows.misc,1,thread_group_01472,1,1,train
doc_02356,comp.windows.x,4,thread_group_01473,3,1,train
doc_02357,sci.crypt,5,thread_group_00231,47,1,val
doc_02358,comp.sys.mac.hardware,3,thread_group_01474,3,1,val
doc_02359,sci.electronics,6,thread_group_00615,6,1,train
doc_02360,comp.os.ms-windows.misc,1,thread_group_01475,1,1,train
doc_02361,comp.graphics,0,thread_group_00046,3,1,train
doc_02362,comp.sys.ibm.pc.hardware,2,thread_group_01476,1,1,val
doc_02363,comp.os.ms-windows.misc,1,thread_group_00321,11,1,val
doc_02364,comp.graphics,0,thread_group_01477,1,1,val
doc_02365,sci.electronics,6,thread_group_01478,1,1,train
doc_02366,comp.sys.mac.hardware,3,thread_group_00240,3,1,train
doc_02367,comp.graphics,0,thread_group_01479,2,1,train
doc_02368,sci.crypt,5,thread_group_01480,2,1,train
doc_02369,comp.sys.ibm.pc.hardware,2,thread_group_01481,1,1,train
doc_02370,comp.windows.x,4,thread_group_01482,1,1,test
doc_02371,comp.sys.ibm.pc.hardware,2,thread_group_01483,1,1,train
doc_02372,sci.crypt,5,thread_group_00118,234,1,train
doc_02373,comp.sys.ibm.pc.hardware,2,thread_group_01484,1,1,train
doc_02374,sci.crypt,5,thread_group_01485,1,1,train
doc_02375,comp.sys.ibm.pc.hardware,2,thread_group_01486,1,1,train
doc_02376,comp.sys.ibm.pc.hardware,2,thread_group_01177,2,1,train
doc_02377,sci.electronics,6,thread_group_02707,2,1,test
doc_02378,comp.os.ms-windows.misc,1,thread_group_01487,1,1,train
doc_02379,comp.sys.ibm.pc.hardware,2,thread_group_01488,1,1,train
doc_02380,comp.os.ms-windows.misc,1,thread_group_01116,6,1,train
doc_02381,sci.electronics,6,thread_group_01103,2,1,train
doc_02382,comp.sys.mac.hardware,3,thread_group_01489,1,1,train
doc_02383,comp.os.ms-windows.misc,1,thread_group_01490,1,1,train
doc_02384,comp.graphics,0,thread_group_02638,2,1,test
doc_02385,sci.electronics,6,thread_group_00550,13,1,test
doc_02386,comp.sys.mac.hardware,3,thread_group_01491,1,1,val
doc_02387,comp.sys.mac.hardware,3,thread_group_01492,2,1,val
doc_02388,comp.sys.ibm.pc.hardware,2,thread_group_02466,2,1,train
doc_02389,comp.sys.ibm.pc.hardware,2,thread_group_01493,1,1,train
doc_02390,comp.graphics,0,thread_group_01494,1,1,train
doc_02391,comp.sys.ibm.pc.hardware,2,thread_group_03505,2,1,train
doc_02392,sci.electronics,6,thread_group_00559,5,1,train
doc_02393,comp.sys.ibm.pc.hardware,2,thread_group_01495,1,1,train
doc_02394,comp.sys.mac.hardware,3,thread_group_01496,1,1,train
doc_02395,comp.windows.x,4,thread_group_01497,1,1,test
doc_02396,comp.os.ms-windows.misc,1,thread_group_03159,2,1,val
doc_02397,comp.sys.ibm.pc.hardware,2,thread_group_01122,7,1,test
doc_02398,sci.crypt,5,thread_group_01498,1,1,train
doc_02399,comp.sys.mac.hardware,3,thread_group_01499,1,1,train
doc_02400,comp.graphics,0,thread_group_01500,1,1,train
doc_02401,comp.graphics,0,thread_group_01501,1,1,train
doc_02402,comp.windows.x,4,thread_group_01502,1,1,train
doc_02403,sci.crypt,5,thread_group_01503,4,1,val
doc_02404,sci.electronics,6,thread_group_01504,1,1,train
doc_02405,sci.crypt,5,thread_group_00131,9,1,test
doc_02406,comp.os.ms-windows.misc,1,thread_group_02324,2,1,test
doc_02407,sci.electronics,6,thread_group_01505,1,1,train
doc_02408,sci.electronics,6,thread_group_00060,3,1,train
doc_02409,comp.sys.mac.hardware,3,thread_group_00519,5,1,val
doc_02410,sci.electronics,6,thread_group_01506,1,1,train
doc_02411,comp.sys.mac.hardware,3,thread_group_02659,2,1,train
doc_02412,comp.os.ms-windows.misc,1,thread_group_01290,3,1,train
doc_02413,comp.sys.ibm.pc.hardware,2,thread_group_00055,8,1,train
doc_02414,sci.crypt,5,thread_group_01642,16,1,val
doc_02415,sci.electronics,6,thread_group_01507,2,1,train
doc_02416,sci.electronics,6,thread_group_02590,2,1,train
doc_02417,comp.os.ms-windows.misc,1,thread_group_00628,2,1,train
doc_02418,sci.electronics,6,thread_group_00069,11,1,val
doc_02419,comp.sys.mac.hardware,3,thread_group_00243,9,1,train
doc_02420,comp.graphics,0,thread_group_01508,1,1,train
doc_02421,comp.sys.mac.hardware,3,thread_group_00430,27,1,train
doc_02422,comp.graphics,0,thread_group_01509,1,1,train
doc_02423,comp.windows.x,4,thread_group_01510,3,1,test
doc_02424,comp.os.ms-windows.misc,1,thread_group_01511,1,1,train
doc_02425,comp.sys.mac.hardware,3,thread_group_03292,2,1,test
doc_02426,comp.sys.mac.hardware,3,thread_group_01512,2,1,train
doc_02427,comp.sys.mac.hardware,3,thread_group_01527,4,1,train
doc_02428,comp.graphics,0,thread_group_03500,2,1,train
doc_02429,comp.windows.x,4,thread_group_01513,1,1,train
doc_02430,comp.os.ms-windows.misc,1,thread_group_01514,1,1,train
doc_02431,comp.graphics,0,thread_group_01515,1,1,val
doc_02432,comp.sys.ibm.pc.hardware,2,thread_group_01516,1,1,val
doc_02433,comp.sys.mac.hardware,3,thread_group_01517,1,1,test
doc_02434,comp.sys.ibm.pc.hardware,2,thread_group_01518,2,1,val
doc_02435,comp.graphics,0,thread_group_01519,1,1,test
doc_02436,sci.electronics,6,thread_group_00175,5,1,train
doc_02437,comp.os.ms-windows.misc,1,thread_group_00816,5,1,train
doc_02438,comp.windows.x,4,thread_group_01520,1,1,train
doc_02439,comp.graphics,0,thread_group_00447,11,1,train
doc_02440,comp.graphics,0,thread_group_01521,2,1,train
doc_02441,comp.sys.ibm.pc.hardware,2,thread_group_01522,1,1,train
doc_02442,comp.sys.mac.hardware,3,thread_group_01523,1,1,train
doc_02443,comp.sys.ibm.pc.hardware,2,thread_group_01524,1,1,train
doc_02444,sci.electronics,6,thread_group_01525,1,1,train
doc_02445,comp.sys.mac.hardware,3,thread_group_02198,3,1,train
doc_02446,comp.windows.x,4,thread_group_00918,14,1,train
doc_02447,comp.windows.x,4,thread_group_00636,3,1,test
doc_02448,comp.os.ms-windows.misc,1,thread_group_01526,1,1,train
doc_02449,comp.sys.mac.hardware,3,thread_group_01527,4,1,train
doc_02450,sci.crypt,5,thread_group_00118,234,1,train
doc_02451,comp.sys.ibm.pc.hardware,2,thread_group_01528,1,1,train
doc_02452,sci.crypt,5,thread_group_00224,14,1,train
doc_02453,sci.electronics,6,thread_group_00509,46,1,train
doc_02454,comp.sys.ibm.pc.hardware,2,thread_group_01529,2,1,val
doc_02455,comp.os.ms-windows.misc,1,thread_group_01530,3,1,train
doc_02456,comp.sys.ibm.pc.hardware,2,thread_group_01531,1,1,train
doc_02457,sci.electronics,6,thread_group_01532,1,1,train
doc_02458,comp.graphics,0,thread_group_01083,20,1,train
doc_02459,sci.crypt,5,thread_group_00231,47,1,val
doc_02460,sci.crypt,5,thread_group_00118,234,1,train
doc_02461,sci.crypt,5,thread_group_00136,32,1,test
doc_02462,sci.electronics,6,thread_group_01533,2,1,train
doc_02463,comp.sys.mac.hardware,3,thread_group_01534,1,1,train
doc_02464,sci.electronics,6,thread_group_00945,4,1,train
doc_02465,comp.sys.ibm.pc.hardware,2,thread_group_01535,1,1,train
doc_02466,sci.crypt,5,thread_group_01257,10,1,train
doc_02467,sci.electronics,6,thread_group_01536,1,1,test
doc_02468,comp.sys.ibm.pc.hardware,2,thread_group_01188,2,1,val
doc_02469,comp.graphics,0,thread_group_01537,1,1,train
doc_02470,comp.graphics,0,thread_group_01538,1,1,train
doc_02471,comp.sys.ibm.pc.hardware,2,thread_group_01539,3,1,test
doc_02472,sci.crypt,5,thread_group_01540,1,1,val
doc_02473,comp.graphics,0,thread_group_03007,2,1,train
doc_02474,comp.graphics,0,thread_group_00650,13,1,train
doc_02475,comp.graphics,0,thread_group_01541,1,1,train
doc_02476,comp.graphics,0,thread_group_01542,2,1,test
doc_02477,comp.sys.ibm.pc.hardware,2,thread_group_01543,4,1,test
doc_02478,comp.sys.ibm.pc.hardware,2,thread_group_01544,1,1,test
doc_02479,sci.electronics,6,thread_group_01545,1,1,train
doc_02480,sci.electronics,6,thread_group_01546,3,1,train
doc_02481,comp.sys.mac.hardware,3,thread_group_01547,1,1,train
doc_02482,comp.graphics,0,thread_group_01548,1,1,train
doc_02483,sci.crypt,5,thread_group_01549,1,1,train
doc_02484,comp.os.ms-windows.misc,1,thread_group_01550,1,1,train
doc_02485,comp.os.ms-windows.misc,1,thread_group_01551,1,1,train
doc_02486,comp.os.ms-windows.misc,1,thread_group_01552,1,1,train
doc_02487,sci.crypt,5,thread_group_00118,234,1,train
doc_02488,comp.os.ms-windows.misc,1,thread_group_00948,6,1,val
doc_02489,sci.electronics,6,thread_group_00796,2,1,val
doc_02490,comp.windows.x,4,thread_group_01553,1,1,val
doc_02491,comp.sys.ibm.pc.hardware,2,thread_group_01554,2,1,train
doc_02492,comp.sys.mac.hardware,3,thread_group_01555,1,1,train
doc_02493,comp.graphics,0,thread_group_01556,1,1,train
doc_02494,comp.sys.ibm.pc.hardware,2,thread_group_01554,2,1,train
doc_02495,comp.windows.x,4,thread_group_00609,7,1,test
doc_02496,comp.sys.mac.hardware,3,thread_group_01557,1,1,train
doc_02497,comp.sys.ibm.pc.hardware,2,thread_group_00838,9,1,train
doc_02498,comp.os.ms-windows.misc,1,thread_group_00533,2,1,train
doc_02499,sci.electronics,6,thread_group_01558,3,1,val
doc_02500,sci.electronics,6,thread_group_01559,1,1,test
doc_02501,comp.sys.ibm.pc.hardware,2,thread_group_01560,2,1,train
doc_02502,comp.windows.x,4,thread_group_01561,1,1,train
doc_02503,comp.os.ms-windows.misc,1,thread_group_01562,1,1,test
doc_02504,comp.sys.ibm.pc.hardware,2,thread_group_01563,1,1,train
doc_02505,comp.graphics,0,thread_group_00002,4,1,train
doc_02506,sci.crypt,5,thread_group_01243,7,1,train
doc_02507,comp.graphics,0,thread_group_00650,13,1,train
doc_02508,comp.os.ms-windows.misc,1,thread_group_01564,1,1,val
doc_02509,comp.os.ms-windows.misc,1,thread_group_01347,4,1,train
doc_02510,sci.electronics,6,thread_group_01016,8,1,val
doc_02511,sci.crypt,5,thread_group_02627,13,1,val
doc_02512,comp.sys.ibm.pc.hardware,2,thread_group_01565,1,1,train
doc_02513,comp.sys.mac.hardware,3,thread_group_01566,1,1,train
doc_02514,sci.crypt,5,thread_group_01567,2,1,val
doc_02515,comp.sys.mac.hardware,3,thread_group_01568,1,1,train
doc_02516,comp.os.ms-windows.misc,1,thread_group_01053,14,1,train
doc_02517,comp.graphics,0,thread_group_00447,11,1,train
doc_02518,comp.windows.x,4,thread_group_01569,1,1,train
doc_02519,comp.sys.mac.hardware,3,thread_group_00430,27,1,train
doc_02520,comp.sys.ibm.pc.hardware,2,thread_group_00055,8,1,train
doc_02521,comp.graphics,0,thread_group_00514,6,1,train
doc_02522,comp.os.ms-windows.misc,1,thread_group_02551,2,1,train
doc_02523,comp.sys.ibm.pc.hardware,2,thread_group_00432,3,1,test
doc_02524,comp.windows.x,4,thread_group_00520,4,1,val
doc_02525,comp.graphics,0,thread_group_02319,19,1,train
doc_02526,comp.windows.x,4,thread_group_01570,1,1,train
doc_02527,sci.crypt,5,thread_group_02564,7,1,train
doc_02528,comp.windows.x,4,thread_group_01571,1,1,train
doc_02529,comp.sys.ibm.pc.hardware,2,thread_group_01572,1,1,test
doc_02530,sci.electronics,6,thread_group_00886,8,1,train
doc_02531,comp.graphics,0,thread_group_01573,1,1,train
doc_02532,sci.crypt,5,thread_group_00224,14,1,train
doc_02533,sci.electronics,6,thread_group_01151,4,1,train
doc_02534,comp.sys.ibm.pc.hardware,2,thread_group_01574,1,1,train
doc_02535,comp.windows.x,4,thread_group_01575,1,1,train
doc_02536,comp.graphics,0,thread_group_01576,2,1,train
doc_02537,comp.os.ms-windows.misc,1,thread_group_01577,2,1,train
doc_02538,comp.sys.mac.hardware,3,thread_group_01578,1,1,train
doc_02539,sci.electronics,6,thread_group_00143,5,1,train
doc_02540,comp.sys.ibm.pc.hardware,2,thread_group_02561,2,1,train
doc_02541,sci.electronics,6,thread_group_00096,11,1,train
doc_02542,comp.windows.x,4,thread_group_01579,1,1,train
doc_02543,comp.graphics,0,thread_group_02828,2,1,train
doc_02544,sci.crypt,5,thread_group_00131,9,1,test
doc_02545,sci.crypt,5,thread_group_00118,234,1,train
doc_02546,comp.windows.x,4,thread_group_01580,1,1,train
doc_02547,comp.sys.ibm.pc.hardware,2,thread_group_01581,1,1,train
doc_02548,comp.graphics,0,thread_group_01582,1,1,train
doc_02549,comp.windows.x,4,thread_group_01583,1,1,train
doc_02550,sci.crypt,5,thread_group_00118,234,1,train
doc_02551,comp.sys.mac.hardware,3,thread_group_01584,2,1,train
doc_02552,comp.sys.mac.hardware,3,thread_group_01886,3,1,train
doc_02553,comp.sys.mac.hardware,3,thread_group_01813,2,1,val
doc_02554,comp.graphics,0,thread_group_01585,1,1,train
doc_02555,comp.sys.mac.hardware,3,thread_group_01586,1,1,val
doc_02556,comp.graphics,0,thread_group_01587,1,1,train
doc_02557,comp.os.ms-windows.misc,1,thread_group_01588,1,1,train
doc_02558,comp.sys.ibm.pc.hardware,2,thread_group_01589,1,1,val
doc_02559,sci.electronics,6,thread_group_03410,2,1,test
doc_02560,comp.windows.x,4,thread_group_01590,1,1,train
doc_02561,comp.graphics,0,thread_group_00362,6,1,train
doc_02562,comp.os.ms-windows.misc,1,thread_group_01591,1,1,train
doc_02563,comp.sys.mac.hardware,3,thread_group_00571,5,1,train
doc_02564,comp.os.ms-windows.misc,1,thread_group_01592,1,1,train
doc_02565,comp.os.ms-windows.misc,1,thread_group_00335,13,1,train
doc_02566,sci.electronics,6,thread_group_01593,2,1,train
doc_02567,comp.sys.mac.hardware,3,thread_group_02029,2,1,train
doc_02568,comp.sys.mac.hardware,3,thread_group_01594,1,1,test
doc_02569,comp.graphics,0,thread_group_00650,13,1,train
doc_02570,sci.crypt,5,thread_group_01595,1,1,val
doc_02571,comp.graphics,0,thread_group_00042,5,1,train
doc_02572,sci.crypt,5,thread_group_01957,3,1,val
doc_02573,comp.graphics,0,thread_group_01596,1,1,train
doc_02574,comp.os.ms-windows.misc,1,thread_group_00074,7,1,train
doc_02575,comp.windows.x,4,thread_group_01597,1,1,train
doc_02576,sci.electronics,6,thread_group_00509,46,1,train
doc_02577,comp.windows.x,4,thread_group_01102,3,1,train
doc_02578,sci.electronics,6,thread_group_00509,46,1,train
doc_02579,comp.sys.ibm.pc.hardware,2,thread_group_01598,1,1,train
doc_02580,comp.sys.ibm.pc.hardware,2,thread_group_00838,9,1,train
doc_02581,comp.os.ms-windows.misc,1,thread_group_00230,3,1,test
doc_02582,comp.graphics,0,thread_group_00976,4,1,test
doc_02583,comp.windows.x,4,thread_group_02152,2,1,train
doc_02584,comp.os.ms-windows.misc,1,thread_group_00015,4,1,val
doc_02585,comp.sys.mac.hardware,3,thread_group_01599,1,1,val
doc_02586,comp.os.ms-windows.misc,1,thread_group_00993,3,1,train
doc_02587,comp.sys.mac.hardware,3,thread_group_01600,1,1,val
doc_02588,sci.crypt,5,thread_group_01601,1,1,train
doc_02589,sci.crypt,5,thread_group_00326,2,1,train
doc_02590,comp.sys.mac.hardware,3,thread_group_01602,1,1,val
doc_02591,comp.sys.mac.hardware,3,thread_group_00243,9,1,train
doc_02592,sci.crypt,5,thread_group_00118,234,1,train
doc_02593,comp.os.ms-windows.misc,1,thread_group_00335,13,1,train
doc_02594,comp.graphics,0,thread_group_00650,13,1,train
doc_02595,sci.electronics,6,thread_group_00069,11,1,val
doc_02596,comp.sys.ibm.pc.hardware,2,thread_group_01603,1,1,train
doc_02597,sci.crypt,5,thread_group_00779,38,1,train
doc_02598,comp.sys.mac.hardware,3,thread_group_01604,1,1,train
doc_02599,comp.sys.mac.hardware,3,thread_group_01605,1,1,train
doc_02600,comp.sys.ibm.pc.hardware,2,thread_group_01606,2,1,train
doc_02601,comp.graphics,0,thread_group_01607,2,1,train
doc_02602,sci.electronics,6,thread_group_01608,1,1,train
doc_02603,comp.windows.x,4,thread_group_01609,1,1,train
doc_02604,comp.os.ms-windows.misc,1,thread_group_01610,3,1,val
doc_02605,comp.sys.mac.hardware,3,thread_group_01611,1,1,train
doc_02606,comp.windows.x,4,thread_group_01393,5,1,val
doc_02607,comp.windows.x,4,thread_group_01612,1,1,train
doc_02608,comp.os.ms-windows.misc,1,thread_group_01613,2,1,train
doc_02609,comp.sys.ibm.pc.hardware,2,thread_group_01614,1,1,train
doc_02610,comp.graphics,0,thread_group_01615,2,1,test
doc_02611,comp.sys.ibm.pc.hardware,2,thread_group_01616,2,1,val
doc_02612,comp.sys.ibm.pc.hardware,2,thread_group_01617,1,1,train
doc_02613,sci.crypt,5,thread_group_00558,5,1,train
doc_02614,comp.sys.ibm.pc.hardware,2,thread_group_01618,1,1,train
doc_02615,comp.windows.x,4,thread_group_01619,1,1,test
doc_02616,comp.sys.ibm.pc.hardware,2,thread_group_01620,2,1,train
doc_02617,sci.electronics,6,thread_group_01621,1,1,val
doc_02618,comp.sys.ibm.pc.hardware,2,thread_group_00927,3,1,test
doc_02619,comp.graphics,0,thread_group_01622,3,1,val
doc_02620,comp.sys.ibm.pc.hardware,2,thread_group_01623,2,1,train
doc_02621,comp.sys.ibm.pc.hardware,2,thread_group_01624,1,1,train
doc_02622,sci.crypt,5,thread_group_01625,2,1,train
doc_02623,sci.electronics,6,thread_group_02274,3,1,train
doc_02624,comp.graphics,0,thread_group_01626,1,1,val
doc_02625,comp.os.ms-windows.misc,1,thread_group_01627,1,1,train
doc_02626,sci.crypt,5,thread_group_00131,9,1,test
doc_02627,comp.os.ms-windows.misc,1,thread_group_01466,5,1,test
doc_02628,comp.windows.x,4,thread_group_01628,1,1,train
doc_02629,comp.sys.mac.hardware,3,thread_group_01629,1,1,val
doc_02630,comp.os.ms-windows.misc,1,thread_group_01630,1,1,train
doc_02631,comp.windows.x,4,thread_group_01631,1,1,train
doc_02632,comp.graphics,0,thread_group_01632,1,1,test
doc_02633,comp.os.ms-windows.misc,1,thread_group_01168,11,1,train
doc_02634,comp.graphics,0,thread_group_01576,2,1,train
doc_02635,sci.electronics,6,thread_group_03633,2,1,test
doc_02636,comp.sys.ibm.pc.hardware,2,thread_group_00667,5,1,test
doc_02637,comp.sys.ibm.pc.hardware,2,thread_group_01952,2,1,train
doc_02638,sci.crypt,5,thread_group_01503,4,1,val
doc_02639,comp.windows.x,4,thread_group_00520,4,1,val
doc_02640,comp.os.ms-windows.misc,1,thread_group_01633,2,1,val
doc_02641,sci.crypt,5,thread_group_00136,32,1,test
doc_02642,comp.graphics,0,thread_group_01634,4,1,train
doc_02643,comp.os.ms-windows.misc,1,thread_group_01635,3,1,test
doc_02644,comp.graphics,0,thread_group_00390,9,1,test
doc_02645,comp.sys.ibm.pc.hardware,2,thread_group_01636,1,1,train
doc_02646,comp.windows.x,4,thread_group_00205,26,1,test
doc_02647,comp.windows.x,4,thread_group_01637,1,1,train
doc_02648,sci.electronics,6,thread_group_00581,3,1,train
doc_02649,comp.os.ms-windows.misc,1,thread_group_00835,14,1,train
doc_02650,comp.os.ms-windows.misc,1,thread_group_00835,14,1,train
doc_02651,comp.sys.mac.hardware,3,thread_group_03887,2,1,test
doc_02652,comp.windows.x,4,thread_group_01638,3,1,train
doc_02653,sci.electronics,6,thread_group_00509,46,1,train
doc_02654,comp.sys.ibm.pc.hardware,2,thread_group_00801,2,1,train
doc_02655,comp.sys.ibm.pc.hardware,2,thread_group_01639,1,1,train
doc_02656,sci.electronics,6,thread_group_00509,46,1,train
doc_02657,comp.sys.ibm.pc.hardware,2,thread_group_01640,1,1,train
doc_02658,comp.sys.mac.hardware,3,thread_group_01641,1,1,train
doc_02659,sci.crypt,5,thread_group_01642,16,1,val
doc_02660,comp.windows.x,4,thread_group_01643,1,1,val
doc_02661,comp.sys.mac.hardware,3,thread_group_01644,1,1,train
doc_02662,comp.sys.mac.hardware,3,thread_group_00032,3,1,train
doc_02663,comp.graphics,0,thread_group_01645,1,1,train
doc_02664,sci.electronics,6,thread_group_00904,5,1,train
doc_02665,comp.graphics,0,thread_group_00025,5,1,train
doc_02666,sci.crypt,5,thread_group_01480,2,1,train
doc_02667,comp.graphics,0,thread_group_01646,1,1,train
doc_02668,comp.windows.x,4,thread_group_01647,2,1,train
doc_02669,sci.crypt,5,thread_group_01243,7,1,train
doc_02670,comp.windows.x,4,thread_group_01214,2,1,val
doc_02671,comp.os.ms-windows.misc,1,thread_group_01648,1,1,train
doc_02672,comp.os.ms-windows.misc,1,thread_group_01649,1,1,train
doc_02673,comp.sys.ibm.pc.hardware,2,thread_group_02657,2,1,train
doc_02674,comp.windows.x,4,thread_group_00918,14,1,train
doc_02675,comp.graphics,0,thread_group_01650,1,1,train
doc_02676,comp.graphics,0,thread_group_01651,2,1,train
doc_02677,sci.electronics,6,thread_group_01652,1,1,test
doc_02678,comp.sys.ibm.pc.hardware,2,thread_group_00132,7,1,test
doc_02679,comp.sys.mac.hardware,3,thread_group_01653,1,1,train
doc_02680,comp.windows.x,4,thread_group_01654,1,1,val
doc_02681,comp.graphics,0,thread_group_01655,1,1,train
doc_02682,comp.graphics,0,thread_group_01656,1,1,train
doc_02683,comp.os.ms-windows.misc,1,thread_group_02001,8,1,train
doc_02684,comp.sys.ibm.pc.hardware,2,thread_group_01657,1,1,val
doc_02685,comp.sys.mac.hardware,3,thread_group_01658,1,1,train
doc_02686,comp.sys.ibm.pc.hardware,2,thread_group_01659,1,1,train
doc_02687,comp.sys.ibm.pc.hardware,2,thread_group_01131,4,1,train
doc_02688,comp.windows.x,4,thread_group_01660,1,1,val
doc_02689,comp.sys.mac.hardware,3,thread_group_01661,1,1,train
doc_02690,comp.windows.x,4,thread_group_01662,1,1,test
doc_02691,comp.windows.x,4,thread_group_01284,4,1,train
doc_02692,comp.sys.ibm.pc.hardware,2,thread_group_00959,2,1,test
doc_02693,comp.graphics,0,thread_group_00522,11,1,train
doc_02694,comp.sys.ibm.pc.hardware,2,thread_group_00838,9,1,train
doc_02695,comp.windows.x,4,thread_group_01224,4,1,train
doc_02696,comp.sys.mac.hardware,3,thread_group_01663,3,1,train
doc_02697,comp.windows.x,4,thread_group_01664,1,1,train
doc_02698,comp.os.ms-windows.misc,1,thread_group_00673,5,1,train
doc_02699,comp.sys.ibm.pc.hardware,2,thread_group_01665,1,1,test
doc_02700,comp.sys.ibm.pc.hardware,2,thread_group_01666,1,1,train
doc_02701,comp.windows.x,4,thread_group_00918,14,1,train
doc_02702,sci.electronics,6,thread_group_00324,19,1,val
doc_02703,comp.sys.mac.hardware,3,thread_group_01667,3,1,train
doc_02704,comp.graphics,0,thread_group_01668,1,1,train
doc_02705,comp.sys.mac.hardware,3,thread_group_01669,1,1,train
doc_02706,comp.sys.mac.hardware,3,thread_group_00931,6,1,train
doc_02707,comp.sys.mac.hardware,3,thread_group_01670,2,1,train
doc_02708,comp.windows.x,4,thread_group_01671,2,1,train
doc_02709,sci.crypt,5,thread_group_00118,234,1,train
doc_02710,sci.crypt,5,thread_group_00231,47,1,val
doc_02711,comp.sys.mac.hardware,3,thread_group_01672,2,1,val
doc_02712,comp.graphics,0,thread_group_00473,2,1,train
doc_02713,comp.graphics,0,thread_group_01673,1,1,test
doc_02714,sci.electronics,6,thread_group_01674,1,1,train
doc_02715,sci.electronics,6,thread_group_01675,1,1,train
doc_02716,comp.sys.ibm.pc.hardware,2,thread_group_01676,1,1,train
doc_02717,comp.graphics,0,thread_group_01677,3,1,train
doc_02718,comp.sys.mac.hardware,3,thread_group_01678,1,1,val
doc_02719,sci.crypt,5,thread_group_00391,31,1,train
doc_02720,sci.electronics,6,thread_group_01679,1,1,train
doc_02721,comp.windows.x,4,thread_group_01680,1,1,train
doc_02722,comp.graphics,0,thread_group_01681,1,1,val
doc_02723,comp.sys.ibm.pc.hardware,2,thread_group_01682,1,1,train
doc_02724,comp.sys.mac.hardware,3,thread_group_01683,1,1,val
doc_02725,comp.windows.x,4,thread_group_01684,1,1,train
doc_02726,sci.electronics,6,thread_group_01685,1,1,val
doc_02727,comp.sys.ibm.pc.hardware,2,thread_group_01686,1,1,train
doc_02728,sci.electronics,6,thread_group_00509,46,1,train
doc_02729,comp.os.ms-windows.misc,1,thread_group_01687,1,1,train
doc_02730,comp.sys.ibm.pc.hardware,2,thread_group_00085,4,1,train
doc_02731,comp.graphics,0,thread_group_01688,1,1,train
doc_02732,comp.sys.mac.hardware,3,thread_group_01689,1,1,train
doc_02733,comp.graphics,0,thread_group_01690,2,1,train
doc_02734,sci.electronics,6,thread_group_01691,2,1,train
doc_02735,comp.graphics,0,thread_group_01692,2,1,train
doc_02736,sci.crypt,5,thread_group_01693,1,1,train
doc_02737,comp.windows.x,4,thread_group_01694,1,1,train
doc_02738,sci.crypt,5,thread_group_00136,32,1,test
doc_02739,comp.graphics,0,thread_group_03213,2,1,test
doc_02740,sci.crypt,5,thread_group_00933,2,1,train
doc_02741,comp.graphics,0,thread_group_01695,1,1,train
doc_02742,comp.sys.ibm.pc.hardware,2,thread_group_01696,1,1,train
doc_02743,comp.sys.mac.hardware,3,thread_group_00302,2,1,train
doc_02744,comp.sys.mac.hardware,3,thread_group_01697,3,1,train
doc_02745,comp.sys.mac.hardware,3,thread_group_01317,2,1,test
doc_02746,comp.graphics,0,thread_group_00311,3,1,val
doc_02747,comp.windows.x,4,thread_group_01698,1,1,val
doc_02748,comp.os.ms-windows.misc,1,thread_group_01699,2,1,val
doc_02749,comp.graphics,0,thread_group_00928,11,1,train
doc_02750,comp.graphics,0,thread_group_01700,1,1,val
doc_02751,comp.sys.mac.hardware,3,thread_group_00280,3,1,train
doc_02752,comp.windows.x,4,thread_group_01701,1,1,test
doc_02753,comp.sys.mac.hardware,3,thread_group_01702,2,1,train
doc_02754,comp.graphics,0,thread_group_00194,3,1,train
doc_02755,comp.sys.mac.hardware,3,thread_group_01703,1,1,train
doc_02756,comp.windows.x,4,thread_group_01704,3,1,test
doc_02757,comp.windows.x,4,thread_group_01705,2,1,train
doc_02758,comp.graphics,0,thread_group_00407,2,1,val
doc_02759,sci.electronics,6,thread_group_00309,7,1,train
doc_02760,comp.graphics,0,thread_group_01706,4,1,train
doc_02761,comp.sys.ibm.pc.hardware,2,thread_group_01707,1,1,train
doc_02762,comp.sys.mac.hardware,3,thread_group_01708,1,1,train
doc_02763,comp.os.ms-windows.misc,1,thread_group_01709,2,1,test
doc_02764,comp.sys.mac.hardware,3,thread_group_01710,1,1,test
doc_02765,sci.crypt,5,thread_group_01711,1,1,train
doc_02766,comp.graphics,0,thread_group_01712,1,1,train
doc_02767,comp.graphics,0,thread_group_01713,2,1,val
doc_02768,comp.sys.ibm.pc.hardware,2,thread_group_01543,4,1,test
doc_02769,comp.os.ms-windows.misc,1,thread_group_01714,1,1,train
doc_02770,comp.sys.ibm.pc.hardware,2,thread_group_01715,2,1,train
doc_02771,sci.crypt,5,thread_group_00231,47,1,val
doc_02772,sci.crypt,5,thread_group_00224,14,1,train
doc_02773,sci.electronics,6,thread_group_00964,3,1,train
doc_02774,sci.electronics,6,thread_group_00509,46,1,train
doc_02775,comp.sys.ibm.pc.hardware,2,thread_group_01716,1,1,train
doc_02776,comp.os.ms-windows.misc,1,thread_group_01168,11,1,train
doc_02777,comp.graphics,0,thread_group_01717,3,1,test
doc_02778,comp.sys.mac.hardware,3,thread_group_00106,7,1,test
doc_02779,sci.crypt,5,thread_group_00427,6,1,train
doc_02780,comp.os.ms-windows.misc,1,thread_group_01168,11,1,train
doc_02781,sci.crypt,5,thread_group_01718,2,1,train
doc_02782,sci.crypt,5,thread_group_01719,3,1,train
doc_02783,comp.windows.x,4,thread_group_01720,3,1,train
doc_02784,comp.os.ms-windows.misc,1,thread_group_00419,9,1,train
doc_02785,sci.crypt,5,thread_group_02560,2,1,test
doc_02786,comp.windows.x,4,thread_group_01308,2,1,val
doc_02787,comp.graphics,0,thread_group_00996,2,1,train
doc_02788,comp.os.ms-windows.misc,1,thread_group_00321,11,1,val
doc_02789,comp.os.ms-windows.misc,1,thread_group_01721,2,1,train
doc_02790,comp.windows.x,4,thread_group_01722,1,1,train
doc_02791,comp.sys.mac.hardware,3,thread_group_00404,11,1,train
doc_02792,sci.crypt,5,thread_group_00391,31,1,train
doc_02793,comp.graphics,0,thread_group_01723,1,1,test
doc_02794,sci.electronics,6,thread_group_02275,21,1,train
doc_02795,comp.sys.mac.hardware,3,thread_group_01724,1,1,train
doc_02796,comp.graphics,0,thread_group_01725,1,1,val
doc_02797,comp.os.ms-windows.misc,1,thread_group_01812,2,1,train
doc_02798,comp.os.ms-windows.misc,1,thread_group_01726,2,1,train
doc_02799,comp.windows.x,4,thread_group_01727,1,1,train
doc_02800,comp.windows.x,4,thread_group_01333,4,1,train
doc_02801,comp.sys.ibm.pc.hardware,2,thread_group_01728,1,1,train
doc_02802,sci.crypt,5,thread_group_01729,1,1,train
doc_02803,sci.crypt,5,thread_group_01730,4,1,train
doc_02804,sci.electronics,6,thread_group_02395,4,1,train
doc_02805,comp.sys.mac.hardware,3,thread_group_00430,27,1,train
doc_02806,comp.os.ms-windows.misc,1,thread_group_01731,3,1,train
doc_02807,comp.sys.mac.hardware,3,thread_group_01732,1,1,train
doc_02808,comp.sys.mac.hardware,3,thread_group_01733,2,1,train
doc_02809,comp.sys.ibm.pc.hardware,2,thread_group_01734,1,1,train
doc_02810,sci.electronics,6,thread_group_01854,17,1,train
doc_02811,comp.windows.x,4,thread_group_01247,14,1,train
doc_02812,comp.os.ms-windows.misc,1,thread_group_01735,2,1,train
doc_02813,comp.graphics,0,thread_group_01736,3,1,train
doc_02814,comp.graphics,0,thread_group_01737,1,1,train
doc_02815,sci.crypt,5,thread_group_01642,16,1,val
doc_02816,sci.electronics,6,thread_group_02060,2,1,test
doc_02817,comp.sys.mac.hardware,3,thread_group_01738,1,1,test
doc_02818,sci.electronics,6,thread_group_01739,1,1,train
doc_02819,comp.graphics,0,thread_group_01740,1,1,train
doc_02820,comp.sys.mac.hardware,3,thread_group_01741,1,1,val
doc_02821,comp.windows.x,4,thread_group_01742,1,1,train
doc_02822,sci.electronics,6,thread_group_00434,8,1,val
doc_02823,sci.crypt,5,thread_group_00231,47,1,val
doc_02824,comp.windows.x,4,thread_group_00893,10,1,train
doc_02825,comp.os.ms-windows.misc,1,thread_group_01743,1,1,test
doc_02826,sci.crypt,5,thread_group_00118,234,1,train
doc_02827,comp.sys.mac.hardware,3,thread_group_01744,1,1,train
doc_02828,sci.electronics,6,thread_group_01745,1,1,val
doc_02829,comp.os.ms-windows.misc,1,thread_group_01746,7,1,train
doc_02830,comp.graphics,0,thread_group_01747,1,1,train
doc_02831,comp.sys.mac.hardware,3,thread_group_01748,2,1,test
doc_02832,comp.sys.ibm.pc.hardware,2,thread_group_01749,1,1,train
doc_02833,comp.os.ms-windows.misc,1,thread_group_02001,8,1,train
doc_02834,sci.electronics,6,thread_group_01750,1,1,test
doc_02835,comp.sys.ibm.pc.hardware,2,thread_group_01751,1,1,train
doc_02836,comp.sys.mac.hardware,3,thread_group_00367,10,1,val
doc_02837,comp.sys.mac.hardware,3,thread_group_01752,1,1,train
doc_02838,comp.sys.mac.hardware,3,thread_group_00164,4,1,train
doc_02839,sci.electronics,6,thread_group_01753,1,1,train
doc_02840,sci.electronics,6,thread_group_01754,1,1,train
doc_02841,sci.crypt,5,thread_group_00558,5,1,train
doc_02842,comp.sys.ibm.pc.hardware,2,thread_group_00498,4,1,train
doc_02843,comp.sys.mac.hardware,3,thread_group_01755,1,1,train
doc_02844,comp.windows.x,4,thread_group_01704,3,1,test
doc_02845,comp.os.ms-windows.misc,1,thread_group_00673,5,1,train
doc_02846,sci.crypt,5,thread_group_01756,8,1,test
doc_02847,comp.windows.x,4,thread_group_00205,26,1,test
doc_02848,comp.windows.x,4,thread_group_00893,10,1,train
doc_02849,comp.windows.x,4,thread_group_01757,1,1,train
doc_02850,comp.graphics,0,thread_group_01758,1,1,train
doc_02851,comp.graphics,0,thread_group_01312,8,1,train
doc_02852,comp.sys.mac.hardware,3,thread_group_01759,1,1,val
doc_02853,sci.crypt,5,thread_group_00118,234,1,train
doc_02854,comp.sys.mac.hardware,3,thread_group_01760,2,1,train
doc_02855,comp.graphics,0,thread_group_01761,2,1,train
doc_02856,comp.graphics,0,thread_group_01762,1,1,train
doc_02857,comp.os.ms-windows.misc,1,thread_group_00203,9,1,train
doc_02858,comp.os.ms-windows.misc,1,thread_group_01763,1,1,train
doc_02859,comp.sys.ibm.pc.hardware,2,thread_group_01764,3,1,val
doc_02860,comp.graphics,0,thread_group_01765,2,1,train
doc_02861,comp.windows.x,4,thread_group_02558,2,1,val
doc_02862,comp.graphics,0,thread_group_01766,1,1,train
doc_02863,comp.os.ms-windows.misc,1,thread_group_01767,1,1,test
doc_02864,comp.sys.mac.hardware,3,thread_group_01768,3,1,train
doc_02865,comp.os.ms-windows.misc,1,thread_group_01769,1,1,train
doc_02866,comp.sys.ibm.pc.hardware,2,thread_group_01770,1,1,val
doc_02867,comp.windows.x,4,thread_group_01771,1,1,train
doc_02868,comp.os.ms-windows.misc,1,thread_group_00328,4,1,train
doc_02869,comp.graphics,0,thread_group_01772,1,1,train
doc_02870,comp.os.ms-windows.misc,1,thread_group_01773,1,1,train
doc_02871,comp.windows.x,4,thread_group_01236,3,1,val
doc_02872,comp.windows.x,4,thread_group_00790,2,1,train
doc_02873,sci.electronics,6,thread_group_03519,2,1,train
doc_02874,comp.graphics,0,thread_group_01774,1,1,train
doc_02875,comp.os.ms-windows.misc,1,thread_group_00835,14,1,train
doc_02876,comp.graphics,0,thread_group_01775,1,1,train
doc_02877,comp.os.ms-windows.misc,1,thread_group_01148,8,1,train
doc_02878,comp.windows.x,4,thread_group_01776,1,1,test
doc_02879,comp.sys.ibm.pc.hardware,2,thread_group_01777,1,1,train
doc_02880,comp.sys.ibm.pc.hardware,2,thread_group_01778,1,1,train
doc_02881,comp.sys.mac.hardware,3,thread_group_01779,1,1,train
doc_02882,sci.electronics,6,thread_group_01780,1,1,test
doc_02883,comp.os.ms-windows.misc,1,thread_group_00413,10,1,train
doc_02884,comp.windows.x,4,thread_group_01781,1,1,train
doc_02885,sci.crypt,5,thread_group_01782,2,1,train
doc_02886,sci.electronics,6,thread_group_01783,3,1,train
doc_02887,comp.graphics,0,thread_group_01784,1,1,train
doc_02888,comp.graphics,0,thread_group_01713,2,1,val
doc_02889,sci.crypt,5,thread_group_00084,27,1,test
doc_02890,comp.windows.x,4,thread_group_01001,3,1,train
doc_02891,sci.crypt,5,thread_group_00723,7,1,train
doc_02892,comp.graphics,0,thread_group_01785,1,1,train
doc_02893,comp.sys.ibm.pc.hardware,2,thread_group_01786,1,1,train
doc_02894,comp.windows.x,4,thread_group_02887,2,1,train
doc_02895,comp.sys.ibm.pc.hardware,2,thread_group_01787,1,1,train
doc_02896,comp.graphics,0,thread_group_00065,26,1,train
doc_02897,comp.windows.x,4,thread_group_01788,1,1,train
doc_02898,sci.crypt,5,thread_group_00118,234,1,train
doc_02899,comp.graphics,0,thread_group_01789,1,1,train
doc_02900,comp.sys.ibm.pc.hardware,2,thread_group_01122,7,1,test
doc_02901,sci.crypt,5,thread_group_00118,234,1,train
doc_02902,comp.graphics,0,thread_group_02555,2,1,train
doc_02903,sci.crypt,5,thread_group_00118,234,1,train
doc_02904,comp.sys.ibm.pc.hardware,2,thread_group_01790,1,1,train
doc_02905,sci.electronics,6,thread_group_00440,4,1,test
doc_02906,sci.electronics,6,thread_group_01791,1,1,train
doc_02907,comp.graphics,0,thread_group_01792,1,1,train
doc_02908,sci.crypt,5,thread_group_00196,19,1,train
doc_02909,comp.sys.ibm.pc.hardware,2,thread_group_03351,2,1,train
doc_02910,sci.electronics,6,thread_group_01793,1,1,train
doc_02911,sci.crypt,5,thread_group_01794,2,1,test
doc_02912,sci.electronics,6,thread_group_00253,6,1,train
doc_02913,comp.graphics,0,thread_group_01795,1,1,train
doc_02914,comp.os.ms-windows.misc,1,thread_group_00092,13,1,train
doc_02915,comp.sys.ibm.pc.hardware,2,thread_group_01796,1,1,train
doc_02916,comp.graphics,0,thread_group_01832,2,1,test
doc_02917,sci.crypt,5,thread_group_00260,10,1,train
doc_02918,comp.sys.mac.hardware,3,thread_group_01797,1,1,train
doc_02919,comp.windows.x,4,thread_group_01798,2,1,test
doc_02920,comp.graphics,0,thread_group_01799,1,1,train
doc_02921,comp.graphics,0,thread_group_01800,4,1,train
doc_02922,sci.crypt,5,thread_group_00391,31,1,train
doc_02923,comp.windows.x,4,thread_group_02685,2,1,train
doc_02924,comp.graphics,0,thread_group_00508,13,1,val
doc_02925,sci.crypt,5,thread_group_00118,234,1,train
doc_02926,comp.graphics,0,thread_group_00580,3,1,val
doc_02927,sci.crypt,5,thread_group_01730,4,1,train
doc_02928,comp.sys.ibm.pc.hardware,2,thread_group_01801,2,1,train
doc_02929,sci.crypt,5,thread_group_01802,8,1,train
doc_02930,comp.sys.ibm.pc.hardware,2,thread_group_01803,1,1,val
doc_02931,sci.crypt,5,thread_group_00118,234,1,train
doc_02932,sci.crypt,5,thread_group_00231,47,1,val
doc_02933,comp.sys.ibm.pc.hardware,2,thread_group_02075,2,1,train
doc_02934,comp.sys.ibm.pc.hardware,2,thread_group_00268,10,1,val
doc_02935,sci.electronics,6,thread_group_00863,2,1,train
doc_02936,comp.sys.ibm.pc.hardware,2,thread_group_01804,1,1,test
doc_02937,sci.electronics,6,thread_group_01805,1,1,val
doc_02938,sci.crypt,5,thread_group_00336,6,1,train
doc_02939,comp.graphics,0,thread_group_02319,19,1,train
doc_02940,comp.graphics,0,thread_group_01806,1,1,train
doc_02941,sci.crypt,5,thread_group_01807,1,1,val
doc_02942,sci.crypt,5,thread_group_00136,32,1,test
doc_02943,sci.electronics,6,thread_group_01808,1,1,train
doc_02944,sci.electronics,6,thread_group_01809,3,1,val
doc_02945,sci.electronics,6,thread_group_00019,8,1,train
doc_02946,comp.os.ms-windows.misc,1,thread_group_01810,2,1,train
doc_02947,comp.os.ms-windows.misc,1,thread_group_01811,2,1,train
doc_02948,sci.electronics,6,thread_group_01039,8,1,train
doc_02949,comp.os.ms-windows.misc,1,thread_group_01812,2,1,train
doc_02950,comp.sys.mac.hardware,3,thread_group_01813,2,1,val
doc_02951,comp.windows.x,4,thread_group_01814,1,1,train
doc_02952,comp.graphics,0,thread_group_00522,11,1,train
doc_02953,comp.sys.mac.hardware,3,thread_group_01815,1,1,train
doc_02954,comp.os.ms-windows.misc,1,thread_group_01421,4,1,train
doc_02955,comp.sys.mac.hardware,3,thread_group_01816,2,1,train
doc_02956,sci.crypt,5,thread_group_01730,4,1,train
doc_02957,comp.sys.mac.hardware,3,thread_group_00731,8,1,train
doc_02958,sci.electronics,6,thread_group_01817,7,1,val
doc_02959,sci.crypt,5,thread_group_00479,18,1,train
doc_02960,comp.os.ms-windows.misc,1,thread_group_01818,1,1,train
doc_02961,sci.electronics,6,thread_group_00186,7,1,train
doc_02962,comp.windows.x,4,thread_group_01819,1,1,test
doc_02963,sci.crypt,5,thread_group_01625,2,1,train
doc_02964,comp.sys.mac.hardware,3,thread_group_01820,1,1,train
doc_02965,comp.graphics,0,thread_group_00508,13,1,val
doc_02966,sci.electronics,6,thread_group_00288,8,1,train
doc_02967,sci.electronics,6,thread_group_00747,4,1,val
doc_02968,comp.windows.x,4,thread_group_01821,1,1,test
doc_02969,comp.sys.ibm.pc.hardware,2,thread_group_01822,1,1,val
doc_02970,sci.crypt,5,thread_group_00084,27,1,test
doc_02971,comp.graphics,0,thread_group_01823,1,1,train
doc_02972,comp.sys.mac.hardware,3,thread_group_01824,1,1,train
doc_02973,sci.electronics,6,thread_group_01825,1,1,val
doc_02974,comp.sys.ibm.pc.hardware,2,thread_group_01826,1,1,train
doc_02975,comp.sys.mac.hardware,3,thread_group_01827,1,1,train
doc_02976,sci.crypt,5,thread_group_01828,7,1,test
doc_02977,sci.crypt,5,thread_group_00118,234,1,train
doc_02978,comp.sys.mac.hardware,3,thread_group_00924,3,1,test
doc_02979,comp.sys.ibm.pc.hardware,2,thread_group_01829,1,1,val
doc_02980,comp.windows.x,4,thread_group_01830,1,1,val
doc_02981,sci.crypt,5,thread_group_00779,38,1,train
doc_02982,comp.os.ms-windows.misc,1,thread_group_01831,1,1,train
doc_02983,comp.graphics,0,thread_group_01832,2,1,test
doc_02984,sci.crypt,5,thread_group_00479,18,1,train
doc_02985,comp.sys.mac.hardware,3,thread_group_01833,1,1,test
doc_02986,comp.os.ms-windows.misc,1,thread_group_01292,2,1,train
doc_02987,comp.windows.x,4,thread_group_01834,1,1,train
doc_02988,comp.sys.mac.hardware,3,thread_group_01341,7,1,train
doc_02989,comp.sys.mac.hardware,3,thread_group_01835,4,1,train
doc_02990,comp.graphics,0,thread_group_01836,2,1,train
doc_02991,comp.windows.x,4,thread_group_01837,1,1,val
doc_02992,comp.sys.mac.hardware,3,thread_group_00577,4,1,train
doc_02993,comp.sys.mac.hardware,3,thread_group_01838,1,1,train
doc_02994,comp.sys.ibm.pc.hardware,2,thread_group_01839,1,1,train
doc_02995,sci.electronics,6,thread_group_01840,4,1,train
doc_02996,comp.sys.ibm.pc.hardware,2,thread_group_01841,1,1,test
doc_02997,sci.electronics,6,thread_group_00469,5,1,train
doc_02998,comp.sys.mac.hardware,3,thread_group_01842,1,1,train
doc_02999,comp.graphics,0,thread_group_01067,4,1,train
doc_03000,comp.os.ms-windows.misc,1,thread_group_01843,1,1,train
doc_03001,comp.sys.ibm.pc.hardware,2,thread_group_01844,2,1,val
doc_03002,sci.electronics,6,thread_group_01845,1,1,train
doc_03003,comp.sys.ibm.pc.hardware,2,thread_group_00570,4,1,train
doc_03004,sci.crypt,5,thread_group_00479,18,1,train
doc_03005,comp.sys.ibm.pc.hardware,2,thread_group_01846,3,1,train
doc_03006,sci.crypt,5,thread_group_00779,38,1,train
doc_03007,comp.graphics,0,thread_group_01847,3,1,val
doc_03008,comp.windows.x,4,thread_group_01848,1,1,val
doc_03009,comp.sys.ibm.pc.hardware,2,thread_group_01849,1,1,val
doc_03010,comp.windows.x,4,thread_group_01850,1,1,train
doc_03011,comp.sys.mac.hardware,3,thread_group_01851,1,1,train
doc_03012,comp.sys.mac.hardware,3,thread_group_01852,1,1,train
doc_03013,comp.os.ms-windows.misc,1,thread_group_01853,2,1,test
doc_03014,sci.electronics,6,thread_group_01854,17,1,train
doc_03015,sci.crypt,5,thread_group_01855,1,1,train
doc_03016,comp.sys.ibm.pc.hardware,2,thread_group_01856,1,1,train
doc_03017,sci.electronics,6,thread_group_01857,1,1,val
doc_03018,sci.electronics,6,thread_group_01858,1,1,train
doc_03019,comp.graphics,0,thread_group_01859,1,1,test
doc_03020,sci.crypt,5,thread_group_01860,1,1,train
doc_03021,comp.sys.mac.hardware,3,thread_group_01861,1,1,train
doc_03022,comp.windows.x,4,thread_group_01247,14,1,train
doc_03023,sci.electronics,6,thread_group_01862,1,1,train
doc_03024,comp.sys.mac.hardware,3,thread_group_01863,1,1,train
doc_03025,comp.windows.x,4,thread_group_01864,3,1,train
doc_03026,comp.os.ms-windows.misc,1,thread_group_00435,3,1,train
doc_03027,comp.sys.ibm.pc.hardware,2,thread_group_01865,1,1,train
doc_03028,comp.sys.ibm.pc.hardware,2,thread_group_01866,1,1,train
doc_03029,sci.electronics,6,thread_group_00509,46,1,train
doc_03030,comp.graphics,0,thread_group_01867,4,1,test
doc_03031,comp.sys.ibm.pc.hardware,2,thread_group_01868,1,1,val
doc_03032,comp.sys.ibm.pc.hardware,2,thread_group_01869,1,1,train
doc_03033,comp.sys.mac.hardware,3,thread_group_01870,1,1,train
doc_03034,comp.windows.x,4,thread_group_01871,1,1,val
doc_03035,comp.graphics,0,thread_group_01872,1,1,train
doc_03036,comp.os.ms-windows.misc,1,thread_group_00377,6,1,val
doc_03037,sci.electronics,6,thread_group_01873,3,1,train
doc_03038,comp.sys.mac.hardware,3,thread_group_01874,4,1,train
doc_03039,sci.crypt,5,thread_group_01875,1,1,train
doc_03040,sci.electronics,6,thread_group_01876,1,1,test
doc_03041,comp.windows.x,4,thread_group_01877,1,1,test
doc_03042,sci.crypt,5,thread_group_01243,7,1,train
doc_03043,comp.os.ms-windows.misc,1,thread_group_01746,7,1,train
doc_03044,comp.graphics,0,thread_group_02644,2,1,train
doc_03045,comp.sys.ibm.pc.hardware,2,thread_group_01878,1,1,test
doc_03046,comp.sys.mac.hardware,3,thread_group_00404,11,1,train
doc_03047,comp.os.ms-windows.misc,1,thread_group_01879,1,1,test
doc_03048,comp.graphics,0,thread_group_01880,1,1,test
doc_03049,comp.windows.x,4,thread_group_01881,2,1,test
doc_03050,sci.crypt,5,thread_group_01642,16,1,val
doc_03051,comp.sys.ibm.pc.hardware,2,thread_group_00530,5,1,train
doc_03052,comp.sys.ibm.pc.hardware,2,thread_group_00854,7,1,train
doc_03053,comp.windows.x,4,thread_group_01882,3,1,train
doc_03054,sci.crypt,5,thread_group_00118,234,1,train
doc_03055,comp.sys.mac.hardware,3,thread_group_01883,1,1,train
doc_03056,comp.os.ms-windows.misc,1,thread_group_02624,4,1,val
doc_03057,comp.os.ms-windows.misc,1,thread_group_00092,13,1,train
doc_03058,comp.sys.mac.hardware,3,thread_group_01884,2,1,val
doc_03059,sci.electronics,6,thread_group_00434,8,1,val
doc_03060,sci.crypt,5,thread_group_00118,234,1,train
doc_03061,comp.windows.x,4,thread_group_01885,1,1,train
doc_03062,sci.crypt,5,thread_group_00266,10,1,train
doc_03063,sci.electronics,6,thread_group_00434,8,1,val
doc_03064,comp.sys.mac.hardware,3,thread_group_01886,3,1,train
doc_03065,sci.electronics,6,thread_group_00509,46,1,train
doc_03066,comp.windows.x,4,thread_group_01887,2,1,train
doc_03067,comp.sys.ibm.pc.hardware,2,thread_group_01888,1,1,train
doc_03068,sci.crypt,5,thread_group_00084,27,1,test
doc_03069,comp.windows.x,4,thread_group_01889,3,1,val
doc_03070,sci.crypt,5,thread_group_01890,1,1,train
doc_03071,sci.crypt,5,thread_group_01891,1,1,train
doc_03072,sci.crypt,5,thread_group_00118,234,1,train
doc_03073,comp.sys.mac.hardware,3,thread_group_02967,2,1,train
doc_03074,sci.electronics,6,thread_group_01892,1,1,train
doc_03075,sci.crypt,5,thread_group_00118,234,1,train
doc_03076,sci.crypt,5,thread_group_01893,2,1,test
doc_03077,comp.windows.x,4,thread_group_01894,1,1,train
doc_03078,comp.windows.x,4,thread_group_01895,1,1,val
doc_03079,sci.electronics,6,thread_group_00206,3,1,train
doc_03080,sci.crypt,5,thread_group_01257,10,1,train
doc_03081,sci.crypt,5,thread_group_01896,1,1,val
doc_03082,comp.sys.ibm.pc.hardware,2,thread_group_01801,2,1,train
doc_03083,comp.os.ms-windows.misc,1,thread_group_01897,1,1,train
doc_03084,comp.sys.mac.hardware,3,thread_group_00430,27,1,train
doc_03085,comp.windows.x,4,thread_group_01898,1,1,train
doc_03086,comp.sys.ibm.pc.hardware,2,thread_group_00555,3,1,test
doc_03087,sci.electronics,6,thread_group_00624,3,1,val
doc_03088,comp.windows.x,4,thread_group_01899,1,1,train
doc_03089,comp.os.ms-windows.misc,1,thread_group_01900,1,1,val
doc_03090,comp.os.ms-windows.misc,1,thread_group_01053,14,1,train
doc_03091,sci.electronics,6,thread_group_01113,3,1,train
doc_03092,comp.sys.ibm.pc.hardware,2,thread_group_01901,1,1,train
doc_03093,sci.crypt,5,thread_group_01902,1,1,train
doc_03094,comp.graphics,0,thread_group_01903,1,1,val
doc_03095,sci.crypt,5,thread_group_00889,5,1,train
doc_03096,comp.sys.ibm.pc.hardware,2,thread_group_01620,2,1,train
doc_03097,comp.os.ms-windows.misc,1,thread_group_01904,2,1,train
doc_03098,sci.crypt,5,thread_group_00266,10,1,train
doc_03099,comp.sys.ibm.pc.hardware,2,thread_group_01905,3,1,test
doc_03100,comp.windows.x,4,thread_group_01906,1,1,val
doc_03101,comp.sys.ibm.pc.hardware,2,thread_group_01907,1,1,train
doc_03102,comp.sys.ibm.pc.hardware,2,thread_group_01908,1,1,train
doc_03103,comp.os.ms-windows.misc,1,thread_group_01421,4,1,train
doc_03104,comp.sys.mac.hardware,3,thread_group_01909,1,1,train
doc_03105,comp.graphics,0,thread_group_01910,1,1,train
doc_03106,comp.sys.ibm.pc.hardware,2,thread_group_00749,7,1,train
doc_03107,comp.os.ms-windows.misc,1,thread_group_01911,1,1,train
doc_03108,comp.windows.x,4,thread_group_01912,2,1,val
doc_03109,comp.os.ms-windows.misc,1,thread_group_01913,1,1,train
doc_03110,sci.electronics,6,thread_group_01914,1,1,train
doc_03111,sci.electronics,6,thread_group_01817,7,1,val
doc_03112,sci.electronics,6,thread_group_00559,5,1,train
doc_03113,comp.graphics,0,thread_group_01915,1,1,train
doc_03114,sci.crypt,5,thread_group_00136,32,1,test
doc_03115,comp.sys.ibm.pc.hardware,2,thread_group_01916,1,1,train
doc_03116,comp.sys.mac.hardware,3,thread_group_01145,3,1,test
doc_03117,comp.windows.x,4,thread_group_01917,1,1,train
doc_03118,comp.windows.x,4,thread_group_01918,1,1,train
doc_03119,comp.os.ms-windows.misc,1,thread_group_01919,1,1,train
doc_03120,comp.windows.x,4,thread_group_01322,3,1,val
doc_03121,sci.electronics,6,thread_group_00615,6,1,train
doc_03122,comp.windows.x,4,thread_group_00505,4,1,train
doc_03123,comp.sys.ibm.pc.hardware,2,thread_group_01905,3,1,test
doc_03124,sci.crypt,5,thread_group_00231,47,1,val
doc_03125,comp.os.ms-windows.misc,1,thread_group_00092,13,1,train
doc_03126,sci.electronics,6,thread_group_01186,7,1,train
doc_03127,comp.windows.x,4,thread_group_01920,1,1,train
doc_03128,comp.windows.x,4,thread_group_01921,1,1,train
doc_03129,sci.electronics,6,thread_group_01922,1,1,train
doc_03130,sci.electronics,6,thread_group_01034,2,1,train
doc_03131,comp.graphics,0,thread_group_00976,4,1,test
doc_03132,comp.graphics,0,thread_group_01077,2,1,train
doc_03133,sci.crypt,5,thread_group_01567,2,1,val
doc_03134,comp.sys.mac.hardware,3,thread_group_01923,1,1,test
doc_03135,comp.sys.mac.hardware,3,thread_group_01924,2,1,train
doc_03136,comp.sys.ibm.pc.hardware,2,thread_group_01925,3,1,train
doc_03137,sci.electronics,6,thread_group_01926,1,1,val
doc_03138,sci.electronics,6,thread_group_02281,2,1,train
doc_03139,sci.crypt,5,thread_group_00391,31,1,train
doc_03140,comp.graphics,0,thread_group_01927,2,1,train
doc_03141,comp.sys.ibm.pc.hardware,2,thread_group_01928,1,1,test
doc_03142,sci.crypt,5,thread_group_00084,27,1,test
doc_03143,sci.electronics,6,thread_group_01016,8,1,val
doc_03144,comp.sys.ibm.pc.hardware,2,thread_group_00942,4,1,val
doc_03145,comp.graphics,0,thread_group_01929,1,1,test
doc_03146,comp.graphics,0,thread_group_01930,1,1,val
doc_03147,comp.sys.ibm.pc.hardware,2,thread_group_00423,2,1,train
doc_03148,comp.sys.ibm.pc.hardware,2,thread_group_00268,10,1,val
doc_03149,comp.graphics,0,thread_group_01931,1,1,train
doc_03150,comp.sys.mac.hardware,3,thread_group_00931,6,1,train
doc_03151,comp.sys.ibm.pc.hardware,2,thread_group_01932,1,1,train
doc_03152,comp.sys.ibm.pc.hardware,2,thread_group_01933,4,1,train
doc_03153,comp.sys.ibm.pc.hardware,2,thread_group_01934,1,1,train
doc_03154,sci.crypt,5,thread_group_00118,234,1,train
doc_03155,comp.graphics,0,thread_group_01935,1,1,train
doc_03156,comp.graphics,0,thread_group_01936,1,1,train
doc_03157,sci.crypt,5,thread_group_00118,234,1,train
doc_03158,comp.windows.x,4,thread_group_01937,2,1,val
doc_03159,comp.os.ms-windows.misc,1,thread_group_03065,2,1,val
doc_03160,comp.sys.mac.hardware,3,thread_group_01938,1,1,val
doc_03161,comp.sys.ibm.pc.hardware,2,thread_group_01939,1,1,train
doc_03162,sci.electronics,6,thread_group_01940,1,1,train
doc_03163,sci.crypt,5,thread_group_00118,234,1,train
doc_03164,comp.sys.mac.hardware,3,thread_group_01941,2,1,train
doc_03165,sci.electronics,6,thread_group_01039,8,1,train
doc_03166,comp.windows.x,4,thread_group_00205,26,1,test
doc_03167,comp.windows.x,4,thread_group_01942,1,1,train
doc_03168,sci.electronics,6,thread_group_00721,7,1,train
doc_03169,comp.graphics,0,thread_group_00522,11,1,train
doc_03170,comp.sys.ibm.pc.hardware,2,thread_group_01943,1,1,train
doc_03171,comp.sys.ibm.pc.hardware,2,thread_group_01944,1,1,train
doc_03172,comp.os.ms-windows.misc,1,thread_group_01945,2,1,train
doc_03173,comp.graphics,0,thread_group_01946,2,1,train
doc_03174,comp.sys.ibm.pc.hardware,2,thread_group_01947,3,1,train
doc_03175,comp.graphics,0,thread_group_00709,5,1,train
doc_03176,comp.graphics,0,thread_group_01312,8,1,train
doc_03177,comp.graphics,0,thread_group_01948,1,1,test
doc_03178,sci.electronics,6,thread_group_01949,2,1,train
doc_03179,comp.windows.x,4,thread_group_00205,26,1,test
doc_03180,comp.sys.mac.hardware,3,thread_group_00424,6,1,train
doc_03181,comp.sys.mac.hardware,3,thread_group_00641,4,1,val
doc_03182,comp.graphics,0,thread_group_01950,1,1,train
doc_03183,comp.windows.x,4,thread_group_01951,1,1,train
doc_03184,comp.sys.ibm.pc.hardware,2,thread_group_01952,2,1,train
doc_03185,comp.windows.x,4,thread_group_01953,1,1,train
doc_03186,comp.os.ms-windows.misc,1,thread_group_01954,9,1,train
doc_03187,comp.sys.mac.hardware,3,thread_group_01398,3,1,test
doc_03188,comp.sys.mac.hardware,3,thread_group_01955,1,1,train
doc_03189,comp.sys.ibm.pc.hardware,2,thread_group_01956,1,1,train
doc_03190,sci.crypt,5,thread_group_00118,234,1,train
doc_03191,sci.crypt,5,thread_group_00320,8,1,train
doc_03192,sci.crypt,5,thread_group_01957,3,1,val
doc_03193,comp.sys.ibm.pc.hardware,2,thread_group_01958,1,1,test
doc_03194,sci.electronics,6,thread_group_01959,1,1,test
doc_03195,comp.sys.mac.hardware,3,thread_group_00527,6,1,test
doc_03196,comp.os.ms-windows.misc,1,thread_group_01960,1,1,train
doc_03197,comp.windows.x,4,thread_group_00365,2,1,val
doc_03198,sci.electronics,6,thread_group_01961,1,1,test
doc_03199,comp.graphics,0,thread_group_01962,1,1,train
doc_03200,comp.sys.mac.hardware,3,thread_group_01963,2,1,train
doc_03201,sci.electronics,6,thread_group_00509,46,1,train
doc_03202,comp.windows.x,4,thread_group_01964,1,1,train
doc_03203,comp.sys.ibm.pc.hardware,2,thread_group_01965,1,1,val
doc_03204,sci.crypt,5,thread_group_00779,38,1,train
doc_03205,comp.sys.mac.hardware,3,thread_group_01966,1,1,test
doc_03206,comp.windows.x,4,thread_group_01967,1,1,train
doc_03207,comp.sys.ibm.pc.hardware,2,thread_group_01968,1,1,train
doc_03208,comp.os.ms-windows.misc,1,thread_group_01969,2,1,val
doc_03209,comp.sys.mac.hardware,3,thread_group_01970,2,1,train
doc_03210,comp.sys.ibm.pc.hardware,2,thread_group_01036,4,1,test
doc_03211,comp.windows.x,4,thread_group_01971,2,1,train
doc_03212,comp.windows.x,4,thread_group_01972,1,1,train
doc_03213,comp.os.ms-windows.misc,1,thread_group_01973,1,1,train
doc_03214,comp.sys.mac.hardware,3,thread_group_01974,1,1,val
doc_03215,comp.os.ms-windows.misc,1,thread_group_01975,2,1,test
doc_03216,comp.os.ms-windows.misc,1,thread_group_01976,1,1,val
doc_03217,comp.os.ms-windows.misc,1,thread_group_01977,1,1,train
doc_03218,comp.sys.ibm.pc.hardware,2,thread_group_01978,1,1,test
doc_03219,sci.crypt,5,thread_group_00149,10,1,train
doc_03220,comp.sys.ibm.pc.hardware,2,thread_group_01979,4,1,train
doc_03221,comp.sys.ibm.pc.hardware,2,thread_group_00926,2,1,train
doc_03222,sci.crypt,5,thread_group_01980,3,1,test
doc_03223,comp.os.ms-windows.misc,1,thread_group_01981,1,1,val
doc_03224,comp.sys.mac.hardware,3,thread_group_01982,1,1,val
doc_03225,comp.graphics,0,thread_group_01983,1,1,train
doc_03226,comp.graphics,0,thread_group_01984,2,1,train
doc_03227,comp.sys.ibm.pc.hardware,2,thread_group_01985,1,1,train
doc_03228,comp.sys.mac.hardware,3,thread_group_01986,1,1,train
doc_03229,comp.os.ms-windows.misc,1,thread_group_01987,2,1,train
doc_03230,comp.sys.mac.hardware,3,thread_group_01988,1,1,train
doc_03231,comp.sys.ibm.pc.hardware,2,thread_group_01979,4,1,train
doc_03232,comp.windows.x,4,thread_group_01989,1,1,train
doc_03233,comp.sys.mac.hardware,3,thread_group_01990,1,1,train
doc_03234,comp.windows.x,4,thread_group_00694,5,1,test
doc_03235,sci.crypt,5,thread_group_00136,32,1,test
doc_03236,sci.electronics,6,thread_group_01991,1,1,train
doc_03237,comp.os.ms-windows.misc,1,thread_group_00328,4,1,train
doc_03238,comp.windows.x,4,thread_group_03531,3,1,train
doc_03239,sci.electronics,6,thread_group_00255,17,1,train
doc_03240,sci.crypt,5,thread_group_00779,38,1,train
doc_03241,comp.os.ms-windows.misc,1,thread_group_00821,2,1,train
doc_03242,comp.os.ms-windows.misc,1,thread_group_01992,2,1,val
doc_03243,sci.electronics,6,thread_group_01993,1,1,test
doc_03244,comp.os.ms-windows.misc,1,thread_group_01994,1,1,train
doc_03245,comp.windows.x,4,thread_group_01995,1,1,test
doc_03246,comp.sys.ibm.pc.hardware,2,thread_group_01996,1,1,test
doc_03247,sci.electronics,6,thread_group_01997,1,1,val
doc_03248,sci.crypt,5,thread_group_00118,234,1,train
doc_03249,comp.sys.mac.hardware,3,thread_group_01998,1,1,train
doc_03250,comp.graphics,0,thread_group_01083,20,1,train
doc_03251,comp.sys.ibm.pc.hardware,2,thread_group_01999,1,1,val
doc_03252,sci.crypt,5,thread_group_02042,6,1,train
doc_03253,comp.os.ms-windows.misc,1,thread_group_02000,1,1,train
doc_03254,comp.os.ms-windows.misc,1,thread_group_02001,8,1,train
doc_03255,comp.sys.mac.hardware,3,thread_group_02002,1,1,train
doc_03256,comp.windows.x,4,thread_group_02003,1,1,train
doc_03257,comp.os.ms-windows.misc,1,thread_group_00215,11,1,train
doc_03258,comp.os.ms-windows.misc,1,thread_group_00835,14,1,train
doc_03259,sci.crypt,5,thread_group_00118,234,1,train
doc_03260,comp.graphics,0,thread_group_00325,10,1,train
doc_03261,comp.os.ms-windows.misc,1,thread_group_02004,2,1,train
doc_03262,comp.windows.x,4,thread_group_01247,14,1,train
doc_03263,comp.sys.mac.hardware,3,thread_group_01527,4,1,train
doc_03264,sci.crypt,5,thread_group_02005,2,1,val
doc_03265,comp.windows.x,4,thread_group_02006,1,1,train
doc_03266,comp.graphics,0,thread_group_02007,1,1,train
doc_03267,comp.windows.x,4,thread_group_02008,1,1,train
doc_03268,comp.sys.ibm.pc.hardware,2,thread_group_02009,1,1,train
doc_03269,sci.electronics,6,thread_group_00768,2,1,val
doc_03270,comp.windows.x,4,thread_group_02010,1,1,train
doc_03271,sci.electronics,6,thread_group_00253,6,1,train
doc_03272,comp.windows.x,4,thread_group_02379,2,1,train
doc_03273,sci.crypt,5,thread_group_02011,1,1,test
doc_03274,comp.os.ms-windows.misc,1,thread_group_00445,5,1,train
doc_03275,sci.crypt,5,thread_group_02012,1,1,test
doc_03276,sci.crypt,5,thread_group_02013,1,1,train
doc_03277,sci.crypt,5,thread_group_02014,5,1,train
doc_03278,sci.crypt,5,thread_group_00479,18,1,train
doc_03279,comp.os.ms-windows.misc,1,thread_group_02015,1,1,train
doc_03280,comp.sys.ibm.pc.hardware,2,thread_group_02016,1,1,train
doc_03281,sci.electronics,6,thread_group_02275,21,1,train
doc_03282,comp.sys.ibm.pc.hardware,2,thread_group_02320,2,1,val
doc_03283,comp.os.ms-windows.misc,1,thread_group_02017,2,1,test
doc_03284,sci.electronics,6,thread_group_00324,19,1,val
doc_03285,comp.graphics,0,thread_group_02018,2,1,train
doc_03286,sci.crypt,5,thread_group_00477,8,1,train
doc_03287,comp.windows.x,4,thread_group_02019,1,1,train
doc_03288,sci.electronics,6,thread_group_02020,1,1,train
doc_03289,sci.electronics,6,thread_group_00186,7,1,train
doc_03290,comp.os.ms-windows.misc,1,thread_group_02021,1,1,train
doc_03291,comp.sys.mac.hardware,3,thread_group_02022,2,1,train
doc_03292,comp.graphics,0,thread_group_02023,1,1,train
doc_03293,comp.os.ms-windows.misc,1,thread_group_01053,14,1,train
doc_03294,sci.electronics,6,thread_group_02024,1,1,train
doc_03295,comp.windows.x,4,thread_group_02025,2,1,train
doc_03296,sci.crypt,5,thread_group_01642,16,1,val
doc_03297,comp.os.ms-windows.misc,1,thread_group_02026,1,1,test
doc_03298,comp.windows.x,4,thread_group_02027,2,1,val
doc_03299,comp.graphics,0,thread_group_00390,9,1,test
doc_03300,comp.sys.ibm.pc.hardware,2,thread_group_01131,4,1,train
doc_03301,sci.electronics,6,thread_group_00615,6,1,train
doc_03302,comp.sys.ibm.pc.hardware,2,thread_group_02028,1,1,train
doc_03303,comp.sys.mac.hardware,3,thread_group_02029,2,1,train
doc_03304,comp.sys.mac.hardware,3,thread_group_02030,1,1,val
doc_03305,comp.graphics,0,thread_group_02031,3,1,train
doc_03306,comp.os.ms-windows.misc,1,thread_group_02032,2,1,train
doc_03307,comp.windows.x,4,thread_group_01097,5,1,train
doc_03308,comp.sys.ibm.pc.hardware,2,thread_group_02033,1,1,train
doc_03309,comp.sys.mac.hardware,3,thread_group_02034,1,1,train
doc_03310,sci.electronics,6,thread_group_02275,21,1,train
doc_03311,comp.windows.x,4,thread_group_02035,1,1,test
doc_03312,sci.electronics,6,thread_group_02036,1,1,train
doc_03313,comp.sys.mac.hardware,3,thread_group_02037,1,1,train
doc_03314,comp.os.ms-windows.misc,1,thread_group_01746,7,1,train
doc_03315,comp.graphics,0,thread_group_01634,4,1,train
doc_03316,comp.os.ms-windows.misc,1,thread_group_02038,1,1,train
doc_03317,comp.os.ms-windows.misc,1,thread_group_02039,4,1,train
doc_03318,sci.electronics,6,thread_group_02040,3,1,train
doc_03319,comp.windows.x,4,thread_group_02041,1,1,val
doc_03320,comp.graphics,0,thread_group_00646,2,1,val
doc_03321,sci.electronics,6,thread_group_00045,4,1,test
doc_03322,sci.electronics,6,thread_group_03252,2,1,train
doc_03323,sci.crypt,5,thread_group_02042,6,1,train
doc_03324,comp.os.ms-windows.misc,1,thread_group_03508,2,1,test
doc_03325,comp.windows.x,4,thread_group_02043,1,1,train
doc_03326,comp.windows.x,4,thread_group_02044,1,1,train
doc_03327,comp.sys.mac.hardware,3,thread_group_00404,11,1,train
doc_03328,comp.os.ms-windows.misc,1,thread_group_00335,13,1,train
doc_03329,comp.windows.x,4,thread_group_02045,1,1,train
doc_03330,comp.windows.x,4,thread_group_02046,1,1,train
doc_03331,comp.sys.mac.hardware,3,thread_group_02047,8,1,train
doc_03332,sci.crypt,5,thread_group_00825,4,1,train
doc_03333,comp.sys.mac.hardware,3,thread_group_01697,3,1,train
doc_03334,sci.crypt,5,thread_group_02048,1,1,val
doc_03335,comp.graphics,0,thread_group_02049,2,1,train
doc_03336,comp.windows.x,4,thread_group_02050,1,1,train
doc_03337,comp.windows.x,4,thread_group_03671,2,1,train
doc_03338,comp.windows.x,4,thread_group_02051,1,1,train
doc_03339,comp.sys.mac.hardware,3,thread_group_00128,2,1,train
doc_03340,comp.graphics,0,thread_group_02052,2,1,train
doc_03341,comp.windows.x,4,thread_group_02053,1,1,train
doc_03342,comp.os.ms-windows.misc,1,thread_group_02054,1,1,val
doc_03343,comp.os.ms-windows.misc,1,thread_group_00011,4,1,test
doc_03344,comp.os.ms-windows.misc,1,thread_group_01610,3,1,val
doc_03345,comp.windows.x,4,thread_group_02055,1,1,train
doc_03346,comp.sys.mac.hardware,3,thread_group_02047,8,1,train
doc_03347,comp.os.ms-windows.misc,1,thread_group_02056,1,1,train
doc_03348,comp.windows.x,4,thread_group_02057,1,1,train
doc_03349,comp.sys.mac.hardware,3,thread_group_02058,1,1,train
doc_03350,sci.crypt,5,thread_group_02059,1,1,val
doc_03351,sci.electronics,6,thread_group_02060,2,1,test
doc_03352,comp.sys.ibm.pc.hardware,2,thread_group_02061,1,1,val
doc_03353,sci.crypt,5,thread_group_02062,3,1,train
doc_03354,comp.windows.x,4,thread_group_00205,26,1,test
doc_03355,sci.crypt,5,thread_group_00477,8,1,train
doc_03356,comp.windows.x,4,thread_group_02063,1,1,val
doc_03357,comp.sys.ibm.pc.hardware,2,thread_group_01925,3,1,train
doc_03358,comp.graphics,0,thread_group_02064,1,1,train
doc_03359,sci.crypt,5,thread_group_00613,22,1,val
doc_03360,sci.crypt,5,thread_group_00779,38,1,train
doc_03361,comp.sys.ibm.pc.hardware,2,thread_group_02065,5,1,train
doc_03362,comp.windows.x,4,thread_group_02066,1,1,train
doc_03363,comp.os.ms-windows.misc,1,thread_group_02067,1,1,train
doc_03364,comp.windows.x,4,thread_group_02226,3,1,train
doc_03365,comp.sys.ibm.pc.hardware,2,thread_group_02068,1,1,val
doc_03366,sci.crypt,5,thread_group_00118,234,1,train
doc_03367,comp.os.ms-windows.misc,1,thread_group_00328,4,1,train
doc_03368,comp.windows.x,4,thread_group_02069,1,1,test
doc_03369,comp.graphics,0,thread_group_02070,1,1,train
doc_03370,comp.os.ms-windows.misc,1,thread_group_03290,2,1,train
doc_03371,comp.sys.ibm.pc.hardware,2,thread_group_02071,1,1,train
doc_03372,comp.sys.ibm.pc.hardware,2,thread_group_02072,2,1,train
doc_03373,sci.crypt,5,thread_group_00196,19,1,train
doc_03374,sci.crypt,5,thread_group_00260,10,1,train
doc_03375,comp.windows.x,4,thread_group_02073,1,1,train
doc_03376,sci.electronics,6,thread_group_02074,4,1,train
doc_03377,comp.sys.ibm.pc.hardware,2,thread_group_02075,2,1,train
doc_03378,comp.sys.mac.hardware,3,thread_group_02076,2,1,train
doc_03379,comp.os.ms-windows.misc,1,thread_group_00203,9,1,train
doc_03380,comp.graphics,0,thread_group_00314,6,1,train
doc_03381,comp.sys.ibm.pc.hardware,2,thread_group_02553,2,1,train
doc_03382,comp.windows.x,4,thread_group_02077,1,1,train
doc_03383,comp.sys.ibm.pc.hardware,2,thread_group_02734,4,1,train
doc_03384,sci.crypt,5,thread_group_00118,234,1,train
doc_03385,sci.electronics,6,thread_group_02078,1,1,train
doc_03386,comp.windows.x,4,thread_group_02079,1,1,train
doc_03387,comp.os.ms-windows.misc,1,thread_group_01731,3,1,train
doc_03388,sci.crypt,5,thread_group_00118,234,1,train
doc_03389,comp.os.ms-windows.misc,1,thread_group_02080,1,1,train
doc_03390,sci.crypt,5,thread_group_00118,234,1,train
doc_03391,comp.sys.ibm.pc.hardware,2,thread_group_02081,1,1,train
doc_03392,comp.os.ms-windows.misc,1,thread_group_00448,3,1,train
doc_03393,comp.sys.ibm.pc.hardware,2,thread_group_02082,1,1,train
doc_03394,comp.graphics,0,thread_group_02083,1,1,val
doc_03395,comp.sys.mac.hardware,3,thread_group_02084,4,1,train
doc_03396,sci.electronics,6,thread_group_01039,8,1,train
doc_03397,comp.os.ms-windows.misc,1,thread_group_01954,9,1,train
doc_03398,comp.windows.x,4,thread_group_02085,2,1,train
doc_03399,comp.graphics,0,thread_group_02086,1,1,train
doc_03400,sci.crypt,5,thread_group_00231,47,1,val
doc_03401,comp.graphics,0,thread_group_00433,4,1,train
doc_03402,comp.graphics,0,thread_group_02087,2,1,val
doc_03403,comp.sys.mac.hardware,3,thread_group_00240,3,1,train
doc_03404,sci.crypt,5,thread_group_00779,38,1,train
doc_03405,comp.sys.ibm.pc.hardware,2,thread_group_01165,6,1,test
doc_03406,comp.sys.mac.hardware,3,thread_group_02088,1,1,val
doc_03407,comp.windows.x,4,thread_group_02089,2,1,val
doc_03408,comp.graphics,0,thread_group_00951,3,1,train
doc_03409,comp.sys.mac.hardware,3,thread_group_02090,1,1,train
doc_03410,sci.crypt,5,thread_group_02103,3,1,train
doc_03411,comp.sys.mac.hardware,3,thread_group_00519,5,1,val
doc_03412,comp.sys.ibm.pc.hardware,2,thread_group_02091,1,1,test
doc_03413,comp.graphics,0,thread_group_02092,1,1,train
doc_03414,comp.os.ms-windows.misc,1,thread_group_02093,1,1,train
doc_03415,comp.windows.x,4,thread_group_00205,26,1,test
doc_03416,sci.crypt,5,thread_group_02717,14,1,train
doc_03417,sci.crypt,5,thread_group_02717,14,1,train
doc_03418,sci.electronics,6,thread_group_00324,19,1,val
doc_03419,comp.sys.mac.hardware,3,thread_group_02094,1,1,train
doc_03420,comp.graphics,0,thread_group_00065,26,1,train
doc_03421,sci.crypt,5,thread_group_00613,22,1,val
doc_03422,comp.os.ms-windows.misc,1,thread_group_00074,7,1,train
doc_03423,sci.crypt,5,thread_group_00391,31,1,train
doc_03424,comp.sys.ibm.pc.hardware,2,thread_group_02095,1,1,train
doc_03425,sci.electronics,6,thread_group_02096,1,1,test
doc_03426,sci.electronics,6,thread_group_02097,3,1,train
doc_03427,comp.graphics,0,thread_group_00181,3,1,test
doc_03428,comp.sys.ibm.pc.hardware,2,thread_group_02098,1,1,train
doc_03429,comp.sys.ibm.pc.hardware,2,thread_group_02072,2,1,train
doc_03430,comp.sys.mac.hardware,3,thread_group_02099,1,1,train
doc_03431,comp.sys.mac.hardware,3,thread_group_00731,8,1,train
doc_03432,sci.crypt,5,thread_group_00084,27,1,test
doc_03433,comp.windows.x,4,thread_group_02100,1,1,test
doc_03434,comp.graphics,0,thread_group_00325,10,1,train
doc_03435,comp.os.ms-windows.misc,1,thread_group_00335,13,1,train
doc_03436,comp.graphics,0,thread_group_02101,1,1,train
doc_03437,sci.electronics,6,thread_group_02102,2,1,train
doc_03438,comp.os.ms-windows.misc,1,thread_group_01053,14,1,train
doc_03439,comp.os.ms-windows.misc,1,thread_group_02017,2,1,test
doc_03440,comp.graphics,0,thread_group_03554,4,1,train
doc_03441,comp.sys.mac.hardware,3,thread_group_02774,2,1,val
doc_03442,sci.crypt,5,thread_group_02103,3,1,train
doc_03443,comp.os.ms-windows.misc,1,thread_group_00276,4,1,train
doc_03444,sci.electronics,6,thread_group_02104,1,1,train
doc_03445,comp.graphics,0,thread_group_00325,10,1,train
doc_03446,sci.electronics,6,thread_group_02105,2,1,train
doc_03447,sci.crypt,5,thread_group_00118,234,1,train
doc_03448,sci.electronics,6,thread_group_00682,7,1,train
doc_03449,comp.sys.mac.hardware,3,thread_group_02106,1,1,test
doc_03450,comp.os.ms-windows.misc,1,thread_group_02107,2,1,train
doc_03451,comp.sys.ibm.pc.hardware,2,thread_group_02108,1,1,test
doc_03452,sci.electronics,6,thread_group_00324,19,1,val
doc_03453,comp.windows.x,4,thread_group_02109,1,1,train
doc_03454,comp.graphics,0,thread_group_01867,4,1,test
doc_03455,comp.os.ms-windows.misc,1,thread_group_01633,2,1,val
doc_03456,comp.sys.mac.hardware,3,thread_group_02711,3,1,train
doc_03457,sci.electronics,6,thread_group_03482,2,1,val
doc_03458,comp.os.ms-windows.misc,1,thread_group_02039,4,1,train
doc_03459,sci.crypt,5,thread_group_02110,1,1,train
doc_03460,comp.windows.x,4,thread_group_02111,1,1,train
doc_03461,comp.sys.ibm.pc.hardware,2,thread_group_02112,1,1,test
doc_03462,comp.windows.x,4,thread_group_02113,1,1,train
doc_03463,comp.sys.ibm.pc.hardware,2,thread_group_02114,1,1,test
doc_03464,comp.sys.ibm.pc.hardware,2,thread_group_02115,2,1,val
doc_03465,comp.graphics,0,thread_group_02116,1,1,train
doc_03466,comp.windows.x,4,thread_group_00918,14,1,train
doc_03467,comp.sys.mac.hardware,3,thread_group_02117,1,1,train
doc_03468,sci.crypt,5,thread_group_02627,13,1,val
doc_03469,comp.sys.mac.hardware,3,thread_group_02118,1,1,val
doc_03470,sci.crypt,5,thread_group_02119,1,1,test
doc_03471,comp.sys.mac.hardware,3,thread_group_00642,3,1,train
doc_03472,sci.electronics,6,thread_group_03831,2,1,test
doc_03473,comp.sys.ibm.pc.hardware,2,thread_group_02120,1,1,val
doc_03474,comp.sys.mac.hardware,3,thread_group_02121,2,1,val
doc_03475,sci.electronics,6,thread_group_02357,2,1,train
doc_03476,sci.electronics,6,thread_group_01546,3,1,train
doc_03477,sci.electronics,6,thread_group_00197,4,1,train
doc_03478,comp.graphics,0,thread_group_02154,2,1,train
doc_03479,comp.sys.mac.hardware,3,thread_group_03845,2,1,train
doc_03480,comp.os.ms-windows.misc,1,thread_group_00154,6,1,train
doc_03481,comp.os.ms-windows.misc,1,thread_group_03456,2,1,train
doc_03482,comp.windows.x,4,thread_group_02122,1,1,test
doc_03483,sci.electronics,6,thread_group_02123,1,1,val
doc_03484,comp.sys.mac.hardware,3,thread_group_02124,1,1,train
doc_03485,comp.windows.x,4,thread_group_02125,1,1,train
doc_03486,comp.os.ms-windows.misc,1,thread_group_02126,1,1,train
doc_03487,comp.windows.x,4,thread_group_02127,1,1,train
doc_03488,sci.crypt,5,thread_group_00118,234,1,train
doc_03489,comp.windows.x,4,thread_group_02128,1,1,train
doc_03490,comp.sys.mac.hardware,3,thread_group_02129,1,1,train
doc_03491,comp.os.ms-windows.misc,1,thread_group_01421,4,1,train
doc_03492,comp.windows.x,4,thread_group_01510,3,1,test
doc_03493,comp.os.ms-windows.misc,1,thread_group_02130,1,1,val
doc_03494,comp.sys.mac.hardware,3,thread_group_02131,1,1,train
doc_03495,comp.sys.mac.hardware,3,thread_group_02132,1,1,train
doc_03496,comp.windows.x,4,thread_group_02133,1,1,train
doc_03497,sci.crypt,5,thread_group_00231,47,1,val
doc_03498,comp.windows.x,4,thread_group_02134,2,1,train
doc_03499,sci.crypt,5,thread_group_00118,234,1,train
doc_03500,sci.electronics,6,thread_group_02135,4,1,test
doc_03501,comp.sys.mac.hardware,3,thread_group_00023,3,1,train
doc_03502,comp.graphics,0,thread_group_02280,2,1,train
doc_03503,comp.sys.ibm.pc.hardware,2,thread_group_02136,3,1,train
doc_03504,comp.windows.x,4,thread_group_01638,3,1,train
doc_03505,sci.electronics,6,thread_group_02137,1,1,train
doc_03506,comp.os.ms-windows.misc,1,thread_group_00816,5,1,train
doc_03507,comp.graphics,0,thread_group_00829,3,1,test
doc_03508,comp.windows.x,4,thread_group_02138,1,1,train
doc_03509,comp.windows.x,4,thread_group_03725,2,1,train
doc_03510,comp.os.ms-windows.misc,1,thread_group_02139,1,1,train
doc_03511,comp.sys.mac.hardware,3,thread_group_02140,1,1,train
doc_03512,comp.windows.x,4,thread_group_01097,5,1,train
doc_03513,comp.os.ms-windows.misc,1,thread_group_00321,11,1,val
doc_03514,comp.windows.x,4,thread_group_02141,1,1,train
doc_03515,sci.electronics,6,thread_group_01854,17,1,train
doc_03516,comp.sys.mac.hardware,3,thread_group_00771,5,1,train
doc_03517,comp.windows.x,4,thread_group_02142,1,1,train
doc_03518,comp.windows.x,4,thread_group_02143,1,1,train
doc_03519,comp.graphics,0,thread_group_02144,1,1,train
doc_03520,sci.crypt,5,thread_group_00118,234,1,train
doc_03521,comp.os.ms-windows.misc,1,thread_group_00442,3,1,train
doc_03522,comp.sys.mac.hardware,3,thread_group_02145,2,1,train
doc_03523,comp.sys.ibm.pc.hardware,2,thread_group_02146,1,1,train
doc_03524,comp.windows.x,4,thread_group_02147,1,1,train
doc_03525,comp.os.ms-windows.misc,1,thread_group_02148,1,1,test
doc_03526,comp.windows.x,4,thread_group_00053,4,1,train
doc_03527,sci.electronics,6,thread_group_02149,1,1,train
doc_03528,comp.graphics,0,thread_group_02150,1,1,train
doc_03529,comp.windows.x,4,thread_group_02151,1,1,val
doc_03530,comp.windows.x,4,thread_group_02152,2,1,train
doc_03531,comp.windows.x,4,thread_group_02153,1,1,train
doc_03532,comp.graphics,0,thread_group_02154,2,1,train
doc_03533,sci.electronics,6,thread_group_00559,5,1,train
doc_03534,comp.sys.ibm.pc.hardware,2,thread_group_02155,2,1,train
doc_03535,comp.sys.ibm.pc.hardware,2,thread_group_02156,1,1,train
doc_03536,comp.os.ms-windows.misc,1,thread_group_02157,1,1,val
doc_03537,comp.os.ms-windows.misc,1,thread_group_00092,13,1,train
doc_03538,sci.electronics,6,thread_group_00509,46,1,train
doc_03539,sci.electronics,6,thread_group_01379,3,1,train
doc_03540,comp.windows.x,4,thread_group_00893,10,1,train
doc_03541,comp.windows.x,4,thread_group_02158,2,1,train
doc_03542,sci.electronics,6,thread_group_01068,5,1,val
doc_03543,sci.crypt,5,thread_group_00118,234,1,train
doc_03544,comp.sys.ibm.pc.hardware,2,thread_group_00101,8,1,train
doc_03545,comp.sys.ibm.pc.hardware,2,thread_group_02159,1,1,val
doc_03546,comp.os.ms-windows.misc,1,thread_group_02160,1,1,test
doc_03547,comp.graphics,0,thread_group_02161,1,1,train
doc_03548,comp.windows.x,4,thread_group_02162,1,1,train
doc_03549,comp.os.ms-windows.misc,1,thread_group_02163,1,1,train
doc_03550,sci.crypt,5,thread_group_00118,234,1,train
doc_03551,comp.os.ms-windows.misc,1,thread_group_02164,1,1,train
doc_03552,comp.windows.x,4,thread_group_02165,2,1,train
doc_03553,comp.os.ms-windows.misc,1,thread_group_02166,1,1,train
doc_03554,comp.graphics,0,thread_group_03304,2,1,train
doc_03555,comp.graphics,0,thread_group_03408,2,1,test
doc_03556,comp.graphics,0,thread_group_00709,5,1,train
doc_03557,comp.graphics,0,thread_group_02167,1,1,train
doc_03558,comp.os.ms-windows.misc,1,thread_group_00816,5,1,train
doc_03559,comp.os.ms-windows.misc,1,thread_group_02107,2,1,train
doc_03560,comp.graphics,0,thread_group_02168,5,1,train
doc_03561,comp.windows.x,4,thread_group_02169,2,1,test
doc_03562,comp.sys.mac.hardware,3,thread_group_00571,5,1,train
doc_03563,comp.windows.x,4,thread_group_02170,2,1,train
doc_03564,comp.graphics,0,thread_group_02171,1,1,train
doc_03565,sci.electronics,6,thread_group_00867,5,1,val
doc_03566,sci.electronics,6,thread_group_01424,3,1,train
doc_03567,comp.windows.x,4,thread_group_02213,2,1,train
doc_03568,comp.windows.x,4,thread_group_02172,1,1,train
doc_03569,comp.windows.x,4,thread_group_02173,1,1,test
doc_03570,sci.electronics,6,thread_group_02174,2,1,train
doc_03571,sci.electronics,6,thread_group_01817,7,1,val
doc_03572,comp.os.ms-windows.misc,1,thread_group_02175,1,1,val
doc_03573,sci.crypt,5,thread_group_02062,3,1,train
doc_03574,sci.crypt,5,thread_group_02176,1,1,val
doc_03575,comp.sys.ibm.pc.hardware,2,thread_group_02263,4,1,train
doc_03576,comp.os.ms-windows.misc,1,thread_group_02177,1,1,test
doc_03577,comp.windows.x,4,thread_group_03429,2,1,train
doc_03578,comp.sys.mac.hardware,3,thread_group_02047,8,1,train
doc_03579,sci.crypt,5,thread_group_00149,10,1,train
doc_03580,sci.crypt,5,thread_group_02717,14,1,train
doc_03581,sci.crypt,5,thread_group_00479,18,1,train
doc_03582,sci.electronics,6,thread_group_02178,1,1,test
doc_03583,comp.sys.mac.hardware,3,thread_group_02179,1,1,train
doc_03584,sci.crypt,5,thread_group_00196,19,1,train
doc_03585,comp.windows.x,4,thread_group_02180,1,1,test
doc_03586,comp.windows.x,4,thread_group_02181,1,1,test
doc_03587,comp.sys.ibm.pc.hardware,2,thread_group_01844,2,1,val
doc_03588,comp.sys.mac.hardware,3,thread_group_02182,1,1,train
doc_03589,comp.graphics,0,thread_group_02183,1,1,train
doc_03590,comp.graphics,0,thread_group_02184,1,1,val
doc_03591,comp.graphics,0,thread_group_02185,1,1,test
doc_03592,comp.sys.ibm.pc.hardware,2,thread_group_02186,1,1,train
doc_03593,comp.sys.ibm.pc.hardware,2,thread_group_02187,1,1,train
doc_03594,sci.electronics,6,thread_group_00733,3,1,train
doc_03595,comp.graphics,0,thread_group_02194,2,1,train
doc_03596,comp.sys.mac.hardware,3,thread_group_00404,11,1,train
doc_03597,sci.crypt,5,thread_group_02717,14,1,train
doc_03598,comp.sys.mac.hardware,3,thread_group_03036,2,1,train
doc_03599,comp.sys.mac.hardware,3,thread_group_00571,5,1,train
doc_03600,comp.graphics,0,thread_group_02319,19,1,train
doc_03601,comp.sys.ibm.pc.hardware,2,thread_group_02188,1,1,train
doc_03602,comp.windows.x,4,thread_group_02189,1,1,train
doc_03603,sci.crypt,5,thread_group_02190,1,1,train
doc_03604,sci.electronics,6,thread_group_02191,1,1,train
doc_03605,comp.sys.mac.hardware,3,thread_group_02192,1,1,train
doc_03606,comp.windows.x,4,thread_group_02193,1,1,train
doc_03607,sci.electronics,6,thread_group_03258,2,1,train
doc_03608,comp.graphics,0,thread_group_02194,2,1,train
doc_03609,comp.sys.ibm.pc.hardware,2,thread_group_02195,1,1,train
doc_03610,comp.os.ms-windows.misc,1,thread_group_02196,1,1,test
doc_03611,comp.sys.ibm.pc.hardware,2,thread_group_02197,1,1,test
doc_03612,sci.crypt,5,thread_group_02783,2,1,train
doc_03613,comp.sys.mac.hardware,3,thread_group_02198,3,1,train
doc_03614,comp.os.ms-windows.misc,1,thread_group_02199,1,1,train
doc_03615,comp.sys.ibm.pc.hardware,2,thread_group_02200,3,1,test
doc_03616,sci.electronics,6,thread_group_00270,4,1,test
doc_03617,comp.windows.x,4,thread_group_01473,3,1,train
doc_03618,comp.os.ms-windows.misc,1,thread_group_02201,1,1,train
doc_03619,sci.electronics,6,thread_group_03003,2,1,train
doc_03620,sci.electronics,6,thread_group_02202,1,1,train
doc_03621,comp.graphics,0,thread_group_02203,2,1,test
doc_03622,sci.electronics,6,thread_group_02204,3,1,train
doc_03623,comp.os.ms-windows.misc,1,thread_group_02039,4,1,train
doc_03624,comp.sys.ibm.pc.hardware,2,thread_group_00498,4,1,train
doc_03625,comp.sys.ibm.pc.hardware,2,thread_group_00749,7,1,train
doc_03626,comp.os.ms-windows.misc,1,thread_group_02492,2,1,val
doc_03627,comp.windows.x,4,thread_group_02205,1,1,train
doc_03628,sci.crypt,5,thread_group_00118,234,1,train
doc_03629,comp.sys.mac.hardware,3,thread_group_02206,1,1,train
doc_03630,comp.os.ms-windows.misc,1,thread_group_00835,14,1,train
doc_03631,comp.sys.mac.hardware,3,thread_group_00269,2,1,test
doc_03632,sci.crypt,5,thread_group_00196,19,1,train
doc_03633,comp.sys.mac.hardware,3,thread_group_02207,1,1,train
doc_03634,sci.electronics,6,thread_group_00509,46,1,train
doc_03635,comp.graphics,0,thread_group_00225,3,1,val
doc_03636,comp.os.ms-windows.misc,1,thread_group_00579,3,1,train
doc_03637,comp.sys.ibm.pc.hardware,2,thread_group_02208,1,1,train
doc_03638,comp.windows.x,4,thread_group_02209,3,1,train
doc_03639,comp.windows.x,4,thread_group_02210,1,1,train
doc_03640,comp.windows.x,4,thread_group_02211,1,1,train
doc_03641,sci.crypt,5,thread_group_02212,1,1,train
doc_03642,comp.windows.x,4,thread_group_02213,2,1,train
doc_03643,comp.windows.x,4,thread_group_01163,2,1,train
doc_03644,sci.crypt,5,thread_group_00613,22,1,val
doc_03645,comp.os.ms-windows.misc,1,thread_group_02996,2,1,train
doc_03646,sci.electronics,6,thread_group_00060,3,1,train
doc_03647,comp.os.ms-windows.misc,1,thread_group_02214,1,1,test
doc_03648,sci.crypt,5,thread_group_01257,10,1,train
doc_03649,comp.sys.ibm.pc.hardware,2,thread_group_00667,5,1,test
doc_03650,sci.electronics,6,thread_group_00069,11,1,val
doc_03651,comp.sys.mac.hardware,3,thread_group_02215,1,1,val
doc_03652,sci.electronics,6,thread_group_03630,2,1,val
doc_03653,sci.crypt,5,thread_group_00149,10,1,train
doc_03654,sci.crypt,5,thread_group_00118,234,1,train
doc_03655,comp.sys.mac.hardware,3,thread_group_02216,1,1,train
doc_03656,comp.sys.mac.hardware,3,thread_group_03147,2,1,val
doc_03657,sci.electronics,6,thread_group_01854,17,1,train
doc_03658,sci.electronics,6,thread_group_02217,1,1,train
doc_03659,comp.windows.x,4,thread_group_02218,1,1,val
doc_03660,comp.windows.x,4,thread_group_02219,1,1,train
doc_03661,comp.graphics,0,thread_group_02319,19,1,train
doc_03662,comp.sys.ibm.pc.hardware,2,thread_group_02220,1,1,train
doc_03663,comp.sys.ibm.pc.hardware,2,thread_group_02221,1,1,train
doc_03664,comp.sys.mac.hardware,3,thread_group_03287,2,1,train
doc_03665,comp.graphics,0,thread_group_00452,3,1,train
doc_03666,comp.os.ms-windows.misc,1,thread_group_02222,1,1,train
doc_03667,comp.windows.x,4,thread_group_02223,1,1,test
doc_03668,sci.crypt,5,thread_group_02230,4,1,train
doc_03669,sci.electronics,6,thread_group_01112,3,1,train
doc_03670,sci.electronics,6,thread_group_02224,1,1,train
doc_03671,comp.windows.x,4,thread_group_00893,10,1,train
doc_03672,comp.sys.ibm.pc.hardware,2,thread_group_02225,1,1,train
doc_03673,sci.crypt,5,thread_group_00460,11,1,val
doc_03674,comp.windows.x,4,thread_group_02226,3,1,train
doc_03675,sci.crypt,5,thread_group_02014,5,1,train
doc_03676,comp.windows.x,4,thread_group_02209,3,1,train
doc_03677,comp.os.ms-windows.misc,1,thread_group_02227,1,1,val
doc_03678,comp.sys.ibm.pc.hardware,2,thread_group_02228,1,1,val
doc_03679,comp.windows.x,4,thread_group_02229,1,1,val
doc_03680,sci.crypt,5,thread_group_02230,4,1,train
doc_03681,comp.sys.ibm.pc.hardware,2,thread_group_02231,1,1,val
doc_03682,comp.os.ms-windows.misc,1,thread_group_00763,4,1,train
doc_03683,sci.crypt,5,thread_group_00118,234,1,train
doc_03684,comp.os.ms-windows.misc,1,thread_group_02232,1,1,test
doc_03685,comp.sys.mac.hardware,3,thread_group_00627,4,1,test
doc_03686,sci.crypt,5,thread_group_00391,31,1,train
doc_03687,comp.os.ms-windows.misc,1,thread_group_02233,1,1,train
doc_03688,comp.sys.mac.hardware,3,thread_group_02234,2,1,train
doc_03689,comp.sys.ibm.pc.hardware,2,thread_group_00251,3,1,train
doc_03690,sci.electronics,6,thread_group_02235,1,1,train
doc_03691,comp.windows.x,4,thread_group_00843,3,1,train
doc_03692,sci.electronics,6,thread_group_00534,5,1,test
doc_03693,comp.sys.ibm.pc.hardware,2,thread_group_02236,1,1,test
doc_03694,comp.sys.ibm.pc.hardware,2,thread_group_02237,1,1,train
doc_03695,comp.sys.mac.hardware,3,thread_group_01198,3,1,val
doc_03696,comp.os.ms-windows.misc,1,thread_group_02238,1,1,train
doc_03697,comp.os.ms-windows.misc,1,thread_group_02239,1,1,test
doc_03698,comp.windows.x,4,thread_group_02240,1,1,train
doc_03699,sci.crypt,5,thread_group_00460,11,1,val
doc_03700,comp.sys.mac.hardware,3,thread_group_02241,1,1,train
doc_03701,sci.crypt,5,thread_group_02242,1,1,train
doc_03702,comp.windows.x,4,thread_group_00750,2,1,train
doc_03703,comp.sys.mac.hardware,3,thread_group_02243,1,1,train
doc_03704,comp.sys.ibm.pc.hardware,2,thread_group_02244,1,1,train
doc_03705,comp.graphics,0,thread_group_00650,13,1,train
doc_03706,sci.crypt,5,thread_group_02245,1,1,train
doc_03707,comp.graphics,0,thread_group_02246,2,1,train
doc_03708,comp.graphics,0,thread_group_02247,1,1,train
doc_03709,comp.os.ms-windows.misc,1,thread_group_00413,10,1,train
doc_03710,sci.crypt,5,thread_group_00118,234,1,train
doc_03711,comp.sys.mac.hardware,3,thread_group_02248,1,1,train
doc_03712,sci.crypt,5,thread_group_00260,10,1,train
doc_03713,comp.sys.mac.hardware,3,thread_group_01464,3,1,train
doc_03714,sci.crypt,5,thread_group_00136,32,1,test
doc_03715,comp.sys.ibm.pc.hardware,2,thread_group_01131,4,1,train
doc_03716,sci.crypt,5,thread_group_00118,234,1,train
doc_03717,comp.graphics,0,thread_group_02249,4,1,train
doc_03718,comp.os.ms-windows.misc,1,thread_group_01148,8,1,train
doc_03719,comp.sys.ibm.pc.hardware,2,thread_group_00101,8,1,train
doc_03720,sci.electronics,6,thread_group_02340,2,1,train
doc_03721,sci.electronics,6,thread_group_00069,11,1,val
doc_03722,comp.os.ms-windows.misc,1,thread_group_02250,1,1,train
doc_03723,comp.graphics,0,thread_group_00065,26,1,train
doc_03724,comp.os.ms-windows.misc,1,thread_group_00412,4,1,val
doc_03725,comp.os.ms-windows.misc,1,thread_group_02251,2,1,train
doc_03726,comp.sys.mac.hardware,3,thread_group_03197,2,1,train
doc_03727,sci.electronics,6,thread_group_02252,1,1,train
doc_03728,comp.sys.ibm.pc.hardware,2,thread_group_01165,6,1,test
doc_03729,comp.windows.x,4,thread_group_02253,2,1,train
doc_03730,comp.windows.x,4,thread_group_02254,1,1,train
doc_03731,sci.crypt,5,thread_group_00391,31,1,train
doc_03732,comp.os.ms-windows.misc,1,thread_group_02255,1,1,val
doc_03733,comp.sys.mac.hardware,3,thread_group_02256,1,1,train
doc_03734,sci.crypt,5,thread_group_01257,10,1,train
doc_03735,comp.sys.ibm.pc.hardware,2,thread_group_02257,1,1,train
doc_03736,comp.sys.mac.hardware,3,thread_group_02258,3,1,train
doc_03737,comp.windows.x,4,thread_group_01912,2,1,val
doc_03738,comp.graphics,0,thread_group_02259,1,1,train
doc_03739,comp.graphics,0,thread_group_02260,1,1,train
doc_03740,comp.os.ms-windows.misc,1,thread_group_02261,1,1,train
doc_03741,sci.crypt,5,thread_group_00136,32,1,test
doc_03742,comp.os.ms-windows.misc,1,thread_group_02262,1,1,val
doc_03743,comp.os.ms-windows.misc,1,thread_group_03543,2,1,train
doc_03744,comp.sys.ibm.pc.hardware,2,thread_group_02263,4,1,train
doc_03745,sci.crypt,5,thread_group_00118,234,1,train
doc_03746,comp.graphics,0,thread_group_02264,1,1,test
doc_03747,comp.graphics,0,thread_group_02265,1,1,train
doc_03748,comp.os.ms-windows.misc,1,thread_group_00286,8,1,test
doc_03749,comp.sys.ibm.pc.hardware,2,thread_group_02266,1,1,val
doc_03750,sci.electronics,6,thread_group_00175,5,1,train
doc_03751,comp.graphics,0,thread_group_02606,2,1,train
doc_03752,comp.windows.x,4,thread_group_02267,1,1,train
doc_03753,sci.electronics,6,thread_group_00309,7,1,train
doc_03754,sci.electronics,6,thread_group_02268,1,1,test
doc_03755,comp.sys.ibm.pc.hardware,2,thread_group_02269,1,1,test
doc_03756,comp.os.ms-windows.misc,1,thread_group_00015,4,1,val
doc_03757,comp.sys.mac.hardware,3,thread_group_02391,2,1,train
doc_03758,comp.windows.x,4,thread_group_02270,1,1,test
doc_03759,comp.windows.x,4,thread_group_02271,1,1,train
doc_03760,comp.windows.x,4,thread_group_02272,1,1,train
doc_03761,comp.sys.ibm.pc.hardware,2,thread_group_02273,1,1,train
doc_03762,sci.electronics,6,thread_group_01783,3,1,train
doc_03763,sci.electronics,6,thread_group_00945,4,1,train
doc_03764,sci.crypt,5,thread_group_03244,2,1,train
doc_03765,sci.crypt,5,thread_group_00477,8,1,train
doc_03766,comp.sys.ibm.pc.hardware,2,thread_group_02155,2,1,train
doc_03767,sci.crypt,5,thread_group_00260,10,1,train
doc_03768,comp.os.ms-windows.misc,1,thread_group_00419,9,1,train
doc_03769,sci.electronics,6,thread_group_02274,3,1,train
doc_03770,sci.electronics,6,thread_group_02275,21,1,train
doc_03771,comp.sys.ibm.pc.hardware,2,thread_group_02276,2,1,val
doc_03772,comp.windows.x,4,thread_group_02277,1,1,val
doc_03773,sci.crypt,5,thread_group_00613,22,1,val
doc_03774,comp.os.ms-windows.misc,1,thread_group_02278,1,1,train
doc_03775,comp.graphics,0,thread_group_02279,1,1,train
doc_03776,comp.graphics,0,thread_group_02280,2,1,train
doc_03777,sci.electronics,6,thread_group_02281,2,1,train
doc_03778,sci.electronics,6,thread_group_00309,7,1,train
doc_03779,comp.sys.mac.hardware,3,thread_group_00367,10,1,val
doc_03780,comp.sys.mac.hardware,3,thread_group_02282,2,1,train
doc_03781,sci.electronics,6,thread_group_00137,3,1,test
doc_03782,sci.crypt,5,thread_group_00391,31,1,train
doc_03783,comp.windows.x,4,thread_group_02283,1,1,train
doc_03784,comp.sys.mac.hardware,3,thread_group_00780,4,1,train
doc_03785,comp.os.ms-windows.misc,1,thread_group_02284,1,1,train
doc_03786,comp.sys.mac.hardware,3,thread_group_02956,2,1,train
doc_03787,comp.sys.ibm.pc.hardware,2,thread_group_00085,4,1,train
doc_03788,comp.windows.x,4,thread_group_02285,1,1,val
doc_03789,comp.windows.x,4,thread_group_01705,2,1,train
doc_03790,comp.sys.ibm.pc.hardware,2,thread_group_00305,3,1,train
doc_03791,sci.electronics,6,thread_group_02286,1,1,train
doc_03792,sci.crypt,5,thread_group_00171,6,1,train
doc_03793,sci.crypt,5,thread_group_00266,10,1,train
doc_03794,comp.sys.mac.hardware,3,thread_group_01941,2,1,train
doc_03795,comp.graphics,0,thread_group_02287,1,1,train
doc_03796,comp.sys.mac.hardware,3,thread_group_02288,2,1,test
doc_03797,sci.electronics,6,thread_group_00886,8,1,train
doc_03798,comp.graphics,0,thread_group_02289,1,1,train
doc_03799,comp.sys.mac.hardware,3,thread_group_00404,11,1,train
doc_03800,sci.electronics,6,thread_group_00324,19,1,val
doc_03801,comp.sys.ibm.pc.hardware,2,thread_group_00055,8,1,train
doc_03802,comp.os.ms-windows.misc,1,thread_group_02290,2,1,train
doc_03803,sci.electronics,6,thread_group_02291,1,1,train
doc_03804,sci.crypt,5,thread_group_00118,234,1,train
doc_03805,comp.windows.x,4,thread_group_02292,1,1,train
doc_03806,comp.sys.ibm.pc.hardware,2,thread_group_02293,1,1,val
doc_03807,comp.windows.x,4,thread_group_02294,1,1,train
doc_03808,comp.graphics,0,thread_group_00928,11,1,train
doc_03809,sci.electronics,6,thread_group_00309,7,1,train
doc_03810,comp.sys.mac.hardware,3,thread_group_02295,1,1,train
doc_03811,comp.graphics,0,thread_group_02296,1,1,train
doc_03812,sci.electronics,6,thread_group_00062,3,1,train
doc_03813,sci.electronics,6,thread_group_02297,3,1,test
doc_03814,comp.os.ms-windows.misc,1,thread_group_02298,1,1,train
doc_03815,comp.windows.x,4,thread_group_02299,1,1,val
doc_03816,sci.electronics,6,thread_group_01016,8,1,val
doc_03817,sci.electronics,6,thread_group_01691,2,1,train
doc_03818,comp.graphics,0,thread_group_02300,1,1,train
doc_03819,comp.os.ms-windows.misc,1,thread_group_02301,1,1,train
doc_03820,comp.windows.x,4,thread_group_01284,4,1,train
doc_03821,comp.os.ms-windows.misc,1,thread_group_02302,1,1,val
doc_03822,comp.sys.ibm.pc.hardware,2,thread_group_02303,1,1,val
doc_03823,comp.sys.ibm.pc.hardware,2,thread_group_02304,1,1,train
doc_03824,sci.crypt,5,thread_group_00136,32,1,test
doc_03825,comp.windows.x,4,thread_group_02305,1,1,train
doc_03826,sci.electronics,6,thread_group_00655,3,1,train
doc_03827,sci.electronics,6,thread_group_02306,1,1,train
doc_03828,sci.crypt,5,thread_group_00084,27,1,test
doc_03829,comp.windows.x,4,thread_group_02307,2,1,train
doc_03830,comp.windows.x,4,thread_group_02308,2,1,test
doc_03831,comp.os.ms-windows.misc,1,thread_group_02309,2,1,val
doc_03832,comp.graphics,0,thread_group_02310,1,1,train
doc_03833,sci.electronics,6,thread_group_02311,1,1,train
doc_03834,comp.windows.x,4,thread_group_02312,1,1,val
doc_03835,sci.electronics,6,thread_group_02313,1,1,train
doc_03836,comp.graphics,0,thread_group_02314,2,1,val
doc_03837,comp.os.ms-windows.misc,1,thread_group_01853,2,1,test
doc_03838,comp.os.ms-windows.misc,1,thread_group_02315,1,1,train
doc_03839,comp.graphics,0,thread_group_02316,5,1,train
doc_03840,comp.os.ms-windows.misc,1,thread_group_03615,2,1,train
doc_03841,sci.electronics,6,thread_group_02317,1,1,train
doc_03842,comp.graphics,0,thread_group_02318,1,1,val
doc_03843,comp.graphics,0,thread_group_02319,19,1,train
doc_03844,comp.sys.ibm.pc.hardware,2,thread_group_02320,2,1,val
doc_03845,sci.electronics,6,thread_group_02321,1,1,train
doc_03846,comp.os.ms-windows.misc,1,thread_group_02322,2,1,train
doc_03847,sci.crypt,5,thread_group_00118,234,1,train
doc_03848,comp.sys.ibm.pc.hardware,2,thread_group_02323,1,1,train
doc_03849,comp.os.ms-windows.misc,1,thread_group_02324,2,1,test
doc_03850,sci.electronics,6,thread_group_02275,21,1,train
doc_03851,comp.windows.x,4,thread_group_02325,1,1,test
doc_03852,comp.sys.mac.hardware,3,thread_group_02326,1,1,train
doc_03853,comp.graphics,0,thread_group_02327,1,1,train
doc_03854,sci.electronics,6,thread_group_00851,2,1,train
doc_03855,comp.os.ms-windows.misc,1,thread_group_02328,2,1,val
doc_03856,comp.sys.ibm.pc.hardware,2,thread_group_02329,1,1,train
doc_03857,sci.crypt,5,thread_group_00149,10,1,train
doc_03858,comp.sys.mac.hardware,3,thread_group_03727,2,1,val
doc_03859,comp.windows.x,4,thread_group_02330,1,1,train
doc_03860,sci.electronics,6,thread_group_02331,1,1,train
doc_03861,comp.os.ms-windows.misc,1,thread_group_00413,10,1,train
doc_03862,sci.crypt,5,thread_group_01447,2,1,test
doc_03863,comp.windows.x,4,thread_group_02332,1,1,train
doc_03864,comp.graphics,0,thread_group_02168,5,1,train
doc_03865,comp.windows.x,4,thread_group_02333,2,1,train
doc_03866,comp.graphics,0,thread_group_00314,6,1,train
doc_03867,comp.sys.ibm.pc.hardware,2,thread_group_02334,1,1,val
doc_03868,comp.os.ms-windows.misc,1,thread_group_02335,1,1,train
doc_03869,comp.sys.mac.hardware,3,thread_group_02336,1,1,train
doc_03870,sci.crypt,5,thread_group_00118,234,1,train
doc_03871,sci.crypt,5,thread_group_00149,10,1,train
doc_03872,comp.sys.mac.hardware,3,thread_group_02337,4,1,test
doc_03873,comp.os.ms-windows.misc,1,thread_group_02338,1,1,val
doc_03874,comp.sys.mac.hardware,3,thread_group_02339,1,1,train
doc_03875,sci.electronics,6,thread_group_02340,2,1,train
doc_03876,sci.crypt,5,thread_group_00118,234,1,train
doc_03877,comp.sys.ibm.pc.hardware,2,thread_group_02341,1,1,train
doc_03878,comp.sys.ibm.pc.hardware,2,thread_group_00960,2,1,train
doc_03879,comp.os.ms-windows.misc,1,thread_group_02342,1,1,train
doc_03880,comp.sys.ibm.pc.hardware,2,thread_group_00525,2,1,train
doc_03881,comp.graphics,0,thread_group_00426,2,1,train
doc_03882,comp.os.ms-windows.misc,1,thread_group_02427,4,1,train
doc_03883,sci.electronics,6,thread_group_02343,2,1,val
doc_03884,comp.graphics,0,thread_group_02344,1,1,test
doc_03885,comp.sys.ibm.pc.hardware,2,thread_group_02345,1,1,val
doc_03886,comp.os.ms-windows.misc,1,thread_group_02346,1,1,train
doc_03887,comp.graphics,0,thread_group_02518,2,1,test
doc_03888,comp.sys.ibm.pc.hardware,2,thread_group_03386,2,1,train
doc_03889,comp.sys.ibm.pc.hardware,2,thread_group_02347,1,1,train
doc_03890,sci.crypt,5,thread_group_02717,14,1,train
doc_03891,comp.os.ms-windows.misc,1,thread_group_02348,1,1,train
doc_03892,comp.graphics,0,thread_group_00449,5,1,train
doc_03893,comp.graphics,0,thread_group_00745,3,1,val
doc_03894,comp.sys.mac.hardware,3,thread_group_02349,2,1,train
doc_03895,sci.crypt,5,thread_group_02350,1,1,train
doc_03896,comp.windows.x,4,thread_group_02351,1,1,train
doc_03897,sci.crypt,5,thread_group_00266,10,1,train
doc_03898,comp.sys.ibm.pc.hardware,2,thread_group_02352,1,1,train
doc_03899,comp.windows.x,4,thread_group_02353,1,1,train
doc_03900,sci.crypt,5,thread_group_00779,38,1,train
doc_03901,comp.sys.ibm.pc.hardware,2,thread_group_02354,2,1,train
doc_03902,comp.windows.x,4,thread_group_01937,2,1,val
doc_03903,comp.sys.ibm.pc.hardware,2,thread_group_02355,1,1,train
doc_03904,comp.graphics,0,thread_group_02356,1,1,train
doc_03905,comp.os.ms-windows.misc,1,thread_group_00419,9,1,train
doc_03906,sci.electronics,6,thread_group_02357,2,1,train
doc_03907,comp.sys.ibm.pc.hardware,2,thread_group_02358,2,1,train
doc_03908,comp.sys.ibm.pc.hardware,2,thread_group_02359,1,1,test
doc_03909,comp.sys.mac.hardware,3,thread_group_02360,2,1,train
doc_03910,sci.crypt,5,thread_group_01828,7,1,test
doc_03911,comp.sys.ibm.pc.hardware,2,thread_group_02361,1,1,train
doc_03912,comp.os.ms-windows.misc,1,thread_group_02362,1,1,test
doc_03913,sci.electronics,6,thread_group_02363,1,1,val
doc_03914,comp.graphics,0,thread_group_02364,1,1,val
doc_03915,comp.sys.mac.hardware,3,thread_group_02365,3,1,train
doc_03916,comp.windows.x,4,thread_group_02366,1,1,train
doc_03917,sci.crypt,5,thread_group_00118,234,1,train
doc_03918,comp.sys.ibm.pc.hardware,2,thread_group_02367,1,1,train
doc_03919,comp.graphics,0,thread_group_00065,26,1,train
doc_03920,sci.electronics,6,thread_group_02368,1,1,train
doc_03921,comp.graphics,0,thread_group_02369,1,1,train
doc_03922,sci.crypt,5,thread_group_00136,32,1,test
doc_03923,comp.windows.x,4,thread_group_00694,5,1,test
doc_03924,comp.os.ms-windows.misc,1,thread_group_02370,3,1,test
doc_03925,comp.sys.mac.hardware,3,thread_group_00386,5,1,train
doc_03926,sci.crypt,5,thread_group_00231,47,1,val
doc_03927,comp.windows.x,4,thread_group_03437,2,1,train
doc_03928,sci.crypt,5,thread_group_00391,31,1,train
doc_03929,comp.sys.mac.hardware,3,thread_group_02371,1,1,test
doc_03930,sci.crypt,5,thread_group_00479,18,1,train
doc_03931,comp.sys.mac.hardware,3,thread_group_02372,1,1,test
doc_03932,comp.os.ms-windows.misc,1,thread_group_00413,10,1,train
doc_03933,comp.windows.x,4,thread_group_02373,1,1,test
doc_03934,sci.crypt,5,thread_group_00797,5,1,test
doc_03935,comp.graphics,0,thread_group_02374,1,1,train
doc_03936,comp.os.ms-windows.misc,1,thread_group_02375,1,1,train
doc_03937,comp.os.ms-windows.misc,1,thread_group_02376,1,1,train
doc_03938,sci.crypt,5,thread_group_00136,32,1,test
doc_03939,comp.graphics,0,thread_group_02377,1,1,train
doc_03940,comp.sys.mac.hardware,3,thread_group_02084,4,1,train
doc_03941,sci.electronics,6,thread_group_02378,2,1,train
doc_03942,comp.windows.x,4,thread_group_02379,2,1,train
doc_03943,comp.sys.ibm.pc.hardware,2,thread_group_02380,1,1,test
doc_03944,sci.crypt,5,thread_group_00118,234,1,train
doc_03945,sci.crypt,5,thread_group_00149,10,1,train
doc_03946,sci.electronics,6,thread_group_03067,3,1,train
doc_03947,comp.os.ms-windows.misc,1,thread_group_02381,1,1,train
doc_03948,sci.crypt,5,thread_group_00118,234,1,train
doc_03949,sci.crypt,5,thread_group_01029,7,1,train
doc_03950,comp.graphics,0,thread_group_02382,1,1,train
doc_03951,comp.os.ms-windows.misc,1,thread_group_02383,3,1,train
doc_03952,comp.sys.mac.hardware,3,thread_group_02337,4,1,test
doc_03953,comp.windows.x,4,thread_group_01125,2,1,train
doc_03954,comp.os.ms-windows.misc,1,thread_group_00157,6,1,train
doc_03955,sci.electronics,6,thread_group_02384,1,1,val
doc_03956,comp.sys.mac.hardware,3,thread_group_00742,4,1,train
doc_03957,comp.sys.mac.hardware,3,thread_group_02385,1,1,train
doc_03958,comp.sys.ibm.pc.hardware,2,thread_group_00667,5,1,test
doc_03959,comp.windows.x,4,thread_group_02386,1,1,val
doc_03960,sci.crypt,5,thread_group_00479,18,1,train
doc_03961,comp.graphics,0,thread_group_01265,7,1,train
doc_03962,comp.os.ms-windows.misc,1,thread_group_01009,4,1,train
doc_03963,sci.electronics,6,thread_group_00615,6,1,train
doc_03964,comp.sys.ibm.pc.hardware,2,thread_group_03205,2,1,train
doc_03965,comp.windows.x,4,thread_group_02387,1,1,train
doc_03966,sci.electronics,6,thread_group_02388,1,1,train
doc_03967,sci.electronics,6,thread_group_02389,1,1,train
doc_03968,comp.graphics,0,thread_group_02390,2,1,val
doc_03969,comp.os.ms-windows.misc,1,thread_group_00321,11,1,val
doc_03970,sci.electronics,6,thread_group_00235,3,1,train
doc_03971,comp.sys.ibm.pc.hardware,2,thread_group_03315,2,1,train
doc_03972,comp.sys.mac.hardware,3,thread_group_02391,2,1,train
doc_03973,sci.electronics,6,thread_group_00550,13,1,test
doc_03974,comp.sys.ibm.pc.hardware,2,thread_group_02392,1,1,train
doc_03975,comp.windows.x,4,thread_group_02393,1,1,train
doc_03976,comp.windows.x,4,thread_group_02394,1,1,val
doc_03977,comp.sys.ibm.pc.hardware,2,thread_group_02136,3,1,train
doc_03978,sci.electronics,6,thread_group_02395,4,1,train
doc_03979,comp.sys.ibm.pc.hardware,2,thread_group_02396,1,1,val
doc_03980,sci.crypt,5,thread_group_00477,8,1,train
doc_03981,sci.electronics,6,thread_group_02397,1,1,train
doc_03982,sci.electronics,6,thread_group_01809,3,1,val
doc_03983,comp.os.ms-windows.misc,1,thread_group_02370,3,1,test
doc_03984,comp.graphics,0,thread_group_02398,1,1,test
doc_03985,sci.crypt,5,thread_group_00136,32,1,test
doc_03986,sci.electronics,6,thread_group_02399,1,1,train
doc_03987,comp.graphics,0,thread_group_01634,4,1,train
doc_03988,sci.crypt,5,thread_group_02042,6,1,train
doc_03989,comp.windows.x,4,thread_group_02400,1,1,train
doc_03990,comp.os.ms-windows.misc,1,thread_group_02401,2,1,train
doc_03991,comp.os.ms-windows.misc,1,thread_group_01975,2,1,test
doc_03992,comp.windows.x,4,thread_group_02402,4,1,train
doc_03993,sci.electronics,6,thread_group_02403,1,1,train
doc_03994,comp.sys.mac.hardware,3,thread_group_00906,6,1,train
doc_03995,comp.sys.mac.hardware,3,thread_group_02404,1,1,train
doc_03996,comp.sys.mac.hardware,3,thread_group_01093,3,1,train
doc_03997,comp.sys.ibm.pc.hardware,2,thread_group_02405,1,1,train
doc_03998,comp.graphics,0,thread_group_01174,3,1,train
doc_03999,comp.sys.ibm.pc.hardware,2,thread_group_00250,3,1,train
doc_04000,comp.sys.mac.hardware,3,thread_group_01461,4,1,train
doc_04001,comp.os.ms-windows.misc,1,thread_group_02406,1,1,train
doc_04002,sci.electronics,6,thread_group_02407,1,1,train
doc_04003,comp.windows.x,4,thread_group_02408,1,1,train
doc_04004,sci.crypt,5,thread_group_00118,234,1,train
doc_04005,comp.sys.mac.hardware,3,thread_group_02409,3,1,train
doc_04006,comp.graphics,0,thread_group_00645,2,1,test
doc_04007,comp.os.ms-windows.misc,1,thread_group_02410,1,1,train
doc_04008,comp.windows.x,4,thread_group_00007,5,1,train
doc_04009,sci.electronics,6,thread_group_01359,3,1,train
doc_04010,comp.windows.x,4,thread_group_00918,14,1,train
doc_04011,sci.electronics,6,thread_group_02411,1,1,train
doc_04012,sci.electronics,6,thread_group_01593,2,1,train
doc_04013,comp.sys.ibm.pc.hardware,2,thread_group_02412,3,1,train
doc_04014,comp.graphics,0,thread_group_00065,26,1,train
doc_04015,sci.crypt,5,thread_group_02413,1,1,train
doc_04016,comp.os.ms-windows.misc,1,thread_group_02414,1,1,val
doc_04017,sci.crypt,5,thread_group_01029,7,1,train
doc_04018,comp.os.ms-windows.misc,1,thread_group_02415,1,1,val
doc_04019,comp.sys.mac.hardware,3,thread_group_02258,3,1,train
doc_04020,comp.windows.x,4,thread_group_02416,1,1,val
doc_04021,comp.os.ms-windows.misc,1,thread_group_01148,8,1,train
doc_04022,sci.electronics,6,thread_group_02417,1,1,train
doc_04023,comp.sys.mac.hardware,3,thread_group_02418,1,1,train
doc_04024,comp.sys.ibm.pc.hardware,2,thread_group_02419,1,1,train
doc_04025,comp.graphics,0,thread_group_02420,1,1,train
doc_04026,comp.graphics,0,thread_group_02421,1,1,train
doc_04027,comp.windows.x,4,thread_group_01333,4,1,train
doc_04028,comp.graphics,0,thread_group_00928,11,1,train
doc_04029,sci.electronics,6,thread_group_00255,17,1,train
doc_04030,comp.sys.ibm.pc.hardware,2,thread_group_02422,1,1,train
doc_04031,sci.electronics,6,thread_group_02940,2,1,test
doc_04032,comp.os.ms-windows.misc,1,thread_group_02423,2,1,train
doc_04033,comp.sys.mac.hardware,3,thread_group_02424,2,1,train
doc_04034,sci.electronics,6,thread_group_02097,3,1,train
doc_04035,sci.crypt,5,thread_group_01730,4,1,train
doc_04036,comp.sys.ibm.pc.hardware,2,thread_group_02276,2,1,val
doc_04037,comp.sys.mac.hardware,3,thread_group_00430,27,1,train
doc_04038,sci.crypt,5,thread_group_00118,234,1,train
doc_04039,comp.sys.mac.hardware,3,thread_group_01014,7,1,train
doc_04040,comp.os.ms-windows.misc,1,thread_group_01053,14,1,train
doc_04041,comp.sys.ibm.pc.hardware,2,thread_group_02425,1,1,train
doc_04042,sci.crypt,5,thread_group_00118,234,1,train
doc_04043,comp.graphics,0,thread_group_02426,1,1,train
doc_04044,comp.os.ms-windows.misc,1,thread_group_02427,4,1,train
doc_04045,comp.sys.mac.hardware,3,thread_group_00430,27,1,train
doc_04046,sci.electronics,6,thread_group_02428,1,1,train
doc_04047,comp.graphics,0,thread_group_02314,2,1,val
doc_04048,sci.electronics,6,thread_group_01064,4,1,train
doc_04049,comp.graphics,0,thread_group_02429,2,1,train
doc_04050,comp.sys.ibm.pc.hardware,2,thread_group_02430,1,1,test
doc_04051,comp.windows.x,4,thread_group_00357,2,1,train
doc_04052,sci.crypt,5,thread_group_02717,14,1,train
doc_04053,comp.graphics,0,thread_group_02431,1,1,test
doc_04054,comp.sys.mac.hardware,3,thread_group_01221,3,1,train
doc_04055,comp.os.ms-windows.misc,1,thread_group_02432,1,1,train
doc_04056,sci.crypt,5,thread_group_00136,32,1,test
doc_04057,comp.graphics,0,thread_group_02203,2,1,test
doc_04058,comp.sys.mac.hardware,3,thread_group_02433,1,1,train
doc_04059,comp.windows.x,4,thread_group_02434,1,1,val
doc_04060,comp.os.ms-windows.misc,1,thread_group_02435,1,1,train
doc_04061,sci.crypt,5,thread_group_02436,2,1,train
doc_04062,sci.crypt,5,thread_group_01719,3,1,train
doc_04063,sci.electronics,6,thread_group_02437,2,1,train
doc_04064,sci.electronics,6,thread_group_00255,17,1,train
doc_04065,comp.os.ms-windows.misc,1,thread_group_01954,9,1,train
doc_04066,comp.sys.ibm.pc.hardware,2,thread_group_02438,2,1,train
doc_04067,comp.graphics,0,thread_group_00065,26,1,train
doc_04068,sci.crypt,5,thread_group_02439,1,1,train
doc_04069,comp.sys.mac.hardware,3,thread_group_02440,1,1,train
doc_04070,comp.windows.x,4,thread_group_01864,3,1,train
doc_04071,sci.crypt,5,thread_group_00118,234,1,train
doc_04072,comp.os.ms-windows.misc,1,thread_group_02441,1,1,test
doc_04073,comp.graphics,0,thread_group_03485,2,1,train
doc_04074,comp.sys.ibm.pc.hardware,2,thread_group_02442,2,1,val
doc_04075,sci.crypt,5,thread_group_02443,1,1,train
doc_04076,comp.os.ms-windows.misc,1,thread_group_00419,9,1,train
doc_04077,comp.sys.ibm.pc.hardware,2,thread_group_02444,2,1,test
doc_04078,sci.electronics,6,thread_group_02445,1,1,val
doc_04079,comp.graphics,0,thread_group_02446,1,1,train
doc_04080,comp.sys.ibm.pc.hardware,2,thread_group_02447,1,1,train
doc_04081,comp.windows.x,4,thread_group_02448,1,1,val
doc_04082,sci.crypt,5,thread_group_00779,38,1,train
doc_04083,comp.sys.mac.hardware,3,thread_group_02047,8,1,train
doc_04084,sci.crypt,5,thread_group_00118,234,1,train
doc_04085,sci.electronics,6,thread_group_02097,3,1,train
doc_04086,sci.crypt,5,thread_group_02449,1,1,train
doc_04087,sci.crypt,5,thread_group_00118,234,1,train
doc_04088,comp.os.ms-windows.misc,1,thread_group_02450,1,1,train
doc_04089,sci.crypt,5,thread_group_00149,10,1,train
doc_04090,sci.crypt,5,thread_group_01756,8,1,test
doc_04091,sci.electronics,6,thread_group_00288,8,1,train
doc_04092,comp.sys.mac.hardware,3,thread_group_02451,1,1,train
doc_04093,sci.crypt,5,thread_group_02452,1,1,train
doc_04094,sci.crypt,5,thread_group_00118,234,1,train
doc_04095,comp.graphics,0,thread_group_02249,4,1,train
doc_04096,comp.os.ms-windows.misc,1,thread_group_01053,14,1,train
doc_04097,comp.graphics,0,thread_group_00311,3,1,val
doc_04098,sci.crypt,5,thread_group_02453,1,1,train
doc_04099,sci.electronics,6,thread_group_01186,7,1,train
doc_04100,sci.crypt,5,thread_group_02454,1,1,train
doc_04101,sci.crypt,5,thread_group_00266,10,1,train
doc_04102,comp.windows.x,4,thread_group_00227,2,1,train
doc_04103,sci.electronics,6,thread_group_02455,1,1,test
doc_04104,comp.sys.mac.hardware,3,thread_group_02456,1,1,test
doc_04105,comp.os.ms-windows.misc,1,thread_group_00335,13,1,train
doc_04106,comp.graphics,0,thread_group_01083,20,1,train
doc_04107,comp.sys.mac.hardware,3,thread_group_02457,2,1,train
doc_04108,comp.windows.x,4,thread_group_02458,1,1,test
doc_04109,sci.crypt,5,thread_group_00378,2,1,train
doc_04110,comp.windows.x,4,thread_group_02459,1,1,val
doc_04111,comp.sys.mac.hardware,3,thread_group_03248,2,1,train
doc_04112,sci.electronics,6,thread_group_00509,46,1,train
doc_04113,comp.sys.ibm.pc.hardware,2,thread_group_02460,1,1,train
doc_04114,sci.electronics,6,thread_group_02461,1,1,train
doc_04115,comp.sys.mac.hardware,3,thread_group_02337,4,1,test
doc_04116,comp.graphics,0,thread_group_00946,3,1,train
doc_04117,sci.crypt,5,thread_group_00118,234,1,train
doc_04118,comp.windows.x,4,thread_group_02462,1,1,test
doc_04119,comp.graphics,0,thread_group_00807,2,1,test
doc_04120,comp.windows.x,4,thread_group_02463,2,1,test
doc_04121,comp.graphics,0,thread_group_01083,20,1,train
doc_04122,comp.sys.mac.hardware,3,thread_group_02464,1,1,test
doc_04123,comp.os.ms-windows.misc,1,thread_group_01904,2,1,train
doc_04124,comp.windows.x,4,thread_group_00918,14,1,train
doc_04125,comp.sys.mac.hardware,3,thread_group_00519,5,1,val
doc_04126,comp.sys.ibm.pc.hardware,2,thread_group_02465,1,1,train
doc_04127,comp.sys.ibm.pc.hardware,2,thread_group_02466,2,1,train
doc_04128,comp.os.ms-windows.misc,1,thread_group_02467,1,1,train
doc_04129,comp.sys.mac.hardware,3,thread_group_02468,1,1,train
doc_04130,comp.sys.ibm.pc.hardware,2,thread_group_00101,8,1,train
doc_04131,comp.windows.x,4,thread_group_02469,1,1,train
doc_04132,comp.sys.mac.hardware,3,thread_group_02470,2,1,val
doc_04133,comp.graphics,0,thread_group_02471,3,1,train
doc_04134,comp.graphics,0,thread_group_02472,1,1,train
doc_04135,comp.sys.mac.hardware,3,thread_group_02645,2,1,train
doc_04136,comp.sys.ibm.pc.hardware,2,thread_group_02473,3,1,train
doc_04137,sci.crypt,5,thread_group_01243,7,1,train
doc_04138,sci.crypt,5,thread_group_00825,4,1,train
doc_04139,comp.os.ms-windows.misc,1,thread_group_02474,1,1,test
doc_04140,comp.windows.x,4,thread_group_00653,3,1,test
doc_04141,comp.graphics,0,thread_group_01265,7,1,train
doc_04142,comp.sys.ibm.pc.hardware,2,thread_group_02475,1,1,train
doc_04143,comp.sys.ibm.pc.hardware,2,thread_group_02476,1,1,train
doc_04144,comp.sys.mac.hardware,3,thread_group_01672,2,1,val
doc_04145,comp.sys.mac.hardware,3,thread_group_02477,3,1,train
doc_04146,comp.sys.ibm.pc.hardware,2,thread_group_02478,1,1,train
doc_04147,comp.graphics,0,thread_group_02479,1,1,test
doc_04148,comp.sys.ibm.pc.hardware,2,thread_group_01260,2,1,train
doc_04149,comp.windows.x,4,thread_group_02480,1,1,train
doc_04150,comp.sys.ibm.pc.hardware,2,thread_group_02481,1,1,train
doc_04151,comp.graphics,0,thread_group_02482,1,1,train
doc_04152,comp.sys.mac.hardware,3,thread_group_02483,1,1,test
doc_04153,sci.electronics,6,thread_group_02484,1,1,val
doc_04154,comp.sys.ibm.pc.hardware,2,thread_group_03308,2,1,train
doc_04155,comp.os.ms-windows.misc,1,thread_group_02485,1,1,train
doc_04156,comp.sys.ibm.pc.hardware,2,thread_group_02486,1,1,train
doc_04157,comp.os.ms-windows.misc,1,thread_group_00385,4,1,test
doc_04158,sci.crypt,5,thread_group_00266,10,1,train
doc_04159,comp.os.ms-windows.misc,1,thread_group_00835,14,1,train
doc_04160,comp.os.ms-windows.misc,1,thread_group_01992,2,1,val
doc_04161,comp.sys.mac.hardware,3,thread_group_02487,1,1,test
doc_04162,comp.windows.x,4,thread_group_02488,2,1,train
doc_04163,comp.sys.mac.hardware,3,thread_group_01221,3,1,train
doc_04164,sci.crypt,5,thread_group_02489,1,1,val
doc_04165,comp.sys.mac.hardware,3,thread_group_02490,1,1,val
doc_04166,comp.graphics,0,thread_group_02491,1,1,train
doc_04167,sci.crypt,5,thread_group_00231,47,1,val
doc_04168,comp.os.ms-windows.misc,1,thread_group_02492,2,1,val
doc_04169,comp.sys.ibm.pc.hardware,2,thread_group_02493,1,1,train
doc_04170,comp.os.ms-windows.misc,1,thread_group_02494,1,1,train
doc_04171,comp.windows.x,4,thread_group_00205,26,1,test
doc_04172,sci.electronics,6,thread_group_02731,3,1,train
doc_04173,sci.electronics,6,thread_group_00509,46,1,train
doc_04174,comp.sys.ibm.pc.hardware,2,thread_group_02495,1,1,test
doc_04175,sci.crypt,5,thread_group_02496,1,1,train
doc_04176,comp.sys.ibm.pc.hardware,2,thread_group_02497,1,1,train
doc_04177,comp.os.ms-windows.misc,1,thread_group_02498,2,1,train
doc_04178,comp.graphics,0,thread_group_00940,4,1,train
doc_04179,comp.graphics,0,thread_group_02499,1,1,train
doc_04180,sci.electronics,6,thread_group_00999,6,1,train
doc_04181,comp.sys.mac.hardware,3,thread_group_02500,1,1,val
doc_04182,comp.sys.mac.hardware,3,thread_group_01835,4,1,train
doc_04183,comp.graphics,0,thread_group_02501,1,1,val
doc_04184,comp.windows.x,4,thread_group_00193,3,1,train
doc_04185,comp.os.ms-windows.misc,1,thread_group_00088,7,1,train
doc_04186,comp.sys.mac.hardware,3,thread_group_03150,2,1,train
doc_04187,comp.sys.mac.hardware,3,thread_group_02502,1,1,train
doc_04188,sci.crypt,5,thread_group_00231,47,1,val
doc_04189,comp.os.ms-windows.misc,1,thread_group_02427,4,1,train
doc_04190,sci.crypt,5,thread_group_02503,1,1,train
doc_04191,comp.sys.mac.hardware,3,thread_group_00243,9,1,train
doc_04192,comp.sys.ibm.pc.hardware,2,thread_group_02504,2,1,train
doc_04193,comp.graphics,0,thread_group_01312,8,1,train
doc_04194,sci.crypt,5,thread_group_00391,31,1,train
doc_04195,sci.electronics,6,thread_group_02505,1,1,train
doc_04196,comp.sys.mac.hardware,3,thread_group_02198,3,1,train
doc_04197,comp.windows.x,4,thread_group_01247,14,1,train
doc_04198,sci.electronics,6,thread_group_00045,4,1,test
doc_04199,comp.windows.x,4,thread_group_02506,1,1,test
doc_04200,sci.electronics,6,thread_group_02507,2,1,train
doc_04201,comp.graphics,0,thread_group_02508,1,1,train
doc_04202,comp.os.ms-windows.misc,1,thread_group_00220,5,1,train
doc_04203,comp.windows.x,4,thread_group_01247,14,1,train
doc_04204,sci.crypt,5,thread_group_01957,3,1,val
doc_04205,comp.sys.mac.hardware,3,thread_group_00036,3,1,train
doc_04206,comp.sys.mac.hardware,3,thread_group_03546,2,1,val
doc_04207,comp.sys.ibm.pc.hardware,2,thread_group_02509,1,1,val
doc_04208,comp.windows.x,4,thread_group_02510,1,1,train
doc_04209,sci.crypt,5,thread_group_00118,234,1,train
doc_04210,comp.sys.mac.hardware,3,thread_group_00771,5,1,train
doc_04211,sci.electronics,6,thread_group_03605,2,1,train
doc_04212,comp.windows.x,4,thread_group_01001,3,1,train
doc_04213,comp.windows.x,4,thread_group_00205,26,1,test
doc_04214,comp.os.ms-windows.misc,1,thread_group_01466,5,1,test
doc_04215,comp.windows.x,4,thread_group_00520,4,1,val
doc_04216,comp.os.ms-windows.misc,1,thread_group_00212,7,1,train
doc_04217,sci.crypt,5,thread_group_00391,31,1,train
doc_04218,sci.crypt,5,thread_group_02511,1,1,train
doc_04219,comp.windows.x,4,thread_group_02512,1,1,train
doc_04220,comp.graphics,0,thread_group_02513,1,1,train
doc_04221,comp.sys.ibm.pc.hardware,2,thread_group_02514,1,1,test
doc_04222,comp.sys.ibm.pc.hardware,2,thread_group_02515,1,1,train
doc_04223,sci.crypt,5,thread_group_02516,1,1,test
doc_04224,comp.graphics,0,thread_group_01677,3,1,train
doc_04225,comp.graphics,0,thread_group_02517,3,1,train
doc_04226,comp.graphics,0,thread_group_02518,2,1,test
doc_04227,comp.os.ms-windows.misc,1,thread_group_02427,4,1,train
doc_04228,comp.sys.ibm.pc.hardware,2,thread_group_02519,2,1,train
doc_04229,comp.sys.mac.hardware,3,thread_group_02520,1,1,train
doc_04230,comp.windows.x,4,thread_group_02521,1,1,test
doc_04231,comp.graphics,0,thread_group_02522,1,1,train
doc_04232,comp.graphics,0,thread_group_02523,1,1,train
doc_04233,comp.windows.x,4,thread_group_00205,26,1,test
doc_04234,comp.windows.x,4,thread_group_02524,2,1,train
doc_04235,comp.os.ms-windows.misc,1,thread_group_02525,1,1,test
doc_04236,comp.graphics,0,thread_group_02526,1,1,train
doc_04237,comp.windows.x,4,thread_group_02527,2,1,train
doc_04238,sci.crypt,5,thread_group_00118,234,1,train
doc_04239,comp.windows.x,4,thread_group_02528,1,1,test
doc_04240,comp.graphics,0,thread_group_00421,3,1,train
doc_04241,comp.os.ms-windows.misc,1,thread_group_02529,1,1,train
doc_04242,sci.electronics,6,thread_group_02530,1,1,train
doc_04243,sci.electronics,6,thread_group_00009,6,1,train
doc_04244,comp.sys.ibm.pc.hardware,2,thread_group_02354,2,1,train
doc_04245,comp.os.ms-windows.misc,1,thread_group_02531,1,1,train
doc_04246,comp.sys.ibm.pc.hardware,2,thread_group_02532,1,1,train
doc_04247,comp.sys.mac.hardware,3,thread_group_02533,1,1,train
doc_04248,sci.crypt,5,thread_group_00118,234,1,train
doc_04249,sci.electronics,6,thread_group_02534,3,1,train
doc_04250,comp.sys.mac.hardware,3,thread_group_00906,6,1,train
doc_04251,sci.electronics,6,thread_group_02535,1,1,train
doc_04252,sci.electronics,6,thread_group_01186,7,1,train
doc_04253,comp.windows.x,4,thread_group_02536,1,1,train
doc_04254,comp.sys.ibm.pc.hardware,2,thread_group_03851,2,1,train
doc_04255,comp.sys.ibm.pc.hardware,2,thread_group_02537,1,1,train
doc_04256,comp.graphics,0,thread_group_00452,3,1,train
doc_04257,comp.os.ms-windows.misc,1,thread_group_02538,1,1,train
doc_04258,comp.windows.x,4,thread_group_02539,1,1,train
doc_04259,comp.sys.ibm.pc.hardware,2,thread_group_02540,1,1,test
doc_04260,comp.os.ms-windows.misc,1,thread_group_02846,3,1,test
doc_04261,sci.electronics,6,thread_group_02796,2,1,train
doc_04262,comp.sys.ibm.pc.hardware,2,thread_group_02541,2,1,test
doc_04263,comp.os.ms-windows.misc,1,thread_group_00335,13,1,train
doc_04264,sci.crypt,5,thread_group_02827,2,1,train
doc_04265,comp.sys.ibm.pc.hardware,2,thread_group_02542,1,1,train
doc_04266,sci.crypt,5,thread_group_02103,3,1,train
doc_04267,sci.crypt,5,thread_group_00118,234,1,train
doc_04268,comp.graphics,0,thread_group_02617,2,1,val
doc_04269,comp.sys.mac.hardware,3,thread_group_01874,4,1,train
doc_04270,sci.electronics,6,thread_group_00045,4,1,test
doc_04271,comp.sys.ibm.pc.hardware,2,thread_group_00547,3,1,train
doc_04272,sci.crypt,5,thread_group_00391,31,1,train
doc_04273,sci.electronics,6,thread_group_02543,1,1,train
doc_04274,comp.graphics,0,thread_group_00928,11,1,train
doc_04275,comp.sys.ibm.pc.hardware,2,thread_group_01281,3,1,val
doc_04276,sci.crypt,5,thread_group_01243,7,1,train
doc_04277,comp.os.ms-windows.misc,1,thread_group_02544,1,1,train
doc_04278,sci.electronics,6,thread_group_02545,1,1,val
doc_04279,sci.electronics,6,thread_group_02546,1,1,train
doc_04280,comp.windows.x,4,thread_group_02547,2,1,train
doc_04281,comp.os.ms-windows.misc,1,thread_group_02548,2,1,train
doc_04282,comp.os.ms-windows.misc,1,thread_group_00321,11,1,val
doc_04283,comp.os.ms-windows.misc,1,thread_group_02549,1,1,train
doc_04284,comp.windows.x,4,thread_group_02550,1,1,test
doc_04285,comp.graphics,0,thread_group_00433,4,1,train
doc_04286,comp.sys.ibm.pc.hardware,2,thread_group_01846,3,1,train
doc_04287,sci.electronics,6,thread_group_00109,2,1,train
doc_04288,comp.os.ms-windows.misc,1,thread_group_02551,2,1,train
doc_04289,sci.crypt,5,thread_group_00118,234,1,train
doc_04290,sci.electronics,6,thread_group_02552,1,1,test
doc_04291,comp.sys.ibm.pc.hardware,2,thread_group_02553,2,1,train
doc_04292,comp.os.ms-windows.misc,1,thread_group_03269,2,1,train
doc_04293,comp.windows.x,4,thread_group_00917,2,1,train
doc_04294,sci.electronics,6,thread_group_00509,46,1,train
doc_04295,comp.windows.x,4,thread_group_02554,1,1,train
doc_04296,comp.graphics,0,thread_group_02555,2,1,train
doc_04297,comp.sys.ibm.pc.hardware,2,thread_group_02556,1,1,train
doc_04298,comp.graphics,0,thread_group_02862,3,1,test
doc_04299,comp.os.ms-windows.misc,1,thread_group_01721,2,1,train
doc_04300,sci.crypt,5,thread_group_00136,32,1,test
doc_04301,comp.sys.mac.hardware,3,thread_group_00367,10,1,val
doc_04302,sci.electronics,6,thread_group_01463,2,1,val
doc_04303,comp.sys.ibm.pc.hardware,2,thread_group_02557,1,1,test
doc_04304,comp.windows.x,4,thread_group_02558,2,1,val
doc_04305,comp.sys.mac.hardware,3,thread_group_00280,3,1,train
doc_04306,comp.windows.x,4,thread_group_02559,1,1,train
doc_04307,sci.crypt,5,thread_group_02560,2,1,test
doc_04308,comp.sys.ibm.pc.hardware,2,thread_group_02561,2,1,train
doc_04309,comp.sys.ibm.pc.hardware,2,thread_group_02562,1,1,train
doc_04310,sci.electronics,6,thread_group_02563,1,1,test
doc_04311,sci.crypt,5,thread_group_02564,7,1,train
doc_04312,comp.sys.mac.hardware,3,thread_group_02565,1,1,test
doc_04313,sci.electronics,6,thread_group_02566,1,1,train
doc_04314,sci.electronics,6,thread_group_02567,1,1,val
doc_04315,comp.sys.ibm.pc.hardware,2,thread_group_02568,1,1,train
doc_04316,sci.crypt,5,thread_group_00084,27,1,test
doc_04317,comp.windows.x,4,thread_group_02569,1,1,test
doc_04318,comp.os.ms-windows.misc,1,thread_group_02570,1,1,train
doc_04319,comp.windows.x,4,thread_group_02571,1,1,train
doc_04320,comp.sys.ibm.pc.hardware,2,thread_group_02572,1,1,train
doc_04321,comp.sys.ibm.pc.hardware,2,thread_group_00316,3,1,val
doc_04322,comp.sys.ibm.pc.hardware,2,thread_group_02573,1,1,train
doc_04323,sci.electronics,6,thread_group_00255,17,1,train
doc_04324,comp.graphics,0,thread_group_02574,1,1,train
doc_04325,comp.os.ms-windows.misc,1,thread_group_00948,6,1,val
doc_04326,comp.os.ms-windows.misc,1,thread_group_01325,5,1,train
doc_04327,comp.windows.x,4,thread_group_00510,2,1,test
doc_04328,comp.os.ms-windows.misc,1,thread_group_01530,3,1,train
doc_04329,comp.sys.ibm.pc.hardware,2,thread_group_01217,3,1,train
doc_04330,comp.graphics,0,thread_group_02575,1,1,val
doc_04331,comp.os.ms-windows.misc,1,thread_group_02576,1,1,test
doc_04332,comp.sys.mac.hardware,3,thread_group_02577,3,1,train
doc_04333,comp.os.ms-windows.misc,1,thread_group_00276,4,1,train
doc_04334,comp.windows.x,4,thread_group_02578,2,1,train
doc_04335,comp.sys.ibm.pc.hardware,2,thread_group_02579,1,1,train
doc_04336,comp.sys.mac.hardware,3,thread_group_02580,1,1,train
doc_04337,comp.os.ms-windows.misc,1,thread_group_00286,8,1,test
doc_04338,comp.sys.ibm.pc.hardware,2,thread_group_02581,1,1,train
doc_04339,comp.windows.x,4,thread_group_01720,3,1,train
doc_04340,sci.crypt,5,thread_group_00391,31,1,train
doc_04341,comp.graphics,0,thread_group_02390,2,1,val
doc_04342,comp.sys.ibm.pc.hardware,2,thread_group_02582,1,1,train
doc_04343,comp.sys.ibm.pc.hardware,2,thread_group_02583,1,1,train
doc_04344,sci.electronics,6,thread_group_01817,7,1,val
doc_04345,comp.sys.ibm.pc.hardware,2,thread_group_02584,1,1,train
doc_04346,comp.sys.ibm.pc.hardware,2,thread_group_02585,2,1,train
doc_04347,comp.sys.mac.hardware,3,thread_group_02586,1,1,train
doc_04348,sci.electronics,6,thread_group_00324,19,1,val
doc_04349,comp.sys.mac.hardware,3,thread_group_02587,1,1,train
doc_04350,comp.os.ms-windows.misc,1,thread_group_02588,1,1,train
doc_04351,comp.windows.x,4,thread_group_00653,3,1,test
doc_04352,comp.sys.ibm.pc.hardware,2,thread_group_00268,10,1,val
doc_04353,sci.electronics,6,thread_group_02589,1,1,train
doc_04354,sci.electronics,6,thread_group_02679,2,1,train
doc_04355,comp.graphics,0,thread_group_00025,5,1,train
doc_04356,comp.windows.x,4,thread_group_00205,26,1,test
doc_04357,comp.os.ms-windows.misc,1,thread_group_01053,14,1,train
doc_04358,comp.sys.mac.hardware,3,thread_group_00290,3,1,train
doc_04359,comp.graphics,0,thread_group_00652,3,1,train
doc_04360,sci.electronics,6,thread_group_02590,2,1,train
doc_04361,sci.electronics,6,thread_group_02591,4,1,test
doc_04362,comp.sys.ibm.pc.hardware,2,thread_group_01217,3,1,train
doc_04363,comp.graphics,0,thread_group_02592,1,1,train
doc_04364,comp.sys.ibm.pc.hardware,2,thread_group_02593,3,1,val
doc_04365,comp.os.ms-windows.misc,1,thread_group_02594,1,1,train
doc_04366,comp.graphics,0,thread_group_02629,2,1,test
doc_04367,sci.crypt,5,thread_group_00231,47,1,val
doc_04368,comp.sys.ibm.pc.hardware,2,thread_group_01979,4,1,train
doc_04369,comp.os.ms-windows.misc,1,thread_group_02595,1,1,train
doc_04370,sci.electronics,6,thread_group_02275,21,1,train
doc_04371,comp.sys.ibm.pc.hardware,2,thread_group_01059,2,1,train
doc_04372,comp.sys.mac.hardware,3,thread_group_02596,1,1,train
doc_04373,comp.graphics,0,thread_group_00857,3,1,val
doc_04374,comp.windows.x,4,thread_group_02089,2,1,val
doc_04375,comp.windows.x,4,thread_group_00866,3,1,train
doc_04376,comp.os.ms-windows.misc,1,thread_group_00445,5,1,train
doc_04377,comp.sys.mac.hardware,3,thread_group_02597,1,1,train
doc_04378,comp.graphics,0,thread_group_02598,1,1,train
doc_04379,comp.windows.x,4,thread_group_01333,4,1,train
doc_04380,comp.sys.mac.hardware,3,thread_group_01014,7,1,train
doc_04381,comp.windows.x,4,thread_group_02599,1,1,train
doc_04382,comp.sys.ibm.pc.hardware,2,thread_group_00268,10,1,val
doc_04383,comp.os.ms-windows.misc,1,thread_group_01116,6,1,train
doc_04384,sci.crypt,5,thread_group_00224,14,1,train
doc_04385,comp.windows.x,4,thread_group_02600,1,1,train
doc_04386,comp.graphics,0,thread_group_00511,5,1,train
doc_04387,comp.windows.x,4,thread_group_02601,1,1,train
doc_04388,sci.electronics,6,thread_group_00324,19,1,val
doc_04389,sci.crypt,5,thread_group_00118,234,1,train
doc_04390,sci.crypt,5,thread_group_02602,2,1,test
doc_04391,sci.crypt,5,thread_group_00084,27,1,test
doc_04392,comp.sys.mac.hardware,3,thread_group_02603,2,1,train
doc_04393,comp.windows.x,4,thread_group_00205,26,1,test
doc_04394,comp.sys.ibm.pc.hardware,2,thread_group_03024,2,1,test
doc_04395,sci.crypt,5,thread_group_00118,234,1,train
doc_04396,comp.sys.ibm.pc.hardware,2,thread_group_02604,1,1,test
doc_04397,sci.crypt,5,thread_group_00427,6,1,train
doc_04398,sci.electronics,6,thread_group_02605,1,1,train
doc_04399,comp.windows.x,4,thread_group_01247,14,1,train
doc_04400,comp.sys.mac.hardware,3,thread_group_00430,27,1,train
doc_04401,sci.crypt,5,thread_group_02014,5,1,train
doc_04402,comp.graphics,0,thread_group_02606,2,1,train
doc_04403,comp.windows.x,4,thread_group_02607,1,1,test
doc_04404,comp.sys.mac.hardware,3,thread_group_02608,1,1,val
doc_04405,sci.crypt,5,thread_group_02609,1,1,train
doc_04406,comp.windows.x,4,thread_group_02610,1,1,val
doc_04407,comp.sys.ibm.pc.hardware,2,thread_group_02611,1,1,train
doc_04408,comp.sys.mac.hardware,3,thread_group_00188,2,1,train
doc_04409,comp.windows.x,4,thread_group_02612,1,1,test
doc_04410,comp.sys.ibm.pc.hardware,2,thread_group_02613,1,1,train
doc_04411,sci.electronics,6,thread_group_02074,4,1,train
doc_04412,comp.sys.ibm.pc.hardware,2,thread_group_02200,3,1,test
doc_04413,comp.graphics,0,thread_group_02614,1,1,train
doc_04414,comp.graphics,0,thread_group_02615,1,1,train
doc_04415,sci.electronics,6,thread_group_00682,7,1,train
doc_04416,sci.electronics,6,thread_group_02616,1,1,test
doc_04417,sci.crypt,5,thread_group_00118,234,1,train
doc_04418,sci.electronics,6,thread_group_00964,3,1,train
doc_04419,comp.graphics,0,thread_group_01800,4,1,train
doc_04420,sci.electronics,6,thread_group_00288,8,1,train
doc_04421,comp.windows.x,4,thread_group_00609,7,1,test
doc_04422,comp.graphics,0,thread_group_02617,2,1,val
doc_04423,sci.electronics,6,thread_group_02618,1,1,val
doc_04424,comp.sys.ibm.pc.hardware,2,thread_group_01623,2,1,train
doc_04425,comp.graphics,0,thread_group_02619,1,1,val
doc_04426,comp.windows.x,4,thread_group_02620,1,1,train
doc_04427,comp.windows.x,4,thread_group_02621,2,1,val
doc_04428,comp.graphics,0,thread_group_00784,4,1,test
doc_04429,comp.windows.x,4,thread_group_02622,1,1,test
doc_04430,comp.sys.ibm.pc.hardware,2,thread_group_02623,1,1,train
doc_04431,sci.electronics,6,thread_group_00867,5,1,val
doc_04432,comp.os.ms-windows.misc,1,thread_group_02624,4,1,val
doc_04433,sci.crypt,5,thread_group_00231,47,1,val
doc_04434,comp.sys.mac.hardware,3,thread_group_02625,1,1,train
doc_04435,comp.graphics,0,thread_group_02626,1,1,train
doc_04436,sci.crypt,5,thread_group_02627,13,1,val
doc_04437,sci.crypt,5,thread_group_02628,1,1,train
doc_04438,sci.crypt,5,thread_group_01642,16,1,val
doc_04439,comp.graphics,0,thread_group_02629,2,1,test
doc_04440,comp.sys.mac.hardware,3,thread_group_02630,1,1,train
doc_04441,comp.windows.x,4,thread_group_00063,2,1,val
doc_04442,comp.os.ms-windows.misc,1,thread_group_02631,2,1,val
doc_04443,sci.electronics,6,thread_group_00747,4,1,val
doc_04444,comp.sys.mac.hardware,3,thread_group_02632,1,1,train
doc_04445,sci.crypt,5,thread_group_02230,4,1,train
doc_04446,comp.sys.ibm.pc.hardware,2,thread_group_02633,1,1,test
doc_04447,comp.sys.ibm.pc.hardware,2,thread_group_02634,1,1,train
doc_04448,comp.graphics,0,thread_group_02635,1,1,val
doc_04449,sci.crypt,5,thread_group_00118,234,1,train
doc_04450,comp.sys.mac.hardware,3,thread_group_02636,1,1,train
doc_04451,sci.crypt,5,thread_group_00987,6,1,test
doc_04452,sci.crypt,5,thread_group_00224,14,1,train
doc_04453,comp.os.ms-windows.misc,1,thread_group_02637,1,1,val
doc_04454,comp.graphics,0,thread_group_02638,2,1,test
doc_04455,comp.windows.x,4,thread_group_02639,1,1,train
doc_04456,comp.windows.x,4,thread_group_02640,1,1,val
doc_04457,comp.windows.x,4,thread_group_02641,1,1,test
doc_04458,comp.graphics,0,thread_group_00325,10,1,train
doc_04459,sci.crypt,5,thread_group_00391,31,1,train
doc_04460,comp.sys.mac.hardware,3,thread_group_02642,1,1,train
doc_04461,sci.electronics,6,thread_group_02643,1,1,train
doc_04462,comp.graphics,0,thread_group_02644,2,1,train
doc_04463,sci.crypt,5,thread_group_00118,234,1,train
doc_04464,comp.sys.mac.hardware,3,thread_group_02645,2,1,train
doc_04465,comp.windows.x,4,thread_group_02646,1,1,train
doc_04466,comp.sys.mac.hardware,3,thread_group_02647,1,1,train
doc_04467,comp.sys.mac.hardware,3,thread_group_00742,4,1,train
doc_04468,comp.os.ms-windows.misc,1,thread_group_02624,4,1,val
doc_04469,sci.electronics,6,thread_group_01112,3,1,train
doc_04470,comp.graphics,0,thread_group_00508,13,1,val
doc_04471,comp.sys.mac.hardware,3,thread_group_01341,7,1,train
doc_04472,comp.graphics,0,thread_group_01353,3,1,train
doc_04473,comp.sys.ibm.pc.hardware,2,thread_group_00101,8,1,train
doc_04474,sci.electronics,6,thread_group_02648,1,1,train
doc_04475,sci.crypt,5,thread_group_02649,1,1,val
doc_04476,sci.crypt,5,thread_group_00797,5,1,test
doc_04477,sci.crypt,5,thread_group_00196,19,1,train
doc_04478,comp.graphics,0,thread_group_02650,1,1,train
doc_04479,comp.sys.ibm.pc.hardware,2,thread_group_00475,4,1,train
doc_04480,comp.windows.x,4,thread_group_00398,2,1,train
doc_04481,comp.sys.mac.hardware,3,thread_group_02651,2,1,train
doc_04482,sci.crypt,5,thread_group_02652,1,1,train
doc_04483,sci.electronics,6,thread_group_00324,19,1,val
doc_04484,comp.sys.mac.hardware,3,thread_group_00430,27,1,train
doc_04485,sci.electronics,6,thread_group_00747,4,1,val
doc_04486,comp.graphics,0,thread_group_02653,1,1,train
doc_04487,comp.graphics,0,thread_group_02654,1,1,train
doc_04488,sci.electronics,6,thread_group_02655,1,1,train
doc_04489,sci.crypt,5,thread_group_00149,10,1,train
doc_04490,comp.windows.x,4,thread_group_02656,1,1,train
doc_04491,comp.sys.ibm.pc.hardware,2,thread_group_02657,2,1,train
doc_04492,sci.crypt,5,thread_group_02658,1,1,train
doc_04493,comp.windows.x,4,thread_group_00859,4,1,train
doc_04494,comp.sys.mac.hardware,3,thread_group_02659,2,1,train
doc_04495,comp.os.ms-windows.misc,1,thread_group_02660,1,1,train
doc_04496,sci.electronics,6,thread_group_02661,1,1,train
doc_04497,sci.electronics,6,thread_group_02040,3,1,train
doc_04498,comp.sys.mac.hardware,3,thread_group_00424,6,1,train
doc_04499,sci.electronics,6,thread_group_02662,1,1,train
doc_04500,sci.crypt,5,thread_group_00568,5,1,train
doc_04501,sci.crypt,5,thread_group_00118,234,1,train
doc_04502,comp.sys.ibm.pc.hardware,2,thread_group_03805,2,1,test
doc_04503,comp.sys.ibm.pc.hardware,2,thread_group_01165,6,1,test
doc_04504,sci.electronics,6,thread_group_02663,1,1,train
doc_04505,comp.graphics,0,thread_group_02664,1,1,train
doc_04506,comp.graphics,0,thread_group_02665,1,1,train
doc_04507,sci.crypt,5,thread_group_01425,3,1,train
doc_04508,sci.crypt,5,thread_group_02627,13,1,val
doc_04509,sci.crypt,5,thread_group_02666,1,1,train
doc_04510,sci.crypt,5,thread_group_00118,234,1,train
doc_04511,comp.sys.ibm.pc.hardware,2,thread_group_02701,2,1,train
doc_04512,comp.sys.mac.hardware,3,thread_group_02667,1,1,train
doc_04513,comp.graphics,0,thread_group_00065,26,1,train
doc_04514,sci.electronics,6,thread_group_02668,1,1,test
doc_04515,comp.sys.ibm.pc.hardware,2,thread_group_02669,1,1,test
doc_04516,comp.windows.x,4,thread_group_02670,1,1,test
doc_04517,comp.sys.mac.hardware,3,thread_group_02671,1,1,train
doc_04518,sci.electronics,6,thread_group_00509,46,1,train
doc_04519,comp.os.ms-windows.misc,1,thread_group_00095,3,1,train
doc_04520,comp.os.ms-windows.misc,1,thread_group_02672,1,1,val
doc_04521,comp.sys.mac.hardware,3,thread_group_02673,3,1,train
doc_04522,sci.electronics,6,thread_group_02674,1,1,train
doc_04523,comp.sys.ibm.pc.hardware,2,thread_group_02675,1,1,train
doc_04524,comp.graphics,0,thread_group_02676,1,1,train
doc_04525,comp.os.ms-windows.misc,1,thread_group_01148,8,1,train
doc_04526,sci.crypt,5,thread_group_00118,234,1,train
doc_04527,comp.windows.x,4,thread_group_02677,1,1,val
doc_04528,comp.windows.x,4,thread_group_02678,1,1,val
doc_04529,sci.electronics,6,thread_group_01134,2,1,train
doc_04530,sci.electronics,6,thread_group_02679,2,1,train
doc_04531,comp.sys.mac.hardware,3,thread_group_02047,8,1,train
doc_04532,comp.graphics,0,thread_group_02680,2,1,train
doc_04533,comp.os.ms-windows.misc,1,thread_group_02681,1,1,train
doc_04534,comp.os.ms-windows.misc,1,thread_group_02682,1,1,train
doc_04535,comp.sys.ibm.pc.hardware,2,thread_group_02683,4,1,train
doc_04536,comp.os.ms-windows.misc,1,thread_group_02383,3,1,train
doc_04537,sci.crypt,5,thread_group_02708,9,1,train
doc_04538,comp.graphics,0,thread_group_02684,1,1,train
doc_04539,comp.graphics,0,thread_group_01312,8,1,train
doc_04540,comp.sys.mac.hardware,3,thread_group_01341,7,1,train
doc_04541,sci.crypt,5,thread_group_00118,234,1,train
doc_04542,comp.os.ms-windows.misc,1,thread_group_00141,3,1,train
doc_04543,comp.windows.x,4,thread_group_02685,2,1,train
doc_04544,comp.windows.x,4,thread_group_02686,1,1,val
doc_04545,comp.sys.ibm.pc.hardware,2,thread_group_02687,1,1,train
doc_04546,comp.graphics,0,thread_group_02688,2,1,train
doc_04547,comp.os.ms-windows.misc,1,thread_group_02689,1,1,val
doc_04548,comp.graphics,0,thread_group_00946,3,1,train
doc_04549,sci.electronics,6,thread_group_02690,2,1,train
doc_04550,comp.os.ms-windows.misc,1,thread_group_01325,5,1,train
doc_04551,comp.sys.ibm.pc.hardware,2,thread_group_02691,1,1,train
doc_04552,sci.electronics,6,thread_group_00143,5,1,train
doc_04553,comp.windows.x,4,thread_group_02692,1,1,train
doc_04554,sci.crypt,5,thread_group_00779,38,1,train
doc_04555,comp.os.ms-windows.misc,1,thread_group_02693,2,1,train
doc_04556,sci.crypt,5,thread_group_02694,1,1,val
doc_04557,sci.crypt,5,thread_group_02695,1,1,val
doc_04558,comp.sys.ibm.pc.hardware,2,thread_group_02696,1,1,test
doc_04559,comp.sys.mac.hardware,3,thread_group_02917,2,1,val
doc_04560,comp.sys.mac.hardware,3,thread_group_02697,1,1,train
doc_04561,comp.graphics,0,thread_group_02698,1,1,val
doc_04562,comp.graphics,0,thread_group_00745,3,1,val
doc_04563,comp.sys.mac.hardware,3,thread_group_00931,6,1,train
doc_04564,comp.windows.x,4,thread_group_02699,2,1,val
doc_04565,comp.sys.mac.hardware,3,thread_group_00931,6,1,train
doc_04566,sci.electronics,6,thread_group_02275,21,1,train
doc_04567,sci.electronics,6,thread_group_00764,3,1,train
doc_04568,comp.windows.x,4,thread_group_02700,1,1,train
doc_04569,comp.sys.ibm.pc.hardware,2,thread_group_02701,2,1,train
doc_04570,comp.sys.ibm.pc.hardware,2,thread_group_02702,1,1,test
doc_04571,comp.os.ms-windows.misc,1,thread_group_02703,1,1,train
doc_04572,comp.os.ms-windows.misc,1,thread_group_01610,3,1,val
doc_04573,comp.sys.ibm.pc.hardware,2,thread_group_01028,3,1,train
doc_04574,sci.electronics,6,thread_group_01854,17,1,train
doc_04575,comp.graphics,0,thread_group_00325,10,1,train
doc_04576,comp.os.ms-windows.misc,1,thread_group_02704,1,1,test
doc_04577,sci.electronics,6,thread_group_02705,2,1,val
doc_04578,comp.windows.x,4,thread_group_02706,2,1,train
doc_04579,sci.electronics,6,thread_group_02707,2,1,test
doc_04580,sci.electronics,6,thread_group_02074,4,1,train
doc_04581,sci.electronics,6,thread_group_02534,3,1,train
doc_04582,comp.sys.ibm.pc.hardware,2,thread_group_01178,2,1,train
doc_04583,sci.crypt,5,thread_group_02708,9,1,train
doc_04584,sci.electronics,6,thread_group_00324,19,1,val
doc_04585,comp.windows.x,4,thread_group_02709,1,1,val
doc_04586,comp.sys.mac.hardware,3,thread_group_02710,1,1,train
doc_04587,comp.sys.mac.hardware,3,thread_group_02711,3,1,train
doc_04588,sci.crypt,5,thread_group_00196,19,1,train
doc_04589,comp.windows.x,4,thread_group_02712,1,1,train
doc_04590,sci.crypt,5,thread_group_02713,1,1,train
doc_04591,comp.sys.mac.hardware,3,thread_group_00699,2,1,train
doc_04592,comp.os.ms-windows.misc,1,thread_group_00438,4,1,train
doc_04593,comp.graphics,0,thread_group_02714,1,1,train
doc_04594,comp.sys.ibm.pc.hardware,2,thread_group_02715,1,1,train
doc_04595,comp.windows.x,4,thread_group_02716,1,1,train
doc_04596,comp.graphics,0,thread_group_00046,3,1,train
doc_04597,sci.electronics,6,thread_group_00509,46,1,train
doc_04598,sci.crypt,5,thread_group_02717,14,1,train
doc_04599,comp.graphics,0,thread_group_02718,1,1,train
doc_04600,comp.windows.x,4,thread_group_02719,1,1,train
doc_04601,comp.windows.x,4,thread_group_01236,3,1,val
doc_04602,comp.graphics,0,thread_group_02938,2,1,train
doc_04603,comp.os.ms-windows.misc,1,thread_group_00203,9,1,train
doc_04604,comp.graphics,0,thread_group_02720,1,1,train
doc_04605,comp.windows.x,4,thread_group_02721,1,1,test
doc_04606,sci.crypt,5,thread_group_00231,47,1,val
doc_04607,comp.os.ms-windows.misc,1,thread_group_00448,3,1,train
doc_04608,comp.os.ms-windows.misc,1,thread_group_02722,1,1,train
doc_04609,comp.sys.ibm.pc.hardware,2,thread_group_02723,1,1,val
doc_04610,comp.windows.x,4,thread_group_02724,1,1,train
doc_04611,comp.graphics,0,thread_group_03432,2,1,train
doc_04612,sci.crypt,5,thread_group_02725,1,1,test
doc_04613,comp.os.ms-windows.misc,1,thread_group_00215,11,1,train
doc_04614,comp.windows.x,4,thread_group_02726,1,1,test
doc_04615,comp.sys.mac.hardware,3,thread_group_02727,1,1,test
doc_04616,sci.crypt,5,thread_group_00391,31,1,train
doc_04617,comp.sys.ibm.pc.hardware,2,thread_group_02728,1,1,train
doc_04618,comp.os.ms-windows.misc,1,thread_group_02729,1,1,train
doc_04619,sci.crypt,5,thread_group_00223,5,1,train
doc_04620,sci.crypt,5,thread_group_00391,31,1,train
doc_04621,sci.crypt,5,thread_group_00427,6,1,train
doc_04622,comp.os.ms-windows.misc,1,thread_group_00154,6,1,train
doc_04623,sci.crypt,5,thread_group_01340,3,1,train
doc_04624,comp.windows.x,4,thread_group_02730,2,1,val
doc_04625,sci.crypt,5,thread_group_00068,9,1,train
doc_04626,sci.electronics,6,thread_group_02731,3,1,train
doc_04627,sci.crypt,5,thread_group_00068,9,1,train
doc_04628,comp.graphics,0,thread_group_02732,2,1,train
doc_04629,sci.crypt,5,thread_group_00136,32,1,test
doc_04630,sci.crypt,5,thread_group_00118,234,1,train
doc_04631,comp.windows.x,4,thread_group_03843,2,1,train
doc_04632,sci.electronics,6,thread_group_02733,3,1,train
doc_04633,sci.crypt,5,thread_group_00118,234,1,train
doc_04634,comp.sys.ibm.pc.hardware,2,thread_group_02734,4,1,train
doc_04635,comp.windows.x,4,thread_group_02735,1,1,train
doc_04636,sci.crypt,5,thread_group_02564,7,1,train
doc_04637,comp.sys.mac.hardware,3,thread_group_02736,1,1,val
doc_04638,sci.crypt,5,thread_group_02708,9,1,train
doc_04639,comp.sys.ibm.pc.hardware,2,thread_group_02737,2,1,train
doc_04640,comp.sys.ibm.pc.hardware,2,thread_group_02358,2,1,train
doc_04641,comp.sys.ibm.pc.hardware,2,thread_group_02738,1,1,train
doc_04642,sci.crypt,5,thread_group_00136,32,1,test
doc_04643,comp.windows.x,4,thread_group_02402,4,1,train
doc_04644,sci.crypt,5,thread_group_02627,13,1,val
doc_04645,comp.windows.x,4,thread_group_02739,1,1,train
doc_04646,comp.sys.ibm.pc.hardware,2,thread_group_02740,1,1,val
doc_04647,sci.electronics,6,thread_group_00324,19,1,val
doc_04648,comp.sys.mac.hardware,3,thread_group_00248,3,1,train
doc_04649,comp.sys.mac.hardware,3,thread_group_02741,1,1,train
doc_04650,comp.windows.x,4,thread_group_01102,3,1,train
doc_04651,comp.windows.x,4,thread_group_01473,3,1,train
doc_04652,comp.os.ms-windows.misc,1,thread_group_01168,11,1,train
doc_04653,comp.sys.ibm.pc.hardware,2,thread_group_02742,1,1,train
doc_04654,comp.sys.mac.hardware,3,thread_group_02743,1,1,val
doc_04655,comp.os.ms-windows.misc,1,thread_group_02744,1,1,train
doc_04656,comp.sys.ibm.pc.hardware,2,thread_group_02745,1,1,train
doc_04657,comp.sys.ibm.pc.hardware,2,thread_group_02746,1,1,val
doc_04658,sci.crypt,5,thread_group_00118,234,1,train
doc_04659,sci.electronics,6,thread_group_02343,2,1,val
doc_04660,comp.windows.x,4,thread_group_00331,7,1,train
doc_04661,sci.electronics,6,thread_group_00235,3,1,train
doc_04662,comp.sys.mac.hardware,3,thread_group_02747,2,1,train
doc_04663,sci.electronics,6,thread_group_00509,46,1,train
doc_04664,sci.crypt,5,thread_group_00084,27,1,test
doc_04665,comp.os.ms-windows.misc,1,thread_group_01118,3,1,train
doc_04666,comp.sys.ibm.pc.hardware,2,thread_group_01933,4,1,train
doc_04667,sci.electronics,6,thread_group_02748,1,1,train
doc_04668,comp.windows.x,4,thread_group_02749,1,1,train
doc_04669,comp.sys.ibm.pc.hardware,2,thread_group_02750,1,1,train
doc_04670,comp.sys.ibm.pc.hardware,2,thread_group_00749,7,1,train
doc_04671,sci.electronics,6,thread_group_00945,4,1,train
doc_04672,sci.electronics,6,thread_group_02751,1,1,train
doc_04673,comp.graphics,0,thread_group_02752,1,1,train
doc_04674,comp.sys.mac.hardware,3,thread_group_02047,8,1,train
doc_04675,sci.electronics,6,thread_group_01413,2,1,train
doc_04676,sci.electronics,6,thread_group_02753,1,1,train
doc_04677,comp.graphics,0,thread_group_02754,1,1,train
doc_04678,comp.windows.x,4,thread_group_01704,3,1,test
doc_04679,sci.crypt,5,thread_group_02755,1,1,train
doc_04680,comp.os.ms-windows.misc,1,thread_group_00586,4,1,train
doc_04681,comp.sys.ibm.pc.hardware,2,thread_group_02756,1,1,train
doc_04682,comp.os.ms-windows.misc,1,thread_group_00157,6,1,train
doc_04683,comp.os.ms-windows.misc,1,thread_group_00462,3,1,val
doc_04684,sci.crypt,5,thread_group_00613,22,1,val
doc_04685,sci.crypt,5,thread_group_00460,11,1,val
doc_04686,comp.sys.mac.hardware,3,thread_group_02757,2,1,val
doc_04687,comp.windows.x,4,thread_group_02758,1,1,train
doc_04688,comp.os.ms-windows.misc,1,thread_group_00203,9,1,train
doc_04689,comp.sys.mac.hardware,3,thread_group_01697,3,1,train
doc_04690,comp.sys.mac.hardware,3,thread_group_02759,1,1,train
doc_04691,comp.windows.x,4,thread_group_02760,1,1,train
doc_04692,comp.os.ms-windows.misc,1,thread_group_02761,1,1,test
doc_04693,sci.crypt,5,thread_group_00118,234,1,train
doc_04694,comp.graphics,0,thread_group_02471,3,1,train
doc_04695,comp.os.ms-windows.misc,1,thread_group_00993,3,1,train
doc_04696,comp.sys.ibm.pc.hardware,2,thread_group_02762,2,1,train
doc_04697,comp.windows.x,4,thread_group_00918,14,1,train
doc_04698,comp.graphics,0,thread_group_02763,1,1,train
doc_04699,comp.os.ms-windows.misc,1,thread_group_01148,8,1,train
doc_04700,sci.electronics,6,thread_group_02764,1,1,test
doc_04701,sci.crypt,5,thread_group_02765,1,1,train
doc_04702,comp.sys.ibm.pc.hardware,2,thread_group_02766,3,1,test
doc_04703,comp.sys.mac.hardware,3,thread_group_02767,1,1,train
doc_04704,sci.electronics,6,thread_group_00069,11,1,val
doc_04705,comp.graphics,0,thread_group_02249,4,1,train
doc_04706,comp.os.ms-windows.misc,1,thread_group_02768,1,1,train
doc_04707,comp.windows.x,4,thread_group_02769,1,1,train
doc_04708,comp.graphics,0,thread_group_02770,1,1,train
doc_04709,comp.os.ms-windows.misc,1,thread_group_02771,1,1,test
doc_04710,comp.windows.x,4,thread_group_02772,1,1,val
doc_04711,comp.os.ms-windows.misc,1,thread_group_00207,5,1,train
doc_04712,comp.sys.mac.hardware,3,thread_group_02773,1,1,train
doc_04713,sci.electronics,6,thread_group_00469,5,1,train
doc_04714,comp.sys.mac.hardware,3,thread_group_01527,4,1,train
doc_04715,comp.sys.mac.hardware,3,thread_group_02774,2,1,val
doc_04716,comp.windows.x,4,thread_group_00146,4,1,train
doc_04717,comp.windows.x,4,thread_group_02775,1,1,train
doc_04718,comp.sys.mac.hardware,3,thread_group_03888,2,1,train
doc_04719,comp.os.ms-windows.misc,1,thread_group_02776,1,1,train
doc_04720,comp.sys.ibm.pc.hardware,2,thread_group_02777,1,1,val
doc_04721,comp.os.ms-windows.misc,1,thread_group_02778,1,1,train
doc_04722,comp.sys.ibm.pc.hardware,2,thread_group_02779,1,1,train
doc_04723,sci.electronics,6,thread_group_01113,3,1,train
doc_04724,sci.electronics,6,thread_group_02780,1,1,train
doc_04725,comp.sys.mac.hardware,3,thread_group_02781,2,1,train
doc_04726,comp.sys.mac.hardware,3,thread_group_02782,1,1,val
doc_04727,sci.crypt,5,thread_group_02783,2,1,train
doc_04728,sci.crypt,5,thread_group_00136,32,1,test
doc_04729,comp.windows.x,4,thread_group_02784,1,1,train
doc_04730,sci.electronics,6,thread_group_00009,6,1,train
doc_04731,comp.os.ms-windows.misc,1,thread_group_02785,1,1,val
doc_04732,comp.os.ms-windows.misc,1,thread_group_02423,2,1,train
doc_04733,comp.os.ms-windows.misc,1,thread_group_00948,6,1,val
doc_04734,comp.sys.mac.hardware,3,thread_group_02786,2,1,train
doc_04735,comp.os.ms-windows.misc,1,thread_group_02787,1,1,train
doc_04736,comp.graphics,0,thread_group_02788,2,1,test
doc_04737,comp.graphics,0,thread_group_02789,1,1,val
doc_04738,comp.sys.ibm.pc.hardware,2,thread_group_01132,3,1,test
doc_04739,comp.sys.mac.hardware,3,thread_group_00164,4,1,train
doc_04740,comp.sys.mac.hardware,3,thread_group_01093,3,1,train
doc_04741,comp.os.ms-windows.misc,1,thread_group_00673,5,1,train
doc_04742,sci.crypt,5,thread_group_02790,1,1,train
doc_04743,comp.windows.x,4,thread_group_02791,1,1,train
doc_04744,comp.sys.mac.hardware,3,thread_group_02792,1,1,train
doc_04745,comp.sys.ibm.pc.hardware,2,thread_group_02793,1,1,val
doc_04746,comp.sys.ibm.pc.hardware,2,thread_group_03686,2,1,train
doc_04747,comp.windows.x,4,thread_group_02794,1,1,train
doc_04748,sci.crypt,5,thread_group_00779,38,1,train
doc_04749,comp.os.ms-windows.misc,1,thread_group_02795,1,1,val
doc_04750,sci.electronics,6,thread_group_03397,2,1,train
doc_04751,comp.os.ms-windows.misc,1,thread_group_01150,2,1,train
doc_04752,sci.electronics,6,thread_group_02796,2,1,train
doc_04753,sci.electronics,6,thread_group_02797,1,1,train
doc_04754,comp.sys.mac.hardware,3,thread_group_00430,27,1,train
doc_04755,comp.graphics,0,thread_group_02798,1,1,val
doc_04756,sci.electronics,6,thread_group_00904,5,1,train
doc_04757,sci.crypt,5,thread_group_02799,3,1,train
doc_04758,comp.graphics,0,thread_group_02800,1,1,train
doc_04759,comp.windows.x,4,thread_group_00331,7,1,train
doc_04760,sci.crypt,5,thread_group_00118,234,1,train
doc_04761,sci.electronics,6,thread_group_00550,13,1,test
doc_04762,comp.graphics,0,thread_group_02801,2,1,train
doc_04763,comp.sys.mac.hardware,3,thread_group_02802,1,1,val
doc_04764,sci.crypt,5,thread_group_00118,234,1,train
doc_04765,comp.windows.x,4,thread_group_02803,1,1,train
doc_04766,comp.windows.x,4,thread_group_02804,1,1,train
doc_04767,comp.graphics,0,thread_group_02805,1,1,train
doc_04768,comp.graphics,0,thread_group_01468,4,1,train
doc_04769,comp.os.ms-windows.misc,1,thread_group_02806,1,1,train
doc_04770,comp.sys.ibm.pc.hardware,2,thread_group_03246,2,1,train
doc_04771,comp.sys.ibm.pc.hardware,2,thread_group_02807,1,1,val
doc_04772,comp.sys.ibm.pc.hardware,2,thread_group_02808,1,1,train
doc_04773,sci.crypt,5,thread_group_00118,234,1,train
doc_04774,comp.graphics,0,thread_group_00508,13,1,val
doc_04775,comp.sys.ibm.pc.hardware,2,thread_group_02593,3,1,val
doc_04776,comp.sys.mac.hardware,3,thread_group_02809,1,1,train
doc_04777,comp.sys.mac.hardware,3,thread_group_00216,2,1,train
doc_04778,comp.sys.mac.hardware,3,thread_group_02810,1,1,train
doc_04779,comp.windows.x,4,thread_group_01316,3,1,train
doc_04780,comp.graphics,0,thread_group_02811,1,1,test
doc_04781,comp.windows.x,4,thread_group_01882,3,1,train
doc_04782,comp.os.ms-windows.misc,1,thread_group_02812,2,1,train
doc_04783,comp.os.ms-windows.misc,1,thread_group_00092,13,1,train
doc_04784,comp.sys.ibm.pc.hardware,2,thread_group_02813,2,1,train
doc_04785,comp.sys.ibm.pc.hardware,2,thread_group_02814,1,1,train
doc_04786,comp.sys.mac.hardware,3,thread_group_00430,27,1,train
doc_04787,comp.os.ms-windows.misc,1,thread_group_02815,1,1,train
doc_04788,comp.sys.mac.hardware,3,thread_group_02816,1,1,train
doc_04789,comp.sys.ibm.pc.hardware,2,thread_group_01122,7,1,test
doc_04790,comp.graphics,0,thread_group_02817,1,1,train
doc_04791,comp.sys.ibm.pc.hardware,2,thread_group_00182,2,1,train
doc_04792,comp.sys.mac.hardware,3,thread_group_00219,4,1,test
doc_04793,comp.sys.mac.hardware,3,thread_group_02818,1,1,train
doc_04794,comp.windows.x,4,thread_group_02819,1,1,test
doc_04795,comp.graphics,0,thread_group_00447,11,1,train
doc_04796,comp.windows.x,4,thread_group_02820,1,1,train
doc_04797,comp.os.ms-windows.misc,1,thread_group_02821,1,1,train
doc_04798,comp.sys.ibm.pc.hardware,2,thread_group_00000,4,1,train
doc_04799,comp.sys.mac.hardware,3,thread_group_01203,2,1,test
doc_04800,comp.graphics,0,thread_group_00449,5,1,train
doc_04801,sci.electronics,6,thread_group_02822,1,1,val
doc_04802,sci.electronics,6,thread_group_01016,8,1,val
doc_04803,comp.windows.x,4,thread_group_02823,1,1,train
doc_04804,sci.crypt,5,thread_group_01802,8,1,train
doc_04805,sci.crypt,5,thread_group_02824,3,1,train
doc_04806,comp.sys.ibm.pc.hardware,2,thread_group_02825,1,1,test
doc_04807,comp.os.ms-windows.misc,1,thread_group_00413,10,1,train
doc_04808,sci.electronics,6,thread_group_02826,1,1,train
doc_04809,comp.graphics,0,thread_group_02316,5,1,train
doc_04810,comp.os.ms-windows.misc,1,thread_group_00088,7,1,train
doc_04811,comp.sys.mac.hardware,3,thread_group_01512,2,1,train
doc_04812,sci.crypt,5,thread_group_02827,2,1,train
doc_04813,comp.graphics,0,thread_group_02828,2,1,train
doc_04814,comp.os.ms-windows.misc,1,thread_group_00154,6,1,train
doc_04815,sci.electronics,6,thread_group_00509,46,1,train
doc_04816,comp.windows.x,4,thread_group_02829,1,1,train
doc_04817,comp.os.ms-windows.misc,1,thread_group_02693,2,1,train
doc_04818,comp.os.ms-windows.misc,1,thread_group_00986,2,1,train
doc_04819,comp.windows.x,4,thread_group_02830,2,1,val
doc_04820,comp.sys.mac.hardware,3,thread_group_00938,3,1,train
doc_04821,sci.electronics,6,thread_group_01854,17,1,train
doc_04822,comp.os.ms-windows.misc,1,thread_group_01168,11,1,train
doc_04823,sci.electronics,6,thread_group_01783,3,1,train
doc_04824,comp.sys.mac.hardware,3,thread_group_02831,1,1,train
doc_04825,comp.windows.x,4,thread_group_02832,1,1,train
doc_04826,sci.electronics,6,thread_group_00509,46,1,train
doc_04827,comp.windows.x,4,thread_group_02833,1,1,train
doc_04828,comp.sys.mac.hardware,3,thread_group_02349,2,1,train
doc_04829,sci.electronics,6,thread_group_02834,2,1,test
doc_04830,comp.graphics,0,thread_group_02835,1,1,train
doc_04831,sci.crypt,5,thread_group_00068,9,1,train
doc_04832,comp.sys.mac.hardware,3,thread_group_02836,1,1,val
doc_04833,comp.sys.mac.hardware,3,thread_group_02837,1,1,val
doc_04834,comp.sys.ibm.pc.hardware,2,thread_group_00749,7,1,train
doc_04835,comp.os.ms-windows.misc,1,thread_group_02838,1,1,train
doc_04836,sci.crypt,5,thread_group_00779,38,1,train
doc_04837,sci.electronics,6,thread_group_00324,19,1,val
doc_04838,comp.windows.x,4,thread_group_02839,3,1,val
doc_04839,sci.electronics,6,thread_group_01202,3,1,test
doc_04840,comp.graphics,0,thread_group_01479,2,1,train
doc_04841,sci.crypt,5,thread_group_02717,14,1,train
doc_04842,sci.crypt,5,thread_group_00084,27,1,test
doc_04843,sci.crypt,5,thread_group_00391,31,1,train
doc_04844,sci.electronics,6,thread_group_02840,1,1,test
doc_04845,comp.windows.x,4,thread_group_02841,1,1,train
doc_04846,comp.sys.mac.hardware,3,thread_group_02842,4,1,train
doc_04847,comp.sys.ibm.pc.hardware,2,thread_group_02843,1,1,train
doc_04848,comp.sys.mac.hardware,3,thread_group_02844,1,1,val
doc_04849,comp.os.ms-windows.misc,1,thread_group_01256,2,1,train
doc_04850,comp.windows.x,4,thread_group_02845,1,1,test
doc_04851,comp.os.ms-windows.misc,1,thread_group_00923,3,1,test
doc_04852,sci.crypt,5,thread_group_00118,234,1,train
doc_04853,comp.os.ms-windows.misc,1,thread_group_02846,3,1,test
doc_04854,comp.os.ms-windows.misc,1,thread_group_02847,1,1,train
doc_04855,comp.os.ms-windows.misc,1,thread_group_02848,1,1,train
doc_04856,sci.crypt,5,thread_group_00231,47,1,val
doc_04857,comp.windows.x,4,thread_group_02849,1,1,train
doc_04858,comp.graphics,0,thread_group_00390,9,1,test
doc_04859,comp.sys.ibm.pc.hardware,2,thread_group_00854,7,1,train
doc_04860,sci.electronics,6,thread_group_02690,2,1,train
doc_04861,comp.windows.x,4,thread_group_02850,1,1,val
doc_04862,sci.crypt,5,thread_group_00558,5,1,train
doc_04863,sci.crypt,5,thread_group_01642,16,1,val
doc_04864,comp.sys.mac.hardware,3,thread_group_02851,1,1,train
doc_04865,comp.os.ms-windows.misc,1,thread_group_00335,13,1,train
doc_04866,comp.sys.mac.hardware,3,thread_group_01748,2,1,test
doc_04867,sci.crypt,5,thread_group_00231,47,1,val
doc_04868,comp.windows.x,4,thread_group_02852,1,1,train
doc_04869,sci.electronics,6,thread_group_01558,3,1,val
doc_04870,comp.os.ms-windows.misc,1,thread_group_00586,4,1,train
doc_04871,comp.sys.ibm.pc.hardware,2,thread_group_02853,1,1,train
doc_04872,comp.sys.ibm.pc.hardware,2,thread_group_00744,5,1,train
doc_04873,comp.graphics,0,thread_group_01836,2,1,train
doc_04874,comp.windows.x,4,thread_group_03716,2,1,train
doc_04875,comp.os.ms-windows.misc,1,thread_group_00215,11,1,train
doc_04876,comp.os.ms-windows.misc,1,thread_group_02854,1,1,train
doc_04877,comp.os.ms-windows.misc,1,thread_group_02855,5,1,train
doc_04878,comp.sys.mac.hardware,3,thread_group_02047,8,1,train
doc_04879,comp.sys.ibm.pc.hardware,2,thread_group_02856,1,1,val
doc_04880,comp.windows.x,4,thread_group_02857,1,1,test
doc_04881,comp.os.ms-windows.misc,1,thread_group_02858,2,1,train
doc_04882,sci.electronics,6,thread_group_02859,1,1,test
doc_04883,comp.graphics,0,thread_group_02860,1,1,train
doc_04884,comp.os.ms-windows.misc,1,thread_group_02861,1,1,test
doc_04885,comp.os.ms-windows.misc,1,thread_group_00203,9,1,train
doc_04886,comp.graphics,0,thread_group_02862,3,1,test
doc_04887,comp.sys.ibm.pc.hardware,2,thread_group_02863,1,1,val
doc_04888,sci.crypt,5,thread_group_00320,8,1,train
doc_04889,comp.os.ms-windows.misc,1,thread_group_00203,9,1,train
doc_04890,sci.electronics,6,thread_group_02864,1,1,train
doc_04891,comp.os.ms-windows.misc,1,thread_group_01945,2,1,train
doc_04892,comp.graphics,0,thread_group_03114,2,1,train
doc_04893,sci.electronics,6,thread_group_02705,2,1,val
doc_04894,comp.os.ms-windows.misc,1,thread_group_02865,1,1,train
doc_04895,comp.os.ms-windows.misc,1,thread_group_02866,1,1,val
doc_04896,sci.electronics,6,thread_group_02867,1,1,train
doc_04897,comp.os.ms-windows.misc,1,thread_group_02868,1,1,val
doc_04898,comp.os.ms-windows.misc,1,thread_group_02869,1,1,train
doc_04899,comp.sys.mac.hardware,3,thread_group_02870,1,1,test
doc_04900,comp.sys.ibm.pc.hardware,2,thread_group_02871,3,1,train
doc_04901,comp.sys.ibm.pc.hardware,2,thread_group_02872,2,1,train
doc_04902,sci.crypt,5,thread_group_00118,234,1,train
doc_04903,comp.sys.mac.hardware,3,thread_group_01069,4,1,val
doc_04904,comp.sys.mac.hardware,3,thread_group_02873,1,1,test
doc_04905,comp.os.ms-windows.misc,1,thread_group_02383,3,1,train
doc_04906,comp.graphics,0,thread_group_02874,2,1,test
doc_04907,comp.sys.ibm.pc.hardware,2,thread_group_00101,8,1,train
doc_04908,comp.os.ms-windows.misc,1,thread_group_01168,11,1,train
doc_04909,sci.electronics,6,thread_group_00349,3,1,train
doc_04910,sci.electronics,6,thread_group_00253,6,1,train
doc_04911,comp.os.ms-windows.misc,1,thread_group_02875,1,1,train
doc_04912,comp.sys.ibm.pc.hardware,2,thread_group_00973,3,1,train
doc_04913,comp.graphics,0,thread_group_02876,1,1,train
doc_04914,comp.graphics,0,thread_group_02877,1,1,train
doc_04915,sci.electronics,6,thread_group_02878,1,1,val
doc_04916,comp.sys.mac.hardware,3,thread_group_00872,13,1,test
doc_04917,comp.sys.mac.hardware,3,thread_group_00577,4,1,train
doc_04918,sci.crypt,5,thread_group_03000,2,1,train
doc_04919,comp.windows.x,4,thread_group_02879,1,1,test
doc_04920,comp.windows.x,4,thread_group_02880,1,1,train
doc_04921,sci.crypt,5,thread_group_01503,4,1,val
doc_04922,comp.sys.ibm.pc.hardware,2,thread_group_02881,1,1,test
doc_04923,comp.windows.x,4,thread_group_00843,3,1,train
doc_04924,sci.electronics,6,thread_group_02882,3,1,train
doc_04925,comp.sys.ibm.pc.hardware,2,thread_group_02883,1,1,train
doc_04926,comp.graphics,0,thread_group_02884,1,1,train
doc_04927,comp.sys.ibm.pc.hardware,2,thread_group_02885,1,1,test
doc_04928,comp.sys.mac.hardware,3,thread_group_01835,4,1,train
doc_04929,sci.crypt,5,thread_group_00336,6,1,train
doc_04930,comp.sys.mac.hardware,3,thread_group_02711,3,1,train
doc_04931,sci.crypt,5,thread_group_00118,234,1,train
doc_04932,comp.sys.mac.hardware,3,thread_group_02886,1,1,test
doc_04933,comp.graphics,0,thread_group_00447,11,1,train
doc_04934,sci.electronics,6,thread_group_00019,8,1,train
doc_04935,sci.crypt,5,thread_group_00196,19,1,train
doc_04936,comp.windows.x,4,thread_group_02887,2,1,train
doc_04937,comp.graphics,0,thread_group_02888,1,1,train
doc_04938,sci.crypt,5,thread_group_02889,1,1,test
doc_04939,comp.windows.x,4,thread_group_01247,14,1,train
doc_04940,comp.os.ms-windows.misc,1,thread_group_02890,1,1,train
doc_04941,comp.sys.ibm.pc.hardware,2,thread_group_02683,4,1,train
doc_04942,comp.windows.x,4,thread_group_02307,2,1,train
doc_04943,comp.sys.mac.hardware,3,thread_group_02891,1,1,train
doc_04944,comp.windows.x,4,thread_group_02892,1,1,train
doc_04945,comp.sys.ibm.pc.hardware,2,thread_group_01947,3,1,train
doc_04946,comp.graphics,0,thread_group_02893,1,1,train
doc_04947,sci.electronics,6,thread_group_02894,1,1,val
doc_04948,sci.crypt,5,thread_group_00224,14,1,train
doc_04949,comp.graphics,0,thread_group_02316,5,1,train
doc_04950,sci.crypt,5,thread_group_00118,234,1,train
doc_04951,comp.windows.x,4,thread_group_03126,2,1,val
doc_04952,comp.sys.ibm.pc.hardware,2,thread_group_03547,2,1,train
doc_04953,comp.sys.mac.hardware,3,thread_group_00906,6,1,train
doc_04954,sci.electronics,6,thread_group_02895,1,1,train
doc_04955,sci.crypt,5,thread_group_00231,47,1,val
doc_04956,sci.electronics,6,thread_group_02896,1,1,train
doc_04957,comp.sys.mac.hardware,3,thread_group_02409,3,1,train
doc_04958,comp.graphics,0,thread_group_02319,19,1,train
doc_04959,comp.sys.mac.hardware,3,thread_group_00739,3,1,test
doc_04960,comp.windows.x,4,thread_group_00108,3,1,train
doc_04961,comp.os.ms-windows.misc,1,thread_group_02897,1,1,train
doc_04962,comp.windows.x,4,thread_group_02898,1,1,train
doc_04963,comp.os.ms-windows.misc,1,thread_group_00157,6,1,train
doc_04964,comp.windows.x,4,thread_group_00859,4,1,train
doc_04965,comp.windows.x,4,thread_group_00505,4,1,train
doc_04966,comp.windows.x,4,thread_group_02899,1,1,train
doc_04967,comp.os.ms-windows.misc,1,thread_group_02900,1,1,train
doc_04968,comp.sys.ibm.pc.hardware,2,thread_group_00659,3,1,val
doc_04969,comp.os.ms-windows.misc,1,thread_group_01954,9,1,train
doc_04970,sci.electronics,6,thread_group_00270,4,1,test
doc_04971,sci.crypt,5,thread_group_00391,31,1,train
doc_04972,comp.sys.mac.hardware,3,thread_group_00943,3,1,train
doc_04973,comp.os.ms-windows.misc,1,thread_group_02901,1,1,train
doc_04974,comp.windows.x,4,thread_group_02902,1,1,val
doc_04975,comp.os.ms-windows.misc,1,thread_group_02903,1,1,train
doc_04976,comp.graphics,0,thread_group_00829,3,1,test
doc_04977,sci.electronics,6,thread_group_01068,5,1,val
doc_04978,sci.electronics,6,thread_group_02904,1,1,train
doc_04979,sci.crypt,5,thread_group_00118,234,1,train
doc_04980,sci.crypt,5,thread_group_02905,1,1,val
doc_04981,comp.graphics,0,thread_group_02316,5,1,train
doc_04982,comp.sys.ibm.pc.hardware,2,thread_group_03331,2,1,train
doc_04983,sci.crypt,5,thread_group_00118,234,1,train
doc_04984,comp.os.ms-windows.misc,1,thread_group_00207,5,1,train
doc_04985,comp.graphics,0,thread_group_02906,1,1,val
doc_04986,comp.sys.mac.hardware,3,thread_group_01341,7,1,train
doc_04987,comp.graphics,0,thread_group_02907,2,1,train
doc_04988,comp.graphics,0,thread_group_01800,4,1,train
doc_04989,comp.windows.x,4,thread_group_00115,3,1,train
doc_04990,comp.windows.x,4,thread_group_00115,3,1,train
doc_04991,comp.graphics,0,thread_group_00447,11,1,train
doc_04992,comp.sys.ibm.pc.hardware,2,thread_group_00085,4,1,train
doc_04993,sci.crypt,5,thread_group_00118,234,1,train
doc_04994,comp.sys.ibm.pc.hardware,2,thread_group_02908,1,1,test
doc_04995,comp.graphics,0,thread_group_02909,2,1,train
doc_04996,comp.windows.x,4,thread_group_00053,4,1,train
doc_04997,comp.graphics,0,thread_group_02910,1,1,train
doc_04998,comp.os.ms-windows.misc,1,thread_group_02911,1,1,test
doc_04999,comp.sys.mac.hardware,3,thread_group_02912,1,1,train
doc_05000,comp.graphics,0,thread_group_02913,1,1,test
doc_05001,comp.sys.ibm.pc.hardware,2,thread_group_02914,1,1,train
doc_05002,comp.windows.x,4,thread_group_02915,1,1,test
doc_05003,comp.sys.ibm.pc.hardware,2,thread_group_02916,1,1,test
doc_05004,comp.sys.mac.hardware,3,thread_group_00938,3,1,train
doc_05005,comp.sys.mac.hardware,3,thread_group_01014,7,1,train
doc_05006,comp.os.ms-windows.misc,1,thread_group_01148,8,1,train
doc_05007,sci.crypt,5,thread_group_00084,27,1,test
doc_05008,comp.sys.mac.hardware,3,thread_group_01461,4,1,train
doc_05009,comp.graphics,0,thread_group_01521,2,1,train
doc_05010,comp.sys.mac.hardware,3,thread_group_02917,2,1,val
doc_05011,sci.crypt,5,thread_group_02230,4,1,train
doc_05012,comp.os.ms-windows.misc,1,thread_group_02918,1,1,train
doc_05013,sci.electronics,6,thread_group_02882,3,1,train
doc_05014,sci.crypt,5,thread_group_00805,3,1,val
doc_05015,comp.sys.mac.hardware,3,thread_group_01874,4,1,train
doc_05016,comp.sys.ibm.pc.hardware,2,thread_group_02919,1,1,train
doc_05017,comp.windows.x,4,thread_group_02920,1,1,train
doc_05018,comp.windows.x,4,thread_group_02921,2,1,test
doc_05019,comp.windows.x,4,thread_group_02922,1,1,val
doc_05020,comp.graphics,0,thread_group_01083,20,1,train
doc_05021,sci.crypt,5,thread_group_01642,16,1,val
doc_05022,comp.graphics,0,thread_group_02923,1,1,train
doc_05023,sci.crypt,5,thread_group_00118,234,1,train
doc_05024,sci.crypt,5,thread_group_00391,31,1,train
doc_05025,sci.crypt,5,thread_group_00196,19,1,train
doc_05026,sci.crypt,5,thread_group_01828,7,1,test
doc_05027,comp.graphics,0,thread_group_00065,26,1,train
doc_05028,comp.graphics,0,thread_group_01312,8,1,train
doc_05029,comp.sys.ibm.pc.hardware,2,thread_group_02924,1,1,test
doc_05030,comp.sys.ibm.pc.hardware,2,thread_group_00927,3,1,test
doc_05031,comp.graphics,0,thread_group_00066,7,1,train
doc_05032,sci.electronics,6,thread_group_01039,8,1,train
doc_05033,comp.os.ms-windows.misc,1,thread_group_01699,2,1,val
doc_05034,sci.electronics,6,thread_group_02925,1,1,train
doc_05035,comp.os.ms-windows.misc,1,thread_group_02001,8,1,train
doc_05036,comp.sys.mac.hardware,3,thread_group_02926,1,1,test
doc_05037,comp.graphics,0,thread_group_00366,2,1,val
doc_05038,comp.graphics,0,thread_group_01736,3,1,train
doc_05039,comp.os.ms-windows.misc,1,thread_group_00064,3,1,val
doc_05040,comp.sys.ibm.pc.hardware,2,thread_group_02927,2,1,val
doc_05041,comp.sys.mac.hardware,3,thread_group_02928,1,1,test
doc_05042,sci.crypt,5,thread_group_02929,1,1,val
doc_05043,comp.os.ms-windows.misc,1,thread_group_02930,1,1,train
doc_05044,comp.graphics,0,thread_group_02931,1,1,val
doc_05045,comp.graphics,0,thread_group_02932,1,1,test
doc_05046,sci.crypt,5,thread_group_01756,8,1,test
doc_05047,comp.graphics,0,thread_group_02933,1,1,test
doc_05048,sci.electronics,6,thread_group_02934,1,1,train
doc_05049,comp.graphics,0,thread_group_02935,1,1,test
doc_05050,comp.sys.mac.hardware,3,thread_group_02936,1,1,test
doc_05051,comp.windows.x,4,thread_group_02937,1,1,train
doc_05052,comp.sys.ibm.pc.hardware,2,thread_group_00838,9,1,train
doc_05053,comp.os.ms-windows.misc,1,thread_group_00286,8,1,test
doc_05054,comp.graphics,0,thread_group_02938,2,1,train
doc_05055,comp.sys.ibm.pc.hardware,2,thread_group_02504,2,1,train
doc_05056,comp.sys.mac.hardware,3,thread_group_02939,1,1,test
doc_05057,sci.electronics,6,thread_group_02940,2,1,test
doc_05058,comp.os.ms-windows.misc,1,thread_group_00419,9,1,train
doc_05059,comp.windows.x,4,thread_group_02941,2,1,val
doc_05060,comp.sys.ibm.pc.hardware,2,thread_group_02942,1,1,train
doc_05061,comp.graphics,0,thread_group_02943,3,1,test
doc_05062,comp.windows.x,4,thread_group_00161,8,1,train
doc_05063,comp.graphics,0,thread_group_00735,2,1,test
doc_05064,sci.crypt,5,thread_group_00118,234,1,train
doc_05065,comp.sys.ibm.pc.hardware,2,thread_group_02944,1,1,train
doc_05066,comp.graphics,0,thread_group_02945,1,1,train
doc_05067,sci.electronics,6,thread_group_00867,5,1,val
doc_05068,comp.sys.ibm.pc.hardware,2,thread_group_00973,3,1,train
doc_05069,comp.sys.ibm.pc.hardware,2,thread_group_02766,3,1,test
doc_05070,comp.os.ms-windows.misc,1,thread_group_02946,1,1,train
doc_05071,sci.electronics,6,thread_group_00581,3,1,train
doc_05072,comp.graphics,0,thread_group_02947,1,1,train
doc_05073,comp.graphics,0,thread_group_02948,1,1,train
doc_05074,comp.sys.mac.hardware,3,thread_group_02949,1,1,train
doc_05075,sci.electronics,6,thread_group_02950,1,1,train
doc_05076,comp.sys.ibm.pc.hardware,2,thread_group_01331,2,1,train
doc_05077,sci.crypt,5,thread_group_02014,5,1,train
doc_05078,comp.os.ms-windows.misc,1,thread_group_00092,13,1,train
doc_05079,comp.graphics,0,thread_group_02951,2,1,test
doc_05080,comp.windows.x,4,thread_group_01510,3,1,test
doc_05081,comp.sys.mac.hardware,3,thread_group_02952,2,1,val
doc_05082,sci.electronics,6,thread_group_02953,2,1,train
doc_05083,sci.crypt,5,thread_group_00118,234,1,train
doc_05084,comp.sys.ibm.pc.hardware,2,thread_group_00530,5,1,train
doc_05085,comp.graphics,0,thread_group_02954,1,1,train
doc_05086,comp.sys.mac.hardware,3,thread_group_02424,2,1,train
doc_05087,comp.windows.x,4,thread_group_00205,26,1,test
doc_05088,sci.electronics,6,thread_group_02955,1,1,train
doc_05089,comp.sys.mac.hardware,3,thread_group_02956,2,1,train
doc_05090,comp.graphics,0,thread_group_02957,1,1,val
doc_05091,comp.graphics,0,thread_group_02958,1,1,train
doc_05092,sci.crypt,5,thread_group_00224,14,1,train
doc_05093,sci.crypt,5,thread_group_02708,9,1,train
doc_05094,sci.electronics,6,thread_group_00550,13,1,test
doc_05095,sci.crypt,5,thread_group_02959,1,1,train
doc_05096,comp.graphics,0,thread_group_02960,1,1,val
doc_05097,comp.os.ms-windows.misc,1,thread_group_02961,1,1,val
doc_05098,comp.os.ms-windows.misc,1,thread_group_02962,3,1,test
doc_05099,comp.sys.mac.hardware,3,thread_group_03534,2,1,train
doc_05100,comp.sys.mac.hardware,3,thread_group_02963,1,1,train
doc_05101,comp.sys.ibm.pc.hardware,2,thread_group_01764,3,1,val
doc_05102,comp.sys.mac.hardware,3,thread_group_01733,2,1,train
doc_05103,comp.graphics,0,thread_group_01622,3,1,val
doc_05104,comp.sys.ibm.pc.hardware,2,thread_group_01947,3,1,train
doc_05105,comp.windows.x,4,thread_group_02964,1,1,val
doc_05106,comp.sys.mac.hardware,3,thread_group_01198,3,1,val
doc_05107,comp.graphics,0,thread_group_01847,3,1,val
doc_05108,sci.crypt,5,thread_group_00613,22,1,val
doc_05109,comp.windows.x,4,thread_group_02253,2,1,train
doc_05110,comp.sys.mac.hardware,3,thread_group_02965,3,1,test
doc_05111,comp.os.ms-windows.misc,1,thread_group_01168,11,1,train
doc_05112,comp.graphics,0,thread_group_02966,1,1,train
doc_05113,comp.graphics,0,thread_group_00002,4,1,train
doc_05114,comp.sys.mac.hardware,3,thread_group_00430,27,1,train
doc_05115,comp.sys.mac.hardware,3,thread_group_02967,2,1,train
doc_05116,sci.electronics,6,thread_group_02968,1,1,test
doc_05117,comp.os.ms-windows.misc,1,thread_group_02969,1,1,train
doc_05118,comp.sys.mac.hardware,3,thread_group_02970,2,1,train
doc_05119,sci.crypt,5,thread_group_02971,2,1,train
doc_05120,comp.os.ms-windows.misc,1,thread_group_00835,14,1,train
doc_05121,comp.graphics,0,thread_group_02972,2,1,train
doc_05122,comp.graphics,0,thread_group_00025,5,1,train
doc_05123,sci.crypt,5,thread_group_00196,19,1,train
doc_05124,comp.os.ms-windows.misc,1,thread_group_00221,4,1,train
doc_05125,comp.os.ms-windows.misc,1,thread_group_02973,1,1,test
doc_05126,comp.sys.mac.hardware,3,thread_group_02974,1,1,train
doc_05127,comp.sys.mac.hardware,3,thread_group_02975,1,1,train
doc_05128,comp.graphics,0,thread_group_02976,1,1,val
doc_05129,comp.sys.mac.hardware,3,thread_group_02977,2,1,train
doc_05130,sci.electronics,6,thread_group_02978,1,1,train
doc_05131,sci.crypt,5,thread_group_00118,234,1,train
doc_05132,comp.windows.x,4,thread_group_02979,1,1,train
doc_05133,comp.windows.x,4,thread_group_02980,1,1,train
doc_05134,sci.crypt,5,thread_group_02981,1,1,train
doc_05135,comp.windows.x,4,thread_group_02982,2,1,train
doc_05136,comp.graphics,0,thread_group_02983,1,1,train
doc_05137,sci.electronics,6,thread_group_02984,1,1,train
doc_05138,comp.sys.mac.hardware,3,thread_group_02985,1,1,train
doc_05139,sci.crypt,5,thread_group_01029,7,1,train
doc_05140,comp.sys.mac.hardware,3,thread_group_02986,2,1,train
doc_05141,sci.electronics,6,thread_group_01840,4,1,train
doc_05142,comp.sys.mac.hardware,3,thread_group_02987,1,1,train
doc_05143,comp.sys.mac.hardware,3,thread_group_03862,2,1,train
doc_05144,sci.electronics,6,thread_group_02988,1,1,val
doc_05145,comp.sys.mac.hardware,3,thread_group_02989,1,1,val
doc_05146,sci.crypt,5,thread_group_02990,1,1,val
doc_05147,comp.os.ms-windows.misc,1,thread_group_02991,2,1,train
doc_05148,sci.crypt,5,thread_group_00779,38,1,train
doc_05149,comp.sys.ibm.pc.hardware,2,thread_group_02412,3,1,train
doc_05150,comp.graphics,0,thread_group_02992,1,1,train
doc_05151,sci.crypt,5,thread_group_00613,22,1,val
doc_05152,sci.electronics,6,thread_group_02993,1,1,train
doc_05153,comp.graphics,0,thread_group_00225,3,1,val
doc_05154,sci.crypt,5,thread_group_02994,1,1,train
doc_05155,comp.windows.x,4,thread_group_02995,1,1,train
doc_05156,comp.os.ms-windows.misc,1,thread_group_02996,2,1,train
doc_05157,comp.sys.mac.hardware,3,thread_group_00872,13,1,test
doc_05158,comp.sys.mac.hardware,3,thread_group_00243,9,1,train
doc_05159,comp.windows.x,4,thread_group_02997,1,1,train
doc_05160,comp.sys.ibm.pc.hardware,2,thread_group_02998,1,1,test
doc_05161,comp.sys.ibm.pc.hardware,2,thread_group_02999,1,1,train
doc_05162,comp.sys.mac.hardware,3,thread_group_00219,4,1,test
doc_05163,sci.crypt,5,thread_group_00118,234,1,train
doc_05164,comp.graphics,0,thread_group_00065,26,1,train
doc_05165,comp.graphics,0,thread_group_02862,3,1,test
doc_05166,sci.crypt,5,thread_group_03000,2,1,train
doc_05167,comp.sys.ibm.pc.hardware,2,thread_group_03001,2,1,train
doc_05168,comp.sys.ibm.pc.hardware,2,thread_group_03002,1,1,train
doc_05169,sci.electronics,6,thread_group_03003,2,1,train
doc_05170,comp.graphics,0,thread_group_03004,1,1,train
doc_05171,comp.sys.mac.hardware,3,thread_group_03005,1,1,train
doc_05172,comp.windows.x,4,thread_group_03006,1,1,train
doc_05173,comp.graphics,0,thread_group_03007,2,1,train
doc_05174,comp.graphics,0,thread_group_03008,1,1,test
doc_05175,sci.crypt,5,thread_group_02564,7,1,train
doc_05176,comp.sys.ibm.pc.hardware,2,thread_group_02871,3,1,train
doc_05177,sci.electronics,6,thread_group_03009,1,1,train
doc_05178,sci.crypt,5,thread_group_01257,10,1,train
doc_05179,comp.graphics,0,thread_group_03010,1,1,train
doc_05180,comp.sys.ibm.pc.hardware,2,thread_group_03011,1,1,val
doc_05181,comp.graphics,0,thread_group_00325,10,1,train
doc_05182,comp.graphics,0,thread_group_03012,1,1,train
doc_05183,comp.os.ms-windows.misc,1,thread_group_03013,2,1,train
doc_05184,sci.electronics,6,thread_group_00143,5,1,train
doc_05185,comp.os.ms-windows.misc,1,thread_group_03014,1,1,train
doc_05186,comp.windows.x,4,thread_group_03015,1,1,train
doc_05187,sci.crypt,5,thread_group_00613,22,1,val
doc_05188,comp.graphics,0,thread_group_03016,1,1,val
doc_05189,sci.electronics,6,thread_group_03017,1,1,val
doc_05190,comp.sys.ibm.pc.hardware,2,thread_group_03018,1,1,train
doc_05191,comp.os.ms-windows.misc,1,thread_group_03019,2,1,val
doc_05192,comp.sys.ibm.pc.hardware,2,thread_group_01165,6,1,test
doc_05193,comp.graphics,0,thread_group_01174,3,1,train
doc_05194,comp.os.ms-windows.misc,1,thread_group_00763,4,1,train
doc_05195,comp.sys.mac.hardware,3,thread_group_03020,1,1,train
doc_05196,sci.electronics,6,thread_group_03021,1,1,train
doc_05197,comp.os.ms-windows.misc,1,thread_group_02001,8,1,train
doc_05198,comp.windows.x,4,thread_group_03022,1,1,train
doc_05199,comp.sys.mac.hardware,3,thread_group_03023,1,1,train
doc_05200,comp.sys.ibm.pc.hardware,2,thread_group_03024,2,1,test
doc_05201,comp.os.ms-windows.misc,1,thread_group_03025,1,1,train
doc_05202,comp.windows.x,4,thread_group_03026,2,1,train
doc_05203,comp.windows.x,4,thread_group_03027,1,1,train
doc_05204,sci.crypt,5,thread_group_00231,47,1,val
doc_05205,sci.crypt,5,thread_group_03028,1,1,train
doc_05206,comp.sys.ibm.pc.hardware,2,thread_group_00101,8,1,train
doc_05207,sci.electronics,6,thread_group_03891,2,1,train
doc_05208,comp.os.ms-windows.misc,1,thread_group_00674,2,1,val
doc_05209,sci.crypt,5,thread_group_00779,38,1,train
doc_05210,comp.os.ms-windows.misc,1,thread_group_03029,1,1,train
doc_05211,comp.graphics,0,thread_group_01265,7,1,train
doc_05212,comp.os.ms-windows.misc,1,thread_group_03030,1,1,train
doc_05213,comp.sys.ibm.pc.hardware,2,thread_group_03031,1,1,train
doc_05214,comp.graphics,0,thread_group_03032,1,1,val
doc_05215,comp.sys.mac.hardware,3,thread_group_00731,8,1,train
doc_05216,comp.sys.ibm.pc.hardware,2,thread_group_03033,1,1,train
doc_05217,comp.sys.mac.hardware,3,thread_group_03034,1,1,train
doc_05218,sci.crypt,5,thread_group_00224,14,1,train
doc_05219,comp.sys.mac.hardware,3,thread_group_03035,1,1,test
doc_05220,comp.sys.mac.hardware,3,thread_group_03036,2,1,train
doc_05221,comp.sys.ibm.pc.hardware,2,thread_group_03037,1,1,train
doc_05222,comp.windows.x,4,thread_group_03038,1,1,train
doc_05223,sci.electronics,6,thread_group_03422,2,1,train
doc_05224,sci.crypt,5,thread_group_00231,47,1,val
doc_05225,sci.crypt,5,thread_group_00118,234,1,train
doc_05226,comp.graphics,0,thread_group_00314,6,1,train
doc_05227,comp.windows.x,4,thread_group_03069,2,1,train
doc_05228,comp.sys.ibm.pc.hardware,2,thread_group_03518,2,1,train
doc_05229,comp.sys.mac.hardware,3,thread_group_03039,1,1,train
doc_05230,comp.windows.x,4,thread_group_03741,2,1,train
doc_05231,sci.electronics,6,thread_group_02135,4,1,test
doc_05232,comp.os.ms-windows.misc,1,thread_group_01347,4,1,train
doc_05233,comp.sys.ibm.pc.hardware,2,thread_group_03001,2,1,train
doc_05234,sci.electronics,6,thread_group_03040,1,1,train
doc_05235,comp.os.ms-windows.misc,1,thread_group_03060,2,1,train
doc_05236,comp.sys.ibm.pc.hardware,2,thread_group_03041,1,1,test
doc_05237,comp.sys.mac.hardware,3,thread_group_03042,1,1,val
doc_05238,comp.sys.ibm.pc.hardware,2,thread_group_03043,1,1,val
doc_05239,comp.windows.x,4,thread_group_03044,1,1,val
doc_05240,comp.os.ms-windows.misc,1,thread_group_00419,9,1,train
doc_05241,sci.electronics,6,thread_group_03045,1,1,train
doc_05242,sci.crypt,5,thread_group_00084,27,1,test
doc_05243,comp.sys.mac.hardware,3,thread_group_03046,1,1,train
doc_05244,sci.electronics,6,thread_group_00550,13,1,test
doc_05245,comp.os.ms-windows.misc,1,thread_group_00092,13,1,train
doc_05246,sci.crypt,5,thread_group_01029,7,1,train
doc_05247,comp.sys.ibm.pc.hardware,2,thread_group_03047,1,1,train
doc_05248,comp.sys.ibm.pc.hardware,2,thread_group_03048,2,1,train
doc_05249,comp.graphics,0,thread_group_03049,1,1,train
doc_05250,sci.crypt,5,thread_group_00136,32,1,test
doc_05251,comp.sys.mac.hardware,3,thread_group_03050,1,1,val
doc_05252,sci.electronics,6,thread_group_03051,1,1,test
doc_05253,sci.electronics,6,thread_group_03052,2,1,val
doc_05254,sci.crypt,5,thread_group_03053,1,1,train
doc_05255,comp.windows.x,4,thread_group_00213,3,1,test
doc_05256,comp.graphics,0,thread_group_00514,6,1,train
doc_05257,comp.sys.mac.hardware,3,thread_group_00454,3,1,train
doc_05258,comp.os.ms-windows.misc,1,thread_group_01746,7,1,train
doc_05259,comp.sys.mac.hardware,3,thread_group_03054,2,1,train
doc_05260,comp.graphics,0,thread_group_01312,8,1,train
doc_05261,comp.windows.x,4,thread_group_01278,2,1,train
doc_05262,comp.graphics,0,thread_group_02943,3,1,test
doc_05263,sci.electronics,6,thread_group_00324,19,1,val
doc_05264,comp.sys.mac.hardware,3,thread_group_03055,1,1,train
doc_05265,comp.windows.x,4,thread_group_03056,1,1,val
doc_05266,comp.graphics,0,thread_group_00650,13,1,train
doc_05267,comp.graphics,0,thread_group_03057,1,1,train
doc_05268,sci.crypt,5,thread_group_00118,234,1,train
doc_05269,comp.os.ms-windows.misc,1,thread_group_03058,1,1,train
doc_05270,comp.os.ms-windows.misc,1,thread_group_01148,8,1,train
doc_05271,comp.windows.x,4,thread_group_01889,3,1,val
doc_05272,sci.electronics,6,thread_group_00469,5,1,train
doc_05273,comp.windows.x,4,thread_group_03059,1,1,train
doc_05274,comp.os.ms-windows.misc,1,thread_group_03060,2,1,train
doc_05275,sci.crypt,5,thread_group_00118,234,1,train
doc_05276,sci.crypt,5,thread_group_00118,234,1,train
doc_05277,comp.graphics,0,thread_group_03061,1,1,test
doc_05278,comp.sys.ibm.pc.hardware,2,thread_group_03062,1,1,train
doc_05279,sci.electronics,6,thread_group_02378,2,1,train
doc_05280,comp.os.ms-windows.misc,1,thread_group_03063,1,1,train
doc_05281,comp.os.ms-windows.misc,1,thread_group_02001,8,1,train
doc_05282,comp.sys.mac.hardware,3,thread_group_03064,1,1,train
doc_05283,comp.os.ms-windows.misc,1,thread_group_03065,2,1,val
doc_05284,comp.os.ms-windows.misc,1,thread_group_01987,2,1,train
doc_05285,comp.windows.x,4,thread_group_03066,4,1,train
doc_05286,sci.electronics,6,thread_group_03067,3,1,train
doc_05287,comp.sys.mac.hardware,3,thread_group_01159,6,1,train
doc_05288,comp.sys.ibm.pc.hardware,2,thread_group_03068,1,1,train
doc_05289,comp.graphics,0,thread_group_01083,20,1,train
doc_05290,comp.windows.x,4,thread_group_03069,2,1,train
doc_05291,comp.windows.x,4,thread_group_00636,3,1,test
doc_05292,comp.windows.x,4,thread_group_01882,3,1,train
doc_05293,comp.graphics,0,thread_group_03070,1,1,train
doc_05294,comp.sys.ibm.pc.hardware,2,thread_group_03071,1,1,train
doc_05295,comp.graphics,0,thread_group_00066,7,1,train
doc_05296,comp.sys.ibm.pc.hardware,2,thread_group_03072,1,1,test
doc_05297,comp.sys.ibm.pc.hardware,2,thread_group_00000,4,1,train
doc_05298,comp.os.ms-windows.misc,1,thread_group_01746,7,1,train
doc_05299,comp.os.ms-windows.misc,1,thread_group_03073,1,1,train
doc_05300,comp.os.ms-windows.misc,1,thread_group_01325,5,1,train
doc_05301,sci.electronics,6,thread_group_00117,3,1,test
doc_05302,sci.crypt,5,thread_group_00231,47,1,val
doc_05303,comp.sys.ibm.pc.hardware,2,thread_group_02065,5,1,train
doc_05304,comp.graphics,0,thread_group_03074,2,1,test
doc_05305,comp.graphics,0,thread_group_03075,1,1,test
doc_05306,comp.os.ms-windows.misc,1,thread_group_01746,7,1,train
doc_05307,comp.sys.mac.hardware,3,thread_group_00106,7,1,test
doc_05308,comp.sys.ibm.pc.hardware,2,thread_group_01122,7,1,test
doc_05309,comp.sys.ibm.pc.hardware,2,thread_group_03076,1,1,train
doc_05310,comp.graphics,0,thread_group_00065,26,1,train
doc_05311,sci.electronics,6,thread_group_03077,1,1,train
doc_05312,comp.graphics,0,thread_group_00362,6,1,train
doc_05313,comp.windows.x,4,thread_group_03078,1,1,train
doc_05314,comp.sys.mac.hardware,3,thread_group_02084,4,1,train
doc_05315,comp.os.ms-windows.misc,1,thread_group_03079,1,1,train
doc_05316,comp.sys.mac.hardware,3,thread_group_00424,6,1,train
doc_05317,comp.graphics,0,thread_group_03080,1,1,train
doc_05318,comp.windows.x,4,thread_group_03081,1,1,train
doc_05319,comp.os.ms-windows.misc,1,thread_group_01070,2,1,train
doc_05320,sci.electronics,6,thread_group_00886,8,1,train
doc_05321,comp.graphics,0,thread_group_03082,1,1,train
doc_05322,comp.sys.mac.hardware,3,thread_group_00424,6,1,train
doc_05323,comp.os.ms-windows.misc,1,thread_group_03083,1,1,train
doc_05324,comp.graphics,0,thread_group_03084,1,1,val
doc_05325,sci.electronics,6,thread_group_03085,1,1,train
doc_05326,sci.electronics,6,thread_group_00575,2,1,train
doc_05327,comp.windows.x,4,thread_group_03086,1,1,val
doc_05328,comp.sys.ibm.pc.hardware,2,thread_group_03087,1,1,val
doc_05329,sci.electronics,6,thread_group_01873,3,1,train
doc_05330,sci.crypt,5,thread_group_03088,3,1,train
doc_05331,comp.sys.ibm.pc.hardware,2,thread_group_03089,1,1,train
doc_05332,comp.graphics,0,thread_group_00431,2,1,test
doc_05333,comp.windows.x,4,thread_group_03090,1,1,train
doc_05334,comp.sys.ibm.pc.hardware,2,thread_group_00432,3,1,test
doc_05335,comp.graphics,0,thread_group_00447,11,1,train
doc_05336,comp.graphics,0,thread_group_03091,1,1,train
doc_05337,comp.windows.x,4,thread_group_03092,1,1,train
doc_05338,comp.graphics,0,thread_group_03093,1,1,train
doc_05339,comp.sys.ibm.pc.hardware,2,thread_group_01543,4,1,test
doc_05340,sci.electronics,6,thread_group_00324,19,1,val
doc_05341,comp.os.ms-windows.misc,1,thread_group_02846,3,1,test
doc_05342,comp.sys.mac.hardware,3,thread_group_03094,1,1,train
doc_05343,comp.sys.ibm.pc.hardware,2,thread_group_03095,1,1,test
doc_05344,comp.sys.mac.hardware,3,thread_group_03096,1,1,test
doc_05345,comp.sys.ibm.pc.hardware,2,thread_group_03744,2,1,test
doc_05346,comp.windows.x,4,thread_group_03097,2,1,train
doc_05347,comp.windows.x,4,thread_group_03098,1,1,val
doc_05348,sci.electronics,6,thread_group_03099,1,1,train
doc_05349,sci.electronics,6,thread_group_00841,3,1,train
doc_05350,comp.windows.x,4,thread_group_02085,2,1,train
doc_05351,comp.sys.ibm.pc.hardware,2,thread_group_00132,7,1,test
doc_05352,comp.os.ms-windows.misc,1,thread_group_03100,1,1,train
doc_05353,comp.os.ms-windows.misc,1,thread_group_03101,1,1,train
doc_05354,comp.sys.mac.hardware,3,thread_group_03102,1,1,test
doc_05355,comp.graphics,0,thread_group_03103,2,1,test
doc_05356,comp.windows.x,4,thread_group_01089,2,1,train
doc_05357,sci.crypt,5,thread_group_01243,7,1,train
doc_05358,comp.graphics,0,thread_group_03104,1,1,val
doc_05359,sci.crypt,5,thread_group_00479,18,1,train
doc_05360,comp.windows.x,4,thread_group_03105,1,1,train
doc_05361,comp.sys.ibm.pc.hardware,2,thread_group_01165,6,1,test
doc_05362,sci.crypt,5,thread_group_01828,7,1,test
doc_05363,sci.electronics,6,thread_group_00069,11,1,val
doc_05364,comp.graphics,0,thread_group_03106,1,1,val
doc_05365,comp.sys.mac.hardware,3,thread_group_00576,4,1,train
doc_05366,sci.crypt,5,thread_group_01642,16,1,val
doc_05367,sci.electronics,6,thread_group_03107,1,1,train
doc_05368,comp.os.ms-windows.misc,1,thread_group_01466,5,1,test
doc_05369,sci.electronics,6,thread_group_03108,2,1,train
doc_05370,comp.windows.x,4,thread_group_03109,1,1,train
doc_05371,comp.sys.ibm.pc.hardware,2,thread_group_03110,1,1,train
doc_05372,comp.graphics,0,thread_group_00390,9,1,test
doc_05373,comp.sys.mac.hardware,3,thread_group_02258,3,1,train
doc_05374,comp.graphics,0,thread_group_00065,26,1,train
doc_05375,comp.graphics,0,thread_group_00090,5,1,test
doc_05376,comp.sys.mac.hardware,3,thread_group_03111,2,1,train
doc_05377,comp.os.ms-windows.misc,1,thread_group_00763,4,1,train
doc_05378,sci.crypt,5,thread_group_00131,9,1,test
doc_05379,comp.windows.x,4,thread_group_03112,1,1,train
doc_05380,comp.sys.ibm.pc.hardware,2,thread_group_03113,2,1,val
doc_05381,comp.graphics,0,thread_group_03114,2,1,train
doc_05382,comp.sys.mac.hardware,3,thread_group_00367,10,1,val
doc_05383,comp.sys.mac.hardware,3,thread_group_00243,9,1,train
doc_05384,comp.graphics,0,thread_group_00362,6,1,train
doc_05385,comp.windows.x,4,thread_group_03115,1,1,train
doc_05386,comp.windows.x,4,thread_group_03116,1,1,train
doc_05387,comp.sys.ibm.pc.hardware,2,thread_group_01078,2,1,train
doc_05388,sci.electronics,6,thread_group_00197,4,1,train
doc_05389,sci.crypt,5,thread_group_00118,234,1,train
doc_05390,sci.electronics,6,thread_group_03117,1,1,train
doc_05391,comp.sys.ibm.pc.hardware,2,thread_group_02927,2,1,val
doc_05392,comp.sys.mac.hardware,3,thread_group_03118,1,1,train
doc_05393,comp.os.ms-windows.misc,1,thread_group_03119,1,1,train
doc_05394,sci.crypt,5,thread_group_00797,5,1,test
doc_05395,comp.graphics,0,thread_group_03120,1,1,train
doc_05396,sci.crypt,5,thread_group_00779,38,1,train
doc_05397,comp.os.ms-windows.misc,1,thread_group_03121,1,1,train
doc_05398,comp.windows.x,4,thread_group_03122,2,1,train
doc_05399,comp.sys.mac.hardware,3,thread_group_03123,1,1,train
doc_05400,comp.graphics,0,thread_group_03124,1,1,val
doc_05401,comp.sys.ibm.pc.hardware,2,thread_group_03125,1,1,train
doc_05402,sci.electronics,6,thread_group_00787,2,1,test
doc_05403,sci.crypt,5,thread_group_00196,19,1,train
doc_05404,sci.electronics,6,thread_group_00019,8,1,train
doc_05405,comp.windows.x,4,thread_group_03126,2,1,val
doc_05406,comp.graphics,0,thread_group_00522,11,1,train
doc_05407,comp.os.ms-windows.misc,1,thread_group_03127,1,1,train
doc_05408,comp.sys.ibm.pc.hardware,2,thread_group_03128,1,1,train
doc_05409,comp.windows.x,4,thread_group_00151,3,1,train
doc_05410,comp.graphics,0,thread_group_03129,1,1,test
doc_05411,comp.windows.x,4,thread_group_03130,1,1,test
doc_05412,comp.sys.mac.hardware,3,thread_group_03131,1,1,train
doc_05413,comp.graphics,0,thread_group_01083,20,1,train
doc_05414,comp.windows.x,4,thread_group_03132,1,1,train
doc_05415,sci.crypt,5,thread_group_01642,16,1,val
doc_05416,comp.sys.mac.hardware,3,thread_group_03133,1,1,train
doc_05417,comp.graphics,0,thread_group_03134,1,1,train
doc_05418,comp.windows.x,4,thread_group_03135,2,1,train
doc_05419,sci.electronics,6,thread_group_00509,46,1,train
doc_05420,sci.electronics,6,thread_group_03136,1,1,train
doc_05421,comp.sys.mac.hardware,3,thread_group_03137,1,1,train
doc_05422,comp.graphics,0,thread_group_01717,3,1,test
doc_05423,sci.crypt,5,thread_group_00479,18,1,train
doc_05424,sci.crypt,5,thread_group_00118,234,1,train
doc_05425,comp.sys.mac.hardware,3,thread_group_03138,1,1,train
doc_05426,comp.sys.mac.hardware,3,thread_group_03139,1,1,train
doc_05427,sci.crypt,5,thread_group_02799,3,1,train
doc_05428,sci.electronics,6,thread_group_03140,1,1,test
doc_05429,sci.electronics,6,thread_group_00096,11,1,train
doc_05430,sci.crypt,5,thread_group_03141,1,1,train
doc_05431,comp.sys.ibm.pc.hardware,2,thread_group_03142,1,1,val
doc_05432,comp.os.ms-windows.misc,1,thread_group_03143,1,1,train
doc_05433,sci.crypt,5,thread_group_00118,234,1,train
doc_05434,sci.crypt,5,thread_group_00231,47,1,val
doc_05435,comp.windows.x,4,thread_group_00158,3,1,val
doc_05436,comp.graphics,0,thread_group_03144,2,1,train
doc_05437,comp.graphics,0,thread_group_03145,1,1,val
doc_05438,comp.sys.mac.hardware,3,thread_group_00906,6,1,train
doc_05439,comp.os.ms-windows.misc,1,thread_group_03146,1,1,val
doc_05440,sci.crypt,5,thread_group_02564,7,1,train
doc_05441,comp.sys.mac.hardware,3,thread_group_03147,2,1,val
doc_05442,comp.sys.mac.hardware,3,thread_group_03148,1,1,train
doc_05443,comp.graphics,0,thread_group_00090,5,1,test
doc_05444,sci.electronics,6,thread_group_00509,46,1,train
doc_05445,comp.sys.mac.hardware,3,thread_group_03149,2,1,train
doc_05446,sci.crypt,5,thread_group_02708,9,1,train
doc_05447,comp.sys.mac.hardware,3,thread_group_03150,2,1,train
doc_05448,sci.crypt,5,thread_group_03151,1,1,train
doc_05449,comp.sys.ibm.pc.hardware,2,thread_group_01764,3,1,val
doc_05450,comp.windows.x,4,thread_group_00275,2,1,train
doc_05451,comp.sys.mac.hardware,3,thread_group_03152,1,1,train
doc_05452,comp.os.ms-windows.misc,1,thread_group_03153,1,1,train
doc_05453,comp.graphics,0,thread_group_00447,11,1,train
doc_05454,comp.windows.x,4,thread_group_00264,5,1,test
doc_05455,sci.electronics,6,thread_group_03154,1,1,train
doc_05456,comp.sys.mac.hardware,3,thread_group_00576,4,1,train
doc_05457,comp.windows.x,4,thread_group_03155,1,1,train
doc_05458,sci.electronics,6,thread_group_01854,17,1,train
doc_05459,sci.electronics,6,thread_group_03156,1,1,train
doc_05460,sci.electronics,6,thread_group_03157,1,1,train
doc_05461,comp.graphics,0,thread_group_03158,1,1,train
doc_05462,comp.graphics,0,thread_group_02319,19,1,train
doc_05463,comp.os.ms-windows.misc,1,thread_group_03159,2,1,val
doc_05464,sci.electronics,6,thread_group_03160,1,1,train
doc_05465,sci.crypt,5,thread_group_00118,234,1,train
doc_05466,comp.sys.ibm.pc.hardware,2,thread_group_03161,2,1,train
doc_05467,comp.os.ms-windows.misc,1,thread_group_03162,1,1,train
doc_05468,comp.graphics,0,thread_group_03163,1,1,test
doc_05469,comp.graphics,0,thread_group_03164,1,1,train
doc_05470,comp.windows.x,4,thread_group_03097,2,1,train
doc_05471,comp.sys.mac.hardware,3,thread_group_03165,1,1,train
doc_05472,comp.os.ms-windows.misc,1,thread_group_00279,3,1,train
doc_05473,comp.graphics,0,thread_group_03166,2,1,train
doc_05474,comp.os.ms-windows.misc,1,thread_group_00413,10,1,train
doc_05475,sci.electronics,6,thread_group_01854,17,1,train
doc_05476,comp.windows.x,4,thread_group_03167,1,1,train
doc_05477,comp.windows.x,4,thread_group_00146,4,1,train
doc_05478,comp.sys.ibm.pc.hardware,2,thread_group_03168,1,1,train
doc_05479,sci.electronics,6,thread_group_03169,1,1,test
doc_05480,comp.windows.x,4,thread_group_03170,1,1,train
doc_05481,comp.os.ms-windows.misc,1,thread_group_00500,2,1,test
doc_05482,sci.crypt,5,thread_group_00266,10,1,train
doc_05483,comp.sys.ibm.pc.hardware,2,thread_group_03171,1,1,train
doc_05484,comp.graphics,0,thread_group_03172,1,1,val
doc_05485,comp.os.ms-windows.misc,1,thread_group_00934,4,1,val
doc_05486,comp.sys.ibm.pc.hardware,2,thread_group_03173,1,1,train
doc_05487,sci.electronics,6,thread_group_03174,1,1,train
doc_05488,sci.electronics,6,thread_group_00721,7,1,train
doc_05489,comp.graphics,0,thread_group_03175,1,1,test
doc_05490,comp.windows.x,4,thread_group_00205,26,1,test
doc_05491,comp.windows.x,4,thread_group_01971,2,1,train
doc_05492,sci.electronics,6,thread_group_03176,1,1,train
doc_05493,comp.sys.mac.hardware,3,thread_group_01159,6,1,train
doc_05494,comp.windows.x,4,thread_group_03177,1,1,train
doc_05495,comp.sys.ibm.pc.hardware,2,thread_group_03178,1,1,train
doc_05496,comp.sys.mac.hardware,3,thread_group_03179,1,1,train
doc_05497,comp.os.ms-windows.misc,1,thread_group_00212,7,1,train
doc_05498,sci.crypt,5,thread_group_01828,7,1,test
doc_05499,comp.sys.mac.hardware,3,thread_group_03180,1,1,train
doc_05500,sci.crypt,5,thread_group_02062,3,1,train
doc_05501,comp.sys.mac.hardware,3,thread_group_00139,4,1,train
doc_05502,comp.sys.ibm.pc.hardware,2,thread_group_00475,4,1,train
doc_05503,sci.crypt,5,thread_group_00118,234,1,train
doc_05504,comp.os.ms-windows.misc,1,thread_group_00491,3,1,train
doc_05505,comp.sys.ibm.pc.hardware,2,thread_group_03181,1,1,train
doc_05506,comp.graphics,0,thread_group_01634,4,1,train
doc_05507,comp.graphics,0,thread_group_00090,5,1,test
doc_05508,comp.windows.x,4,thread_group_03182,1,1,train
doc_05509,sci.electronics,6,thread_group_03183,1,1,val
doc_05510,comp.sys.ibm.pc.hardware,2,thread_group_03584,2,1,train
doc_05511,comp.windows.x,4,thread_group_03066,4,1,train
doc_05512,sci.electronics,6,thread_group_03184,2,1,train
doc_05513,comp.os.ms-windows.misc,1,thread_group_01954,9,1,train
doc_05514,comp.windows.x,4,thread_group_03185,2,1,train
doc_05515,sci.electronics,6,thread_group_00340,5,1,val
doc_05516,sci.crypt,5,thread_group_00084,27,1,test
doc_05517,sci.electronics,6,thread_group_03186,1,1,train
doc_05518,comp.sys.ibm.pc.hardware,2,thread_group_00268,10,1,val
doc_05519,comp.sys.mac.hardware,3,thread_group_03187,2,1,test
doc_05520,comp.sys.ibm.pc.hardware,2,thread_group_03188,1,1,test
doc_05521,comp.graphics,0,thread_group_03189,1,1,train
doc_05522,sci.electronics,6,thread_group_00509,46,1,train
doc_05523,sci.crypt,5,thread_group_03190,1,1,test
doc_05524,comp.sys.ibm.pc.hardware,2,thread_group_03191,1,1,train
doc_05525,comp.sys.mac.hardware,3,thread_group_03192,1,1,val
doc_05526,comp.sys.ibm.pc.hardware,2,thread_group_03193,3,1,train
doc_05527,comp.graphics,0,thread_group_01083,20,1,train
doc_05528,comp.sys.ibm.pc.hardware,2,thread_group_03194,1,1,train
doc_05529,comp.sys.ibm.pc.hardware,2,thread_group_03195,1,1,val
doc_05530,comp.os.ms-windows.misc,1,thread_group_03196,2,1,train
doc_05531,comp.sys.mac.hardware,3,thread_group_03197,2,1,train
doc_05532,comp.os.ms-windows.misc,1,thread_group_03198,1,1,test
doc_05533,comp.graphics,0,thread_group_03199,3,1,val
doc_05534,sci.electronics,6,thread_group_01039,8,1,train
doc_05535,comp.sys.ibm.pc.hardware,2,thread_group_03200,1,1,train
doc_05536,comp.windows.x,4,thread_group_03201,1,1,train
doc_05537,comp.sys.ibm.pc.hardware,2,thread_group_01241,2,1,test
doc_05538,comp.sys.mac.hardware,3,thread_group_03202,1,1,train
doc_05539,comp.sys.mac.hardware,3,thread_group_02360,2,1,train
doc_05540,comp.sys.mac.hardware,3,thread_group_03606,2,1,train
doc_05541,comp.sys.ibm.pc.hardware,2,thread_group_03203,1,1,train
doc_05542,comp.windows.x,4,thread_group_03204,1,1,train
doc_05543,comp.windows.x,4,thread_group_00694,5,1,test
doc_05544,comp.sys.ibm.pc.hardware,2,thread_group_03205,2,1,train
doc_05545,comp.sys.ibm.pc.hardware,2,thread_group_00751,3,1,train
doc_05546,comp.sys.ibm.pc.hardware,2,thread_group_01036,4,1,test
doc_05547,comp.windows.x,4,thread_group_03206,1,1,train
doc_05548,sci.electronics,6,thread_group_00054,5,1,train
doc_05549,comp.os.ms-windows.misc,1,thread_group_03207,2,1,train
doc_05550,sci.crypt,5,thread_group_00196,19,1,train
doc_05551,sci.crypt,5,thread_group_00613,22,1,val
doc_05552,sci.crypt,5,thread_group_00118,234,1,train
doc_05553,sci.electronics,6,thread_group_00069,11,1,val
doc_05554,comp.os.ms-windows.misc,1,thread_group_03208,1,1,train
doc_05555,sci.crypt,5,thread_group_00004,3,1,train
doc_05556,sci.crypt,5,thread_group_00196,19,1,train
doc_05557,sci.crypt,5,thread_group_00723,7,1,train
doc_05558,comp.sys.mac.hardware,3,thread_group_03209,2,1,val
doc_05559,comp.windows.x,4,thread_group_03210,1,1,train
doc_05560,comp.windows.x,4,thread_group_02158,2,1,train
doc_05561,sci.crypt,5,thread_group_00118,234,1,train
doc_05562,comp.windows.x,4,thread_group_03211,1,1,train
doc_05563,comp.sys.mac.hardware,3,thread_group_03212,1,1,test
doc_05564,comp.os.ms-windows.misc,1,thread_group_00835,14,1,train
doc_05565,comp.graphics,0,thread_group_03213,2,1,test
doc_05566,comp.windows.x,4,thread_group_03214,1,1,train
doc_05567,comp.os.ms-windows.misc,1,thread_group_03215,1,1,train
doc_05568,comp.graphics,0,thread_group_03216,2,1,train
doc_05569,comp.sys.mac.hardware,3,thread_group_03217,1,1,train
doc_05570,comp.sys.mac.hardware,3,thread_group_03218,1,1,val
doc_05571,comp.windows.x,4,thread_group_03066,4,1,train
doc_05572,comp.sys.mac.hardware,3,thread_group_00641,4,1,val
doc_05573,comp.sys.ibm.pc.hardware,2,thread_group_03219,1,1,val
doc_05574,comp.graphics,0,thread_group_03220,2,1,train
doc_05575,comp.windows.x,4,thread_group_03221,1,1,test
doc_05576,comp.graphics,0,thread_group_01265,7,1,train
doc_05577,comp.graphics,0,thread_group_03222,2,1,train
doc_05578,sci.electronics,6,thread_group_02437,2,1,train
doc_05579,comp.windows.x,4,thread_group_03223,1,1,train
doc_05580,comp.graphics,0,thread_group_03224,1,1,train
doc_05581,sci.electronics,6,thread_group_01854,17,1,train
doc_05582,comp.windows.x,4,thread_group_03225,1,1,val
doc_05583,comp.sys.mac.hardware,3,thread_group_01464,3,1,train
doc_05584,comp.sys.ibm.pc.hardware,2,thread_group_00478,3,1,val
doc_05585,sci.crypt,5,thread_group_01802,8,1,train
doc_05586,comp.os.ms-windows.misc,1,thread_group_02004,2,1,train
doc_05587,sci.electronics,6,thread_group_03226,1,1,train
doc_05588,sci.crypt,5,thread_group_00260,10,1,train
doc_05589,sci.electronics,6,thread_group_00206,3,1,train
doc_05590,sci.electronics,6,thread_group_00440,4,1,test
doc_05591,sci.crypt,5,thread_group_03227,1,1,train
doc_05592,comp.sys.mac.hardware,3,thread_group_03228,1,1,train
doc_05593,comp.sys.mac.hardware,3,thread_group_03229,1,1,val
doc_05594,comp.graphics,0,thread_group_03230,1,1,val
doc_05595,comp.sys.ibm.pc.hardware,2,thread_group_03231,1,1,val
doc_05596,sci.crypt,5,thread_group_01828,7,1,test
doc_05597,comp.windows.x,4,thread_group_03232,1,1,test
doc_05598,comp.graphics,0,thread_group_00134,4,1,train
doc_05599,comp.sys.mac.hardware,3,thread_group_03233,1,1,train
doc_05600,comp.sys.mac.hardware,3,thread_group_01835,4,1,train
doc_05601,sci.electronics,6,thread_group_03234,1,1,val
doc_05602,sci.crypt,5,thread_group_00231,47,1,val
doc_05603,comp.graphics,0,thread_group_03235,1,1,train
doc_05604,comp.windows.x,4,thread_group_03236,1,1,train
doc_05605,comp.sys.mac.hardware,3,thread_group_03237,1,1,train
doc_05606,comp.os.ms-windows.misc,1,thread_group_01466,5,1,test
doc_05607,comp.os.ms-windows.misc,1,thread_group_00074,7,1,train
doc_05608,comp.windows.x,4,thread_group_01160,2,1,val
doc_05609,comp.windows.x,4,thread_group_00161,8,1,train
doc_05610,comp.windows.x,4,thread_group_03238,1,1,train
doc_05611,comp.sys.mac.hardware,3,thread_group_03149,2,1,train
doc_05612,comp.windows.x,4,thread_group_03239,1,1,train
doc_05613,comp.graphics,0,thread_group_02943,3,1,test
doc_05614,comp.sys.mac.hardware,3,thread_group_03240,1,1,train
doc_05615,comp.sys.ibm.pc.hardware,2,thread_group_03241,1,1,train
doc_05616,sci.crypt,5,thread_group_00779,38,1,train
doc_05617,sci.electronics,6,thread_group_00096,11,1,train
doc_05618,sci.electronics,6,thread_group_03242,1,1,train
doc_05619,comp.sys.mac.hardware,3,thread_group_01398,3,1,test
doc_05620,sci.electronics,6,thread_group_01064,4,1,train
doc_05621,comp.graphics,0,thread_group_01083,20,1,train
doc_05622,sci.crypt,5,thread_group_00231,47,1,val
doc_05623,comp.sys.mac.hardware,3,thread_group_00430,27,1,train
doc_05624,comp.graphics,0,thread_group_03243,1,1,train
doc_05625,sci.crypt,5,thread_group_03244,2,1,train
doc_05626,comp.windows.x,4,thread_group_02165,2,1,train
doc_05627,sci.crypt,5,thread_group_03245,2,1,train
doc_05628,comp.sys.ibm.pc.hardware,2,thread_group_03246,2,1,train
doc_05629,comp.sys.ibm.pc.hardware,2,thread_group_03247,2,1,val
doc_05630,comp.sys.ibm.pc.hardware,2,thread_group_03113,2,1,val
doc_05631,comp.sys.mac.hardware,3,thread_group_03248,2,1,train
doc_05632,comp.graphics,0,thread_group_03249,2,1,train
doc_05633,comp.graphics,0,thread_group_01607,2,1,train
doc_05634,sci.crypt,5,thread_group_00118,234,1,train
doc_05635,comp.sys.ibm.pc.hardware,2,thread_group_03250,1,1,train
doc_05636,comp.graphics,0,thread_group_01867,4,1,test
doc_05637,comp.sys.mac.hardware,3,thread_group_03734,2,1,train
doc_05638,comp.os.ms-windows.misc,1,thread_group_03251,2,1,train
doc_05639,sci.electronics,6,thread_group_03252,2,1,train
doc_05640,comp.windows.x,4,thread_group_03253,1,1,train
doc_05641,sci.electronics,6,thread_group_00506,2,1,train
doc_05642,comp.os.ms-windows.misc,1,thread_group_03254,1,1,val
doc_05643,sci.electronics,6,thread_group_03255,1,1,train
doc_05644,comp.graphics,0,thread_group_03256,1,1,test
doc_05645,comp.sys.mac.hardware,3,thread_group_02747,2,1,train
doc_05646,comp.windows.x,4,thread_group_03810,2,1,train
doc_05647,comp.graphics,0,thread_group_02680,2,1,train
doc_05648,comp.sys.mac.hardware,3,thread_group_03257,1,1,train
doc_05649,sci.electronics,6,thread_group_03258,2,1,train
doc_05650,comp.windows.x,4,thread_group_03259,2,1,val
doc_05651,comp.graphics,0,thread_group_03260,1,1,train
doc_05652,sci.crypt,5,thread_group_03666,2,1,test
doc_05653,sci.crypt,5,thread_group_00118,234,1,train
doc_05654,comp.sys.ibm.pc.hardware,2,thread_group_03261,3,1,train
doc_05655,comp.sys.ibm.pc.hardware,2,thread_group_01606,2,1,train
doc_05656,comp.windows.x,4,thread_group_03262,1,1,train
doc_05657,sci.electronics,6,thread_group_00534,5,1,test
doc_05658,sci.crypt,5,thread_group_03263,2,1,val
doc_05659,sci.crypt,5,thread_group_03264,1,1,train
doc_05660,sci.electronics,6,thread_group_03265,2,1,train
doc_05661,comp.sys.mac.hardware,3,thread_group_03266,2,1,train
doc_05662,comp.windows.x,4,thread_group_03267,1,1,train
doc_05663,sci.electronics,6,thread_group_03268,1,1,train
doc_05664,comp.os.ms-windows.misc,1,thread_group_03269,2,1,train
doc_05665,comp.windows.x,4,thread_group_03270,1,1,train
doc_05666,comp.windows.x,4,thread_group_03271,1,1,train
doc_05667,sci.electronics,6,thread_group_01126,4,1,val
doc_05668,sci.electronics,6,thread_group_03664,2,1,val
doc_05669,sci.crypt,5,thread_group_00118,234,1,train
doc_05670,comp.windows.x,4,thread_group_02308,2,1,test
doc_05671,sci.crypt,5,thread_group_03272,1,1,train
doc_05672,sci.electronics,6,thread_group_03273,1,1,train
doc_05673,comp.sys.mac.hardware,3,thread_group_03274,1,1,test
doc_05674,sci.crypt,5,thread_group_01802,8,1,train
doc_05675,sci.crypt,5,thread_group_00171,6,1,train
doc_05676,sci.electronics,6,thread_group_00867,5,1,val
doc_05677,comp.graphics,0,thread_group_00529,3,1,test
doc_05678,sci.crypt,5,thread_group_03275,1,1,train
doc_05679,sci.crypt,5,thread_group_03276,1,1,train
doc_05680,comp.graphics,0,thread_group_02972,2,1,train
doc_05681,sci.crypt,5,thread_group_00613,22,1,val
doc_05682,sci.electronics,6,thread_group_03277,1,1,train
doc_05683,comp.windows.x,4,thread_group_03278,1,1,train
doc_05684,comp.sys.mac.hardware,3,thread_group_03279,1,1,train
doc_05685,comp.graphics,0,thread_group_03280,1,1,train
doc_05686,comp.os.ms-windows.misc,1,thread_group_03281,1,1,train
doc_05687,comp.sys.mac.hardware,3,thread_group_03282,1,1,train
doc_05688,comp.sys.ibm.pc.hardware,2,thread_group_03283,1,1,train
doc_05689,sci.electronics,6,thread_group_01854,17,1,train
doc_05690,comp.windows.x,4,thread_group_01638,3,1,train
doc_05691,comp.windows.x,4,thread_group_03284,1,1,val
doc_05692,comp.os.ms-windows.misc,1,thread_group_00816,5,1,train
doc_05693,sci.crypt,5,thread_group_00825,4,1,train
doc_05694,comp.sys.ibm.pc.hardware,2,thread_group_00942,4,1,val
doc_05695,comp.sys.mac.hardware,3,thread_group_00780,4,1,train
doc_05696,comp.os.ms-windows.misc,1,thread_group_00215,11,1,train
doc_05697,comp.os.ms-windows.misc,1,thread_group_03285,1,1,test
doc_05698,comp.sys.mac.hardware,3,thread_group_03286,2,1,train
doc_05699,comp.sys.mac.hardware,3,thread_group_03287,2,1,train
doc_05700,sci.electronics,6,thread_group_03288,1,1,train
doc_05701,comp.sys.ibm.pc.hardware,2,thread_group_03289,1,1,train
doc_05702,comp.os.ms-windows.misc,1,thread_group_03290,2,1,train
doc_05703,sci.electronics,6,thread_group_03291,1,1,train
doc_05704,comp.sys.mac.hardware,3,thread_group_00571,5,1,train
doc_05705,comp.sys.mac.hardware,3,thread_group_03292,2,1,test
doc_05706,comp.sys.mac.hardware,3,thread_group_03293,1,1,train
doc_05707,comp.sys.mac.hardware,3,thread_group_03294,2,1,val
doc_05708,sci.crypt,5,thread_group_00118,234,1,train
doc_05709,sci.electronics,6,thread_group_01546,3,1,train
doc_05710,comp.sys.mac.hardware,3,thread_group_00430,27,1,train
doc_05711,comp.graphics,0,thread_group_03295,1,1,val
doc_05712,comp.sys.mac.hardware,3,thread_group_03296,1,1,train
doc_05713,sci.crypt,5,thread_group_03297,1,1,train
doc_05714,comp.graphics,0,thread_group_03298,1,1,train
doc_05715,comp.sys.mac.hardware,3,thread_group_03299,1,1,train
doc_05716,comp.sys.ibm.pc.hardware,2,thread_group_03300,1,1,train
doc_05717,sci.electronics,6,thread_group_03301,3,1,test
doc_05718,comp.windows.x,4,thread_group_03302,1,1,train
doc_05719,comp.sys.mac.hardware,3,thread_group_00110,2,1,train
doc_05720,comp.sys.ibm.pc.hardware,2,thread_group_03303,1,1,train
doc_05721,comp.graphics,0,thread_group_03304,2,1,train
doc_05722,comp.graphics,0,thread_group_03305,1,1,train
doc_05723,comp.sys.mac.hardware,3,thread_group_01924,2,1,train
doc_05724,sci.crypt,5,thread_group_02627,13,1,val
doc_05725,comp.sys.ibm.pc.hardware,2,thread_group_03306,1,1,train
doc_05726,sci.crypt,5,thread_group_02971,2,1,train
doc_05727,comp.sys.ibm.pc.hardware,2,thread_group_03307,2,1,val
doc_05728,comp.graphics,0,thread_group_00529,3,1,test
doc_05729,comp.sys.ibm.pc.hardware,2,thread_group_03308,2,1,train
doc_05730,comp.graphics,0,thread_group_00066,7,1,train
doc_05731,comp.graphics,0,thread_group_02471,3,1,train
doc_05732,comp.windows.x,4,thread_group_03309,1,1,test
doc_05733,comp.sys.mac.hardware,3,thread_group_03310,1,1,train
doc_05734,sci.electronics,6,thread_group_00721,7,1,train
doc_05735,sci.crypt,5,thread_group_00118,234,1,train
doc_05736,comp.sys.mac.hardware,3,thread_group_00337,2,1,val
doc_05737,comp.windows.x,4,thread_group_03311,1,1,val
doc_05738,sci.crypt,5,thread_group_00118,234,1,train
doc_05739,comp.sys.ibm.pc.hardware,2,thread_group_03312,1,1,test
doc_05740,comp.os.ms-windows.misc,1,thread_group_00442,3,1,train
doc_05741,comp.graphics,0,thread_group_00951,3,1,train
doc_05742,sci.crypt,5,thread_group_01980,3,1,test
doc_05743,comp.sys.ibm.pc.hardware,2,thread_group_02136,3,1,train
doc_05744,comp.graphics,0,thread_group_03313,1,1,train
doc_05745,comp.windows.x,4,thread_group_00918,14,1,train
doc_05746,comp.sys.mac.hardware,3,thread_group_03314,3,1,train
doc_05747,comp.sys.ibm.pc.hardware,2,thread_group_03315,2,1,train
doc_05748,comp.sys.ibm.pc.hardware,2,thread_group_03316,1,1,test
doc_05749,sci.crypt,5,thread_group_00231,47,1,val
doc_05750,sci.crypt,5,thread_group_03355,2,1,train
doc_05751,sci.crypt,5,thread_group_02717,14,1,train
doc_05752,comp.sys.ibm.pc.hardware,2,thread_group_00791,3,1,val
doc_05753,sci.crypt,5,thread_group_00084,27,1,test
doc_05754,comp.sys.ibm.pc.hardware,2,thread_group_03317,1,1,val
doc_05755,comp.os.ms-windows.misc,1,thread_group_00377,6,1,val
doc_05756,sci.electronics,6,thread_group_02204,3,1,train
doc_05757,comp.windows.x,4,thread_group_02524,2,1,train
doc_05758,comp.os.ms-windows.misc,1,thread_group_01048,3,1,train
doc_05759,comp.sys.ibm.pc.hardware,2,thread_group_03318,2,1,train
doc_05760,comp.sys.ibm.pc.hardware,2,thread_group_03319,1,1,train
doc_05761,sci.electronics,6,thread_group_01507,2,1,train
doc_05762,comp.sys.ibm.pc.hardware,2,thread_group_03320,1,1,val
doc_05763,comp.graphics,0,thread_group_00433,4,1,train
doc_05764,comp.sys.mac.hardware,3,thread_group_03321,1,1,test
doc_05765,comp.os.ms-windows.misc,1,thread_group_03322,1,1,val
doc_05766,comp.sys.ibm.pc.hardware,2,thread_group_00749,7,1,train
doc_05767,comp.sys.ibm.pc.hardware,2,thread_group_02263,4,1,train
doc_05768,comp.graphics,0,thread_group_03323,1,1,train
doc_05769,comp.graphics,0,thread_group_02087,2,1,val
doc_05770,comp.os.ms-windows.misc,1,thread_group_00835,14,1,train
doc_05771,comp.graphics,0,thread_group_03324,1,1,train
doc_05772,comp.sys.ibm.pc.hardware,2,thread_group_03325,1,1,train
doc_05773,sci.crypt,5,thread_group_02799,3,1,train
doc_05774,sci.electronics,6,thread_group_01854,17,1,train
doc_05775,sci.electronics,6,thread_group_02395,4,1,train
doc_05776,sci.electronics,6,thread_group_03326,1,1,train
doc_05777,comp.os.ms-windows.misc,1,thread_group_01116,6,1,train
doc_05778,comp.sys.ibm.pc.hardware,2,thread_group_03327,1,1,train
doc_05779,sci.electronics,6,thread_group_03328,1,1,train
doc_05780,sci.crypt,5,thread_group_01802,8,1,train
doc_05781,comp.os.ms-windows.misc,1,thread_group_03329,3,1,test
doc_05782,comp.sys.mac.hardware,3,thread_group_00771,5,1,train
doc_05783,comp.windows.x,4,thread_group_03330,1,1,test
doc_05784,comp.sys.ibm.pc.hardware,2,thread_group_03331,2,1,train
doc_05785,comp.sys.mac.hardware,3,thread_group_00218,2,1,train
doc_05786,comp.windows.x,4,thread_group_03332,1,1,train
doc_05787,comp.os.ms-windows.misc,1,thread_group_00669,2,1,train
doc_05788,comp.windows.x,4,thread_group_03333,1,1,train
doc_05789,sci.crypt,5,thread_group_01893,2,1,test
doc_05790,comp.sys.mac.hardware,3,thread_group_03054,2,1,train
doc_05791,comp.os.ms-windows.misc,1,thread_group_01731,3,1,train
doc_05792,comp.sys.ibm.pc.hardware,2,thread_group_03334,2,1,train
doc_05793,comp.sys.ibm.pc.hardware,2,thread_group_03335,1,1,train
doc_05794,comp.graphics,0,thread_group_03336,1,1,test
doc_05795,comp.windows.x,4,thread_group_03337,2,1,train
doc_05796,sci.electronics,6,thread_group_00509,46,1,train
doc_05797,comp.sys.mac.hardware,3,thread_group_01349,2,1,train
doc_05798,comp.sys.mac.hardware,3,thread_group_03338,1,1,train
doc_05799,comp.windows.x,4,thread_group_03339,1,1,train
doc_05800,comp.os.ms-windows.misc,1,thread_group_00154,6,1,train
doc_05801,comp.sys.ibm.pc.hardware,2,thread_group_03340,1,1,val
doc_05802,comp.sys.ibm.pc.hardware,2,thread_group_00744,5,1,train
doc_05803,comp.sys.ibm.pc.hardware,2,thread_group_03341,1,1,train
doc_05804,comp.os.ms-windows.misc,1,thread_group_00203,9,1,train
doc_05805,sci.crypt,5,thread_group_00723,7,1,train
doc_05806,comp.windows.x,4,thread_group_03342,1,1,train
doc_05807,comp.sys.ibm.pc.hardware,2,thread_group_03343,2,1,val
doc_05808,comp.graphics,0,thread_group_03344,1,1,val
doc_05809,comp.sys.ibm.pc.hardware,2,thread_group_01122,7,1,test
doc_05810,comp.windows.x,4,thread_group_01224,4,1,train
doc_05811,comp.os.ms-windows.misc,1,thread_group_02855,5,1,train
doc_05812,sci.crypt,5,thread_group_03345,1,1,test
doc_05813,comp.graphics,0,thread_group_00508,13,1,val
doc_05814,comp.sys.mac.hardware,3,thread_group_03346,2,1,val
doc_05815,sci.electronics,6,thread_group_00019,8,1,train
doc_05816,sci.crypt,5,thread_group_03347,1,1,train
doc_05817,comp.sys.ibm.pc.hardware,2,thread_group_03348,1,1,test
doc_05818,comp.sys.mac.hardware,3,thread_group_03349,1,1,test
doc_05819,sci.electronics,6,thread_group_00509,46,1,train
doc_05820,comp.sys.ibm.pc.hardware,2,thread_group_03350,1,1,val
doc_05821,sci.crypt,5,thread_group_00987,6,1,test
doc_05822,comp.sys.ibm.pc.hardware,2,thread_group_03351,2,1,train
doc_05823,sci.electronics,6,thread_group_00255,17,1,train
doc_05824,comp.sys.mac.hardware,3,thread_group_02337,4,1,test
doc_05825,comp.graphics,0,thread_group_03352,2,1,train
doc_05826,comp.os.ms-windows.misc,1,thread_group_03353,1,1,val
doc_05827,comp.windows.x,4,thread_group_03354,1,1,train
doc_05828,sci.crypt,5,thread_group_00118,234,1,train
doc_05829,sci.crypt,5,thread_group_03355,2,1,train
doc_05830,comp.windows.x,4,thread_group_03356,1,1,test
doc_05831,comp.os.ms-windows.misc,1,thread_group_00207,5,1,train
doc_05832,comp.os.ms-windows.misc,1,thread_group_00321,11,1,val
doc_05833,comp.sys.mac.hardware,3,thread_group_01768,3,1,train
doc_05834,comp.sys.mac.hardware,3,thread_group_02842,4,1,train
doc_05835,sci.crypt,5,thread_group_00723,7,1,train
doc_05836,comp.sys.ibm.pc.hardware,2,thread_group_03357,1,1,train
doc_05837,comp.os.ms-windows.misc,1,thread_group_00215,11,1,train
doc_05838,sci.crypt,5,thread_group_01204,3,1,test
doc_05839,sci.crypt,5,thread_group_03358,1,1,train
doc_05840,comp.sys.ibm.pc.hardware,2,thread_group_03359,1,1,train
doc_05841,sci.crypt,5,thread_group_00136,32,1,test
doc_05842,comp.os.ms-windows.misc,1,thread_group_00092,13,1,train
doc_05843,comp.graphics,0,thread_group_03360,1,1,train
doc_05844,comp.os.ms-windows.misc,1,thread_group_03361,1,1,train
doc_05845,comp.sys.mac.hardware,3,thread_group_02965,3,1,test
doc_05846,sci.crypt,5,thread_group_02042,6,1,train
doc_05847,comp.sys.ibm.pc.hardware,2,thread_group_03362,1,1,train
doc_05848,comp.sys.ibm.pc.hardware,2,thread_group_02200,3,1,test
doc_05849,comp.os.ms-windows.misc,1,thread_group_03363,1,1,train
doc_05850,comp.graphics,0,thread_group_03364,1,1,train
doc_05851,sci.crypt,5,thread_group_00779,38,1,train
doc_05852,comp.windows.x,4,thread_group_03365,1,1,train
doc_05853,comp.graphics,0,thread_group_03366,1,1,train
doc_05854,comp.sys.mac.hardware,3,thread_group_01341,7,1,train
doc_05855,comp.sys.ibm.pc.hardware,2,thread_group_00132,7,1,test
doc_05856,comp.windows.x,4,thread_group_03367,1,1,train
doc_05857,comp.os.ms-windows.misc,1,thread_group_03368,1,1,train
doc_05858,comp.os.ms-windows.misc,1,thread_group_03019,2,1,val
doc_05859,comp.os.ms-windows.misc,1,thread_group_02624,4,1,val
doc_05860,comp.windows.x,4,thread_group_01393,5,1,val
doc_05861,comp.windows.x,4,thread_group_00205,26,1,test
doc_05862,sci.crypt,5,thread_group_00136,32,1,test
doc_05863,comp.windows.x,4,thread_group_03369,1,1,val
doc_05864,comp.windows.x,4,thread_group_03370,1,1,train
doc_05865,comp.windows.x,4,thread_group_03371,1,1,train
doc_05866,comp.graphics,0,thread_group_03372,1,1,train
doc_05867,comp.graphics,0,thread_group_00508,13,1,val
doc_05868,sci.crypt,5,thread_group_00460,11,1,val
doc_05869,comp.os.ms-windows.misc,1,thread_group_03251,2,1,train
doc_05870,sci.electronics,6,thread_group_03373,1,1,test
doc_05871,sci.electronics,6,thread_group_00324,19,1,val
doc_05872,sci.electronics,6,thread_group_00255,17,1,train
doc_05873,sci.crypt,5,thread_group_00460,11,1,val
doc_05874,comp.sys.ibm.pc.hardware,2,thread_group_03374,1,1,train
doc_05875,comp.graphics,0,thread_group_01761,2,1,train
doc_05876,comp.windows.x,4,thread_group_03375,1,1,train
doc_05877,sci.electronics,6,thread_group_00550,13,1,test
doc_05878,sci.electronics,6,thread_group_02534,3,1,train
doc_05879,comp.sys.ibm.pc.hardware,2,thread_group_03376,1,1,train
doc_05880,sci.electronics,6,thread_group_00999,6,1,train
doc_05881,comp.sys.ibm.pc.hardware,2,thread_group_03377,1,1,train
doc_05882,comp.graphics,0,thread_group_03378,1,1,train
doc_05883,comp.graphics,0,thread_group_02951,2,1,test
doc_05884,comp.graphics,0,thread_group_03379,1,1,train
doc_05885,comp.windows.x,4,thread_group_03380,1,1,val
doc_05886,sci.electronics,6,thread_group_03381,1,1,train
doc_05887,comp.graphics,0,thread_group_03382,1,1,train
doc_05888,comp.graphics,0,thread_group_00325,10,1,train
doc_05889,sci.electronics,6,thread_group_01809,3,1,val
doc_05890,comp.graphics,0,thread_group_03383,1,1,train
doc_05891,comp.sys.ibm.pc.hardware,2,thread_group_03384,1,1,train
doc_05892,comp.windows.x,4,thread_group_03385,1,1,val
doc_05893,comp.os.ms-windows.misc,1,thread_group_03634,2,1,train
doc_05894,comp.sys.ibm.pc.hardware,2,thread_group_02585,2,1,train
doc_05895,comp.graphics,0,thread_group_00390,9,1,test
doc_05896,sci.crypt,5,thread_group_00779,38,1,train
doc_05897,comp.os.ms-windows.misc,1,thread_group_00455,2,1,val
doc_05898,comp.sys.ibm.pc.hardware,2,thread_group_03386,2,1,train
doc_05899,comp.sys.mac.hardware,3,thread_group_02577,3,1,train
doc_05900,sci.crypt,5,thread_group_00118,234,1,train
doc_05901,comp.sys.ibm.pc.hardware,2,thread_group_02872,2,1,train
doc_05902,comp.sys.mac.hardware,3,thread_group_03387,1,1,train
doc_05903,comp.sys.mac.hardware,3,thread_group_00627,4,1,test
doc_05904,comp.sys.ibm.pc.hardware,2,thread_group_02734,4,1,train
doc_05905,sci.electronics,6,thread_group_00878,3,1,val
doc_05906,comp.os.ms-windows.misc,1,thread_group_03388,1,1,test
doc_05907,sci.crypt,5,thread_group_00118,234,1,train
doc_05908,comp.sys.ibm.pc.hardware,2,thread_group_03389,1,1,val
doc_05909,sci.crypt,5,thread_group_00118,234,1,train
doc_05910,comp.os.ms-windows.misc,1,thread_group_03390,1,1,train
doc_05911,comp.sys.mac.hardware,3,thread_group_03391,2,1,train
doc_05912,comp.sys.mac.hardware,3,thread_group_03392,1,1,train
doc_05913,sci.crypt,5,thread_group_00889,5,1,train
doc_05914,comp.sys.ibm.pc.hardware,2,thread_group_03393,1,1,train
doc_05915,comp.os.ms-windows.misc,1,thread_group_03394,2,1,train
doc_05916,comp.sys.mac.hardware,3,thread_group_00404,11,1,train
doc_05917,comp.os.ms-windows.misc,1,thread_group_03395,1,1,train
doc_05918,sci.electronics,6,thread_group_03396,2,1,train
doc_05919,comp.sys.ibm.pc.hardware,2,thread_group_00055,8,1,train
doc_05920,sci.electronics,6,thread_group_03397,2,1,train
doc_05921,sci.crypt,5,thread_group_00613,22,1,val
doc_05922,comp.sys.ibm.pc.hardware,2,thread_group_00744,5,1,train
doc_05923,comp.windows.x,4,thread_group_03398,1,1,val
doc_05924,comp.windows.x,4,thread_group_00331,7,1,train
doc_05925,comp.os.ms-windows.misc,1,thread_group_00144,4,1,val
doc_05926,comp.windows.x,4,thread_group_00213,3,1,test
doc_05927,comp.sys.ibm.pc.hardware,2,thread_group_02683,4,1,train
doc_05928,comp.os.ms-windows.misc,1,thread_group_00286,8,1,test
doc_05929,sci.crypt,5,thread_group_00260,10,1,train
doc_05930,comp.graphics,0,thread_group_03399,1,1,train
doc_05931,comp.graphics,0,thread_group_03400,1,1,train
doc_05932,comp.os.ms-windows.misc,1,thread_group_03401,1,1,test
doc_05933,comp.sys.mac.hardware,3,thread_group_02842,4,1,train
doc_05934,comp.sys.mac.hardware,3,thread_group_03402,1,1,train
doc_05935,comp.windows.x,4,thread_group_00893,10,1,train
doc_05936,comp.graphics,0,thread_group_02168,5,1,train
doc_05937,sci.electronics,6,thread_group_03403,1,1,train
doc_05938,comp.os.ms-windows.misc,1,thread_group_01053,14,1,train
doc_05939,comp.os.ms-windows.misc,1,thread_group_01530,3,1,train
doc_05940,sci.crypt,5,thread_group_03263,2,1,val
doc_05941,sci.crypt,5,thread_group_01642,16,1,val
doc_05942,comp.sys.ibm.pc.hardware,2,thread_group_03404,1,1,train
doc_05943,comp.windows.x,4,thread_group_03405,1,1,train
doc_05944,sci.electronics,6,thread_group_00537,3,1,train
doc_05945,sci.crypt,5,thread_group_00805,3,1,val
doc_05946,comp.sys.mac.hardware,3,thread_group_00424,6,1,train
doc_05947,sci.crypt,5,thread_group_00118,234,1,train
doc_05948,comp.sys.mac.hardware,3,thread_group_03406,1,1,train
doc_05949,sci.crypt,5,thread_group_00118,234,1,train
doc_05950,sci.electronics,6,thread_group_00434,8,1,val
doc_05951,comp.sys.ibm.pc.hardware,2,thread_group_03407,2,1,train
doc_05952,comp.graphics,0,thread_group_03408,2,1,test
doc_05953,comp.os.ms-windows.misc,1,thread_group_03409,1,1,val
doc_05954,sci.electronics,6,thread_group_00798,4,1,val
doc_05955,sci.electronics,6,thread_group_03410,2,1,test
doc_05956,comp.windows.x,4,thread_group_00331,7,1,train
doc_05957,sci.electronics,6,thread_group_02297,3,1,test
doc_05958,comp.windows.x,4,thread_group_01408,3,1,train
doc_05959,comp.graphics,0,thread_group_02052,2,1,train
doc_05960,comp.sys.mac.hardware,3,thread_group_00315,2,1,train
doc_05961,comp.sys.ibm.pc.hardware,2,thread_group_01539,3,1,test
doc_05962,comp.windows.x,4,thread_group_00794,5,1,train
doc_05963,comp.windows.x,4,thread_group_03411,1,1,train
doc_05964,comp.graphics,0,thread_group_00650,13,1,train
doc_05965,comp.windows.x,4,thread_group_00264,5,1,test
doc_05966,comp.graphics,0,thread_group_01867,4,1,test
doc_05967,comp.graphics,0,thread_group_03412,1,1,train
doc_05968,comp.graphics,0,thread_group_03413,1,1,train
doc_05969,comp.sys.ibm.pc.hardware,2,thread_group_03414,1,1,val
doc_05970,sci.electronics,6,thread_group_00509,46,1,train
doc_05971,comp.os.ms-windows.misc,1,thread_group_03415,1,1,test
doc_05972,sci.crypt,5,thread_group_00391,31,1,train
doc_05973,comp.windows.x,4,thread_group_03416,1,1,train
doc_05974,comp.sys.ibm.pc.hardware,2,thread_group_03417,1,1,train
doc_05975,sci.electronics,6,thread_group_03418,2,1,train
doc_05976,sci.electronics,6,thread_group_01840,4,1,train
doc_05977,comp.windows.x,4,thread_group_03419,1,1,train
doc_05978,comp.sys.mac.hardware,3,thread_group_01816,2,1,train
doc_05979,comp.windows.x,4,thread_group_00193,3,1,train
doc_05980,comp.sys.ibm.pc.hardware,2,thread_group_03420,1,1,test
doc_05981,comp.windows.x,4,thread_group_03421,1,1,train
doc_05982,sci.electronics,6,thread_group_03422,2,1,train
doc_05983,comp.sys.ibm.pc.hardware,2,thread_group_00000,4,1,train
doc_05984,comp.sys.ibm.pc.hardware,2,thread_group_03423,1,1,train
doc_05985,sci.electronics,6,thread_group_01126,4,1,val
doc_05986,comp.sys.ibm.pc.hardware,2,thread_group_02444,2,1,test
doc_05987,sci.electronics,6,thread_group_00999,6,1,train
doc_05988,comp.os.ms-windows.misc,1,thread_group_00026,3,1,train
doc_05989,sci.electronics,6,thread_group_00117,3,1,test
doc_05990,comp.os.ms-windows.misc,1,thread_group_02855,5,1,train
doc_05991,sci.crypt,5,thread_group_03424,1,1,train
doc_05992,comp.sys.mac.hardware,3,thread_group_00070,3,1,train
doc_05993,comp.sys.ibm.pc.hardware,2,thread_group_03425,1,1,test
doc_05994,comp.graphics,0,thread_group_01265,7,1,train
doc_05995,sci.electronics,6,thread_group_03426,1,1,train
doc_05996,comp.sys.mac.hardware,3,thread_group_03427,1,1,train
doc_05997,sci.crypt,5,thread_group_00118,234,1,train
doc_05998,comp.windows.x,4,thread_group_02706,2,1,train
doc_05999,sci.electronics,6,thread_group_03428,1,1,train
doc_06000,sci.crypt,5,thread_group_01204,3,1,test
doc_06001,comp.sys.mac.hardware,3,thread_group_03779,2,1,train
doc_06002,comp.windows.x,4,thread_group_03429,2,1,train
doc_06003,comp.os.ms-windows.misc,1,thread_group_00413,10,1,train
doc_06004,comp.graphics,0,thread_group_03430,1,1,train
doc_06005,comp.windows.x,4,thread_group_00205,26,1,test
doc_06006,sci.crypt,5,thread_group_02602,2,1,test
doc_06007,comp.os.ms-windows.misc,1,thread_group_03431,1,1,train
doc_06008,comp.sys.mac.hardware,3,thread_group_01159,6,1,train
doc_06009,comp.graphics,0,thread_group_03432,2,1,train
doc_06010,comp.os.ms-windows.misc,1,thread_group_00157,6,1,train
doc_06011,comp.sys.ibm.pc.hardware,2,thread_group_00631,4,1,train
doc_06012,comp.windows.x,4,thread_group_03433,1,1,test
doc_06013,comp.graphics,0,thread_group_03434,1,1,val
doc_06014,sci.crypt,5,thread_group_03435,2,1,train
doc_06015,sci.crypt,5,thread_group_00400,4,1,train
doc_06016,comp.graphics,0,thread_group_03436,1,1,train
doc_06017,comp.os.ms-windows.misc,1,thread_group_00385,4,1,test
doc_06018,comp.windows.x,4,thread_group_03437,2,1,train
doc_06019,comp.sys.mac.hardware,3,thread_group_03286,2,1,train
doc_06020,comp.windows.x,4,thread_group_03438,1,1,train
doc_06021,comp.sys.mac.hardware,3,thread_group_01065,3,1,val
doc_06022,comp.windows.x,4,thread_group_03439,1,1,train
doc_06023,sci.electronics,6,thread_group_02275,21,1,train
doc_06024,comp.sys.ibm.pc.hardware,2,thread_group_01339,3,1,train
doc_06025,comp.sys.mac.hardware,3,thread_group_03440,1,1,train
doc_06026,sci.electronics,6,thread_group_03441,1,1,test
doc_06027,comp.sys.mac.hardware,3,thread_group_03442,1,1,val
doc_06028,comp.sys.ibm.pc.hardware,2,thread_group_03443,1,1,train
doc_06029,sci.electronics,6,thread_group_03444,1,1,train
doc_06030,comp.sys.mac.hardware,3,thread_group_03445,1,1,train
doc_06031,comp.graphics,0,thread_group_00325,10,1,train
doc_06032,comp.windows.x,4,thread_group_03446,1,1,test
doc_06033,comp.sys.ibm.pc.hardware,2,thread_group_00132,7,1,test
doc_06034,comp.sys.ibm.pc.hardware,2,thread_group_03193,3,1,train
doc_06035,comp.sys.mac.hardware,3,thread_group_03447,1,1,train
doc_06036,comp.windows.x,4,thread_group_03448,1,1,train
doc_06037,sci.electronics,6,thread_group_00904,5,1,train
doc_06038,sci.crypt,5,thread_group_00779,38,1,train
doc_06039,comp.windows.x,4,thread_group_03449,1,1,train
doc_06040,comp.windows.x,4,thread_group_03450,1,1,train
doc_06041,comp.os.ms-windows.misc,1,thread_group_01323,2,1,train
doc_06042,comp.windows.x,4,thread_group_03451,1,1,train
doc_06043,comp.sys.ibm.pc.hardware,2,thread_group_01560,2,1,train
doc_06044,comp.os.ms-windows.misc,1,thread_group_00088,7,1,train
doc_06045,comp.os.ms-windows.misc,1,thread_group_03452,1,1,test
doc_06046,sci.crypt,5,thread_group_00118,234,1,train
doc_06047,comp.sys.ibm.pc.hardware,2,thread_group_00665,4,1,train
doc_06048,comp.windows.x,4,thread_group_03453,1,1,test
doc_06049,comp.sys.ibm.pc.hardware,2,thread_group_02115,2,1,val
doc_06050,comp.windows.x,4,thread_group_03454,1,1,test
doc_06051,comp.sys.mac.hardware,3,thread_group_03455,1,1,train
doc_06052,comp.os.ms-windows.misc,1,thread_group_03456,2,1,train
doc_06053,comp.sys.mac.hardware,3,thread_group_01461,4,1,train
doc_06054,comp.sys.mac.hardware,3,thread_group_03457,1,1,train
doc_06055,comp.sys.ibm.pc.hardware,2,thread_group_03458,1,1,train
doc_06056,comp.windows.x,4,thread_group_03459,1,1,train
doc_06057,comp.os.ms-windows.misc,1,thread_group_02001,8,1,train
doc_06058,comp.windows.x,4,thread_group_03460,1,1,val
doc_06059,comp.sys.mac.hardware,3,thread_group_00780,4,1,train
doc_06060,comp.graphics,0,thread_group_00650,13,1,train
doc_06061,comp.graphics,0,thread_group_03461,1,1,train
doc_06062,comp.os.ms-windows.misc,1,thread_group_00835,14,1,train
doc_06063,comp.os.ms-windows.misc,1,thread_group_00673,5,1,train
doc_06064,comp.windows.x,4,thread_group_03462,1,1,train
doc_06065,comp.sys.mac.hardware,3,thread_group_03463,1,1,train
doc_06066,comp.graphics,0,thread_group_01083,20,1,train
doc_06067,comp.sys.ibm.pc.hardware,2,thread_group_00751,3,1,train
doc_06068,comp.windows.x,4,thread_group_03464,1,1,test
doc_06069,comp.graphics,0,thread_group_02316,5,1,train
doc_06070,comp.graphics,0,thread_group_03465,1,1,train
doc_06071,comp.os.ms-windows.misc,1,thread_group_01954,9,1,train
doc_06072,comp.sys.mac.hardware,3,thread_group_03466,1,1,train
doc_06073,comp.sys.ibm.pc.hardware,2,thread_group_03467,1,1,train
doc_06074,comp.os.ms-windows.misc,1,thread_group_03468,1,1,train
doc_06075,sci.crypt,5,thread_group_00118,234,1,train
doc_06076,sci.crypt,5,thread_group_00779,38,1,train
doc_06077,comp.windows.x,4,thread_group_03469,1,1,test
doc_06078,sci.electronics,6,thread_group_00005,2,1,val
doc_06079,comp.graphics,0,thread_group_02168,5,1,train
doc_06080,sci.crypt,5,thread_group_00118,234,1,train
doc_06081,sci.crypt,5,thread_group_00231,47,1,val
doc_06082,comp.sys.ibm.pc.hardware,2,thread_group_03470,1,1,train
doc_06083,sci.electronics,6,thread_group_02733,3,1,train
doc_06084,sci.electronics,6,thread_group_00886,8,1,train
doc_06085,comp.windows.x,4,thread_group_00205,26,1,test
doc_06086,comp.windows.x,4,thread_group_00007,5,1,train
doc_06087,comp.sys.ibm.pc.hardware,2,thread_group_03471,1,1,train
doc_06088,sci.crypt,5,thread_group_03472,1,1,val
doc_06089,comp.os.ms-windows.misc,1,thread_group_00335,13,1,train
doc_06090,sci.electronics,6,thread_group_00340,5,1,val
doc_06091,comp.os.ms-windows.misc,1,thread_group_03473,1,1,train
doc_06092,comp.sys.ibm.pc.hardware,2,thread_group_03474,1,1,val
doc_06093,comp.sys.ibm.pc.hardware,2,thread_group_03475,1,1,val
doc_06094,comp.windows.x,4,thread_group_02170,2,1,train
doc_06095,comp.windows.x,4,thread_group_02982,2,1,train
doc_06096,comp.graphics,0,thread_group_03476,1,1,train
doc_06097,comp.graphics,0,thread_group_00940,4,1,train
doc_06098,sci.crypt,5,thread_group_00118,234,1,train
doc_06099,comp.sys.ibm.pc.hardware,2,thread_group_03343,2,1,val
doc_06100,comp.os.ms-windows.misc,1,thread_group_03477,1,1,test
doc_06101,sci.crypt,5,thread_group_01340,3,1,train
doc_06102,sci.electronics,6,thread_group_01186,7,1,train
doc_06103,comp.windows.x,4,thread_group_03478,1,1,train
doc_06104,comp.sys.mac.hardware,3,thread_group_00023,3,1,train
doc_06105,sci.electronics,6,thread_group_01817,7,1,val
doc_06106,comp.windows.x,4,thread_group_03479,1,1,train
doc_06107,comp.windows.x,4,thread_group_03480,1,1,train
doc_06108,sci.electronics,6,thread_group_03481,1,1,train
doc_06109,sci.electronics,6,thread_group_03482,2,1,val
doc_06110,comp.graphics,0,thread_group_00522,11,1,train
doc_06111,comp.sys.ibm.pc.hardware,2,thread_group_03483,1,1,train
doc_06112,comp.sys.mac.hardware,3,thread_group_00165,4,1,train
doc_06113,comp.windows.x,4,thread_group_03484,1,1,train
doc_06114,comp.os.ms-windows.misc,1,thread_group_01053,14,1,train
doc_06115,sci.crypt,5,thread_group_02042,6,1,train
doc_06116,sci.electronics,6,thread_group_01039,8,1,train
doc_06117,comp.windows.x,4,thread_group_03828,2,1,train
doc_06118,comp.graphics,0,thread_group_03485,2,1,train
doc_06119,comp.sys.ibm.pc.hardware,2,thread_group_03486,1,1,train
doc_06120,comp.graphics,0,thread_group_00511,5,1,train
doc_06121,comp.os.ms-windows.misc,1,thread_group_03487,1,1,train
doc_06122,comp.os.ms-windows.misc,1,thread_group_00377,6,1,val
doc_06123,comp.windows.x,4,thread_group_03488,1,1,train
doc_06124,comp.graphics,0,thread_group_03489,1,1,train
doc_06125,sci.electronics,6,thread_group_01068,5,1,val
doc_06126,comp.windows.x,4,thread_group_00609,7,1,test
doc_06127,sci.crypt,5,thread_group_03490,1,1,val
doc_06128,comp.os.ms-windows.misc,1,thread_group_02309,2,1,val
doc_06129,comp.sys.ibm.pc.hardware,2,thread_group_03491,1,1,train
doc_06130,comp.graphics,0,thread_group_03492,1,1,train
doc_06131,sci.crypt,5,thread_group_00118,234,1,train
doc_06132,comp.sys.ibm.pc.hardware,2,thread_group_03193,3,1,train
doc_06133,sci.crypt,5,thread_group_00568,5,1,train
doc_06134,sci.electronics,6,thread_group_03108,2,1,train
doc_06135,sci.electronics,6,thread_group_03493,1,1,train
doc_06136,sci.crypt,5,thread_group_03088,3,1,train
doc_06137,comp.sys.mac.hardware,3,thread_group_03494,1,1,val
doc_06138,comp.windows.x,4,thread_group_00918,14,1,train
doc_06139,comp.windows.x,4,thread_group_03495,1,1,train
doc_06140,comp.windows.x,4,thread_group_03729,2,1,train
doc_06141,comp.sys.ibm.pc.hardware,2,thread_group_01846,3,1,train
doc_06142,comp.graphics,0,thread_group_03496,1,1,test
doc_06143,comp.sys.ibm.pc.hardware,2,thread_group_03497,1,1,train
doc_06144,sci.crypt,5,thread_group_01642,16,1,val
doc_06145,sci.crypt,5,thread_group_00118,234,1,train
doc_06146,sci.electronics,6,thread_group_01873,3,1,train
doc_06147,sci.electronics,6,thread_group_00537,3,1,train
doc_06148,comp.windows.x,4,thread_group_03498,1,1,train
doc_06149,comp.graphics,0,thread_group_00083,3,1,train
doc_06150,comp.sys.mac.hardware,3,thread_group_03499,1,1,train
doc_06151,comp.graphics,0,thread_group_03500,2,1,train
doc_06152,sci.electronics,6,thread_group_00255,17,1,train
doc_06153,comp.sys.ibm.pc.hardware,2,thread_group_03501,2,1,test
doc_06154,comp.sys.ibm.pc.hardware,2,thread_group_03502,1,1,train
doc_06155,comp.os.ms-windows.misc,1,thread_group_03503,1,1,train
doc_06156,sci.electronics,6,thread_group_00255,17,1,train
doc_06157,comp.graphics,0,thread_group_03504,1,1,train
doc_06158,comp.sys.ibm.pc.hardware,2,thread_group_03505,2,1,train
doc_06159,comp.sys.mac.hardware,3,thread_group_01145,3,1,test
doc_06160,comp.sys.mac.hardware,3,thread_group_03314,3,1,train
doc_06161,comp.os.ms-windows.misc,1,thread_group_00286,8,1,test
doc_06162,comp.sys.mac.hardware,3,thread_group_03506,1,1,test
doc_06163,sci.crypt,5,thread_group_00224,14,1,train
doc_06164,sci.electronics,6,thread_group_00721,7,1,train
doc_06165,sci.electronics,6,thread_group_02591,4,1,test
doc_06166,comp.sys.mac.hardware,3,thread_group_03507,1,1,train
doc_06167,comp.os.ms-windows.misc,1,thread_group_03508,2,1,test
doc_06168,sci.crypt,5,thread_group_03509,1,1,val
doc_06169,comp.sys.mac.hardware,3,thread_group_03510,1,1,train
doc_06170,sci.electronics,6,thread_group_03511,1,1,train
doc_06171,sci.electronics,6,thread_group_03512,1,1,train
doc_06172,comp.os.ms-windows.misc,1,thread_group_03513,1,1,val
doc_06173,sci.electronics,6,thread_group_00340,5,1,val
doc_06174,sci.electronics,6,thread_group_03514,1,1,train
doc_06175,sci.crypt,5,thread_group_03515,1,1,train
doc_06176,comp.windows.x,4,thread_group_03516,1,1,train
doc_06177,comp.sys.mac.hardware,3,thread_group_03517,1,1,train
doc_06178,comp.sys.ibm.pc.hardware,2,thread_group_03518,2,1,train
doc_06179,comp.windows.x,4,thread_group_02463,2,1,test
doc_06180,sci.electronics,6,thread_group_03519,2,1,train
doc_06181,comp.windows.x,4,thread_group_03520,1,1,train
doc_06182,comp.os.ms-windows.misc,1,thread_group_03521,1,1,train
doc_06183,sci.crypt,5,thread_group_00118,234,1,train
doc_06184,sci.crypt,5,thread_group_03522,1,1,train
doc_06185,comp.sys.ibm.pc.hardware,2,thread_group_03523,1,1,train
doc_06186,comp.graphics,0,thread_group_02031,3,1,train
doc_06187,sci.electronics,6,thread_group_01016,8,1,val
doc_06188,sci.electronics,6,thread_group_00288,8,1,train
doc_06189,comp.graphics,0,thread_group_01265,7,1,train
doc_06190,comp.graphics,0,thread_group_03524,1,1,train
doc_06191,sci.crypt,5,thread_group_00118,234,1,train
doc_06192,comp.os.ms-windows.misc,1,thread_group_03525,2,1,val
doc_06193,comp.os.ms-windows.misc,1,thread_group_00074,7,1,train
doc_06194,comp.graphics,0,thread_group_00903,2,1,train
doc_06195,comp.windows.x,4,thread_group_03526,1,1,train
doc_06196,comp.os.ms-windows.misc,1,thread_group_00198,2,1,test
doc_06197,comp.sys.mac.hardware,3,thread_group_03527,1,1,train
doc_06198,comp.os.ms-windows.misc,1,thread_group_00835,14,1,train
doc_06199,comp.os.ms-windows.misc,1,thread_group_02962,3,1,test
doc_06200,comp.graphics,0,thread_group_03528,1,1,train
doc_06201,comp.windows.x,4,thread_group_02226,3,1,train
doc_06202,comp.graphics,0,thread_group_03529,2,1,test
doc_06203,sci.electronics,6,thread_group_00096,11,1,train
doc_06204,sci.crypt,5,thread_group_00004,3,1,train
doc_06205,comp.sys.mac.hardware,3,thread_group_03530,1,1,test
doc_06206,sci.crypt,5,thread_group_01802,8,1,train
doc_06207,comp.windows.x,4,thread_group_03531,3,1,train
doc_06208,comp.windows.x,4,thread_group_03532,1,1,train
doc_06209,comp.windows.x,4,thread_group_03533,1,1,train
doc_06210,comp.sys.mac.hardware,3,thread_group_03534,2,1,train
doc_06211,comp.windows.x,4,thread_group_03535,1,1,train
doc_06212,comp.sys.mac.hardware,3,thread_group_02603,2,1,train
doc_06213,sci.crypt,5,thread_group_00118,234,1,train
doc_06214,comp.windows.x,4,thread_group_03536,1,1,val
doc_06215,comp.sys.ibm.pc.hardware,2,thread_group_03537,1,1,val
doc_06216,sci.electronics,6,thread_group_03538,1,1,train
doc_06217,comp.sys.ibm.pc.hardware,2,thread_group_03539,1,1,train
doc_06218,comp.os.ms-windows.misc,1,thread_group_03540,1,1,train
doc_06219,comp.sys.mac.hardware,3,thread_group_03541,1,1,train
doc_06220,comp.sys.mac.hardware,3,thread_group_00430,27,1,train
doc_06221,comp.os.ms-windows.misc,1,thread_group_00015,4,1,val
doc_06222,comp.os.ms-windows.misc,1,thread_group_01347,4,1,train
doc_06223,comp.windows.x,4,thread_group_03542,2,1,train
doc_06224,comp.graphics,0,thread_group_00508,13,1,val
doc_06225,comp.os.ms-windows.misc,1,thread_group_00948,6,1,val
doc_06226,comp.graphics,0,thread_group_03220,2,1,train
doc_06227,sci.crypt,5,thread_group_00171,6,1,train
doc_06228,comp.os.ms-windows.misc,1,thread_group_02812,2,1,train
doc_06229,comp.os.ms-windows.misc,1,thread_group_03543,2,1,train
doc_06230,sci.electronics,6,thread_group_02275,21,1,train
doc_06231,comp.sys.mac.hardware,3,thread_group_03544,1,1,val
doc_06232,comp.sys.ibm.pc.hardware,2,thread_group_03545,1,1,test
doc_06233,sci.electronics,6,thread_group_02882,3,1,train
doc_06234,comp.sys.mac.hardware,3,thread_group_03546,2,1,val
doc_06235,sci.crypt,5,thread_group_00400,4,1,train
doc_06236,comp.os.ms-windows.misc,1,thread_group_00579,3,1,train
doc_06237,comp.os.ms-windows.misc,1,thread_group_01168,11,1,train
doc_06238,comp.sys.ibm.pc.hardware,2,thread_group_03547,2,1,train
doc_06239,comp.sys.ibm.pc.hardware,2,thread_group_02766,3,1,test
doc_06240,sci.electronics,6,thread_group_00509,46,1,train
doc_06241,comp.os.ms-windows.misc,1,thread_group_00059,5,1,train
doc_06242,sci.electronics,6,thread_group_03548,2,1,val
doc_06243,sci.electronics,6,thread_group_03549,1,1,train
doc_06244,comp.os.ms-windows.misc,1,thread_group_03550,1,1,train
doc_06245,comp.sys.mac.hardware,3,thread_group_02047,8,1,train
doc_06246,comp.sys.mac.hardware,3,thread_group_02965,3,1,test
doc_06247,comp.sys.ibm.pc.hardware,2,thread_group_00854,7,1,train
doc_06248,comp.graphics,0,thread_group_03551,2,1,train
doc_06249,comp.windows.x,4,thread_group_03552,1,1,train
doc_06250,comp.windows.x,4,thread_group_03553,1,1,train
doc_06251,comp.graphics,0,thread_group_03554,4,1,train
doc_06252,sci.crypt,5,thread_group_00118,234,1,train
doc_06253,comp.os.ms-windows.misc,1,thread_group_01635,3,1,test
doc_06254,sci.crypt,5,thread_group_00231,47,1,val
doc_06255,comp.sys.mac.hardware,3,thread_group_00219,4,1,test
doc_06256,comp.sys.ibm.pc.hardware,2,thread_group_01036,4,1,test
doc_06257,sci.electronics,6,thread_group_00654,2,1,train
doc_06258,sci.electronics,6,thread_group_03555,1,1,train
doc_06259,comp.sys.ibm.pc.hardware,2,thread_group_03556,1,1,train
doc_06260,comp.os.ms-windows.misc,1,thread_group_00212,7,1,train
doc_06261,comp.sys.ibm.pc.hardware,2,thread_group_03557,1,1,train
doc_06262,comp.os.ms-windows.misc,1,thread_group_03558,1,1,train
doc_06263,comp.sys.mac.hardware,3,thread_group_00731,8,1,train
doc_06264,comp.sys.mac.hardware,3,thread_group_02145,2,1,train
doc_06265,sci.electronics,6,thread_group_00071,2,1,train
doc_06266,comp.sys.ibm.pc.hardware,2,thread_group_03559,1,1,train
doc_06267,comp.windows.x,4,thread_group_03560,1,1,train
doc_06268,comp.sys.mac.hardware,3,thread_group_00070,3,1,train
doc_06269,comp.windows.x,4,thread_group_00846,2,1,test
doc_06270,comp.graphics,0,thread_group_00652,3,1,train
doc_06271,sci.crypt,5,thread_group_03561,1,1,train
doc_06272,comp.sys.mac.hardware,3,thread_group_03562,1,1,val
doc_06273,comp.windows.x,4,thread_group_03563,1,1,val
doc_06274,comp.sys.ibm.pc.hardware,2,thread_group_03564,2,1,train
doc_06275,comp.graphics,0,thread_group_03565,1,1,train
doc_06276,comp.os.ms-windows.misc,1,thread_group_03566,1,1,train
doc_06277,comp.sys.ibm.pc.hardware,2,thread_group_03567,1,1,test
doc_06278,comp.windows.x,4,thread_group_01889,3,1,val
doc_06279,comp.windows.x,4,thread_group_03568,1,1,test
doc_06280,comp.graphics,0,thread_group_03569,1,1,train
doc_06281,sci.electronics,6,thread_group_03570,1,1,train
doc_06282,sci.crypt,5,thread_group_00477,8,1,train
doc_06283,sci.crypt,5,thread_group_00779,38,1,train
doc_06284,comp.windows.x,4,thread_group_03571,1,1,train
doc_06285,comp.os.ms-windows.misc,1,thread_group_03572,1,1,train
doc_06286,sci.crypt,5,thread_group_00336,6,1,train
doc_06287,sci.electronics,6,thread_group_02135,4,1,test
doc_06288,comp.graphics,0,thread_group_00447,11,1,train
doc_06289,sci.crypt,5,thread_group_00889,5,1,train
doc_06290,comp.sys.mac.hardware,3,thread_group_01492,2,1,val
doc_06291,sci.electronics,6,thread_group_03573,1,1,train
doc_06292,sci.electronics,6,thread_group_00550,13,1,test
doc_06293,comp.windows.x,4,thread_group_03574,1,1,train
doc_06294,comp.sys.ibm.pc.hardware,2,thread_group_03575,2,1,train
doc_06295,comp.sys.ibm.pc.hardware,2,thread_group_03576,1,1,train
doc_06296,sci.electronics,6,thread_group_00624,3,1,val
doc_06297,comp.sys.mac.hardware,3,thread_group_03577,1,1,train
doc_06298,comp.sys.mac.hardware,3,thread_group_01065,3,1,val
doc_06299,comp.sys.mac.hardware,3,thread_group_03578,3,1,test
doc_06300,comp.windows.x,4,thread_group_00151,3,1,train
doc_06301,sci.crypt,5,thread_group_03579,1,1,train
doc_06302,comp.sys.ibm.pc.hardware,2,thread_group_02263,4,1,train
doc_06303,sci.crypt,5,thread_group_00231,47,1,val
doc_06304,sci.electronics,6,thread_group_03580,1,1,train
doc_06305,comp.os.ms-windows.misc,1,thread_group_00144,4,1,val
doc_06306,comp.windows.x,4,thread_group_03581,1,1,train
doc_06307,comp.os.ms-windows.misc,1,thread_group_03582,1,1,train
doc_06308,comp.sys.ibm.pc.hardware,2,thread_group_03583,1,1,train
doc_06309,sci.crypt,5,thread_group_00068,9,1,train
doc_06310,comp.sys.ibm.pc.hardware,2,thread_group_03584,2,1,train
doc_06311,comp.sys.ibm.pc.hardware,2,thread_group_03585,1,1,train
doc_06312,sci.electronics,6,thread_group_01016,8,1,val
doc_06313,comp.sys.mac.hardware,3,thread_group_02673,3,1,train
doc_06314,comp.graphics,0,thread_group_03586,1,1,train
doc_06315,comp.sys.ibm.pc.hardware,2,thread_group_03775,2,1,val
doc_06316,comp.sys.mac.hardware,3,thread_group_03587,1,1,train
doc_06317,comp.graphics,0,thread_group_02031,3,1,train
doc_06318,comp.graphics,0,thread_group_01083,20,1,train
doc_06319,comp.sys.mac.hardware,3,thread_group_01584,2,1,train
doc_06320,comp.os.ms-windows.misc,1,thread_group_03588,1,1,val
doc_06321,sci.electronics,6,thread_group_00197,4,1,train
doc_06322,comp.graphics,0,thread_group_03589,1,1,train
doc_06323,comp.sys.mac.hardware,3,thread_group_03590,1,1,train
doc_06324,comp.sys.mac.hardware,3,thread_group_03591,1,1,train
doc_06325,comp.graphics,0,thread_group_03592,1,1,train
doc_06326,comp.graphics,0,thread_group_01677,3,1,train
doc_06327,comp.graphics,0,thread_group_03593,1,1,val
doc_06328,comp.sys.mac.hardware,3,thread_group_01361,2,1,test
doc_06329,comp.os.ms-windows.misc,1,thread_group_03594,1,1,train
doc_06330,sci.crypt,5,thread_group_00118,234,1,train
doc_06331,comp.windows.x,4,thread_group_03595,1,1,train
doc_06332,comp.sys.ibm.pc.hardware,2,thread_group_00854,7,1,train
doc_06333,sci.crypt,5,thread_group_03596,1,1,test
doc_06334,comp.sys.ibm.pc.hardware,2,thread_group_03597,1,1,train
doc_06335,comp.graphics,0,thread_group_03598,1,1,val
doc_06336,comp.sys.ibm.pc.hardware,2,thread_group_02519,2,1,train
doc_06337,comp.sys.mac.hardware,3,thread_group_00872,13,1,test
doc_06338,comp.sys.mac.hardware,3,thread_group_01159,6,1,train
doc_06339,sci.electronics,6,thread_group_03599,1,1,train
doc_06340,comp.windows.x,4,thread_group_03600,1,1,train
doc_06341,comp.sys.ibm.pc.hardware,2,thread_group_03601,1,1,val
doc_06342,comp.windows.x,4,thread_group_03602,1,1,train
doc_06343,comp.os.ms-windows.misc,1,thread_group_03603,1,1,train
doc_06344,comp.sys.mac.hardware,3,thread_group_03604,1,1,val
doc_06345,sci.electronics,6,thread_group_00682,7,1,train
doc_06346,sci.electronics,6,thread_group_00886,8,1,train
doc_06347,sci.electronics,6,thread_group_00841,3,1,train
doc_06348,sci.electronics,6,thread_group_03605,2,1,train
doc_06349,comp.sys.mac.hardware,3,thread_group_03606,2,1,train
doc_06350,comp.sys.ibm.pc.hardware,2,thread_group_03607,1,1,test
doc_06351,sci.electronics,6,thread_group_03608,1,1,test
doc_06352,comp.windows.x,4,thread_group_03609,1,1,train
doc_06353,comp.os.ms-windows.misc,1,thread_group_00215,11,1,train
doc_06354,comp.sys.ibm.pc.hardware,2,thread_group_03318,2,1,train
doc_06355,comp.sys.mac.hardware,3,thread_group_02477,3,1,train
doc_06356,sci.crypt,5,thread_group_03610,1,1,train
doc_06357,comp.os.ms-windows.misc,1,thread_group_00207,5,1,train
doc_06358,comp.graphics,0,thread_group_01071,3,1,train
doc_06359,comp.sys.mac.hardware,3,thread_group_01069,4,1,val
doc_06360,sci.crypt,5,thread_group_02717,14,1,train
doc_06361,comp.graphics,0,thread_group_01847,3,1,val
doc_06362,comp.windows.x,4,thread_group_02839,3,1,val
doc_06363,sci.crypt,5,thread_group_03611,1,1,train
doc_06364,sci.electronics,6,thread_group_03612,2,1,train
doc_06365,comp.graphics,0,thread_group_02517,3,1,train
doc_06366,comp.sys.ibm.pc.hardware,2,thread_group_03613,2,1,train
doc_06367,comp.sys.mac.hardware,3,thread_group_01667,3,1,train
doc_06368,comp.windows.x,4,thread_group_03614,1,1,train
doc_06369,comp.os.ms-windows.misc,1,thread_group_03615,2,1,train
doc_06370,comp.os.ms-windows.misc,1,thread_group_03616,1,1,train
doc_06371,comp.sys.ibm.pc.hardware,2,thread_group_03617,1,1,train
doc_06372,comp.os.ms-windows.misc,1,thread_group_03618,1,1,train
doc_06373,comp.sys.ibm.pc.hardware,2,thread_group_03619,1,1,train
doc_06374,comp.sys.mac.hardware,3,thread_group_02952,2,1,val
doc_06375,comp.sys.mac.hardware,3,thread_group_03620,1,1,test
doc_06376,sci.crypt,5,thread_group_03621,1,1,train
doc_06377,sci.electronics,6,thread_group_02040,3,1,train
doc_06378,sci.electronics,6,thread_group_02174,2,1,train
doc_06379,comp.sys.ibm.pc.hardware,2,thread_group_01117,3,1,train
doc_06380,comp.windows.x,4,thread_group_03622,1,1,val
doc_06381,sci.crypt,5,thread_group_01756,8,1,test
doc_06382,sci.electronics,6,thread_group_02275,21,1,train
doc_06383,comp.os.ms-windows.misc,1,thread_group_03623,1,1,train
doc_06384,comp.windows.x,4,thread_group_03624,2,1,train
doc_06385,comp.sys.ibm.pc.hardware,2,thread_group_03625,1,1,train
doc_06386,comp.sys.ibm.pc.hardware,2,thread_group_03613,2,1,train
doc_06387,comp.sys.ibm.pc.hardware,2,thread_group_03626,1,1,train
doc_06388,sci.electronics,6,thread_group_01854,17,1,train
doc_06389,sci.crypt,5,thread_group_00084,27,1,test
doc_06390,comp.sys.mac.hardware,3,thread_group_00872,13,1,test
doc_06391,sci.electronics,6,thread_group_03627,1,1,train
doc_06392,sci.electronics,6,thread_group_03628,1,1,train
doc_06393,comp.sys.ibm.pc.hardware,2,thread_group_00416,2,1,train
doc_06394,sci.electronics,6,thread_group_03629,1,1,train
doc_06395,comp.sys.mac.hardware,3,thread_group_03578,3,1,test
doc_06396,sci.electronics,6,thread_group_03630,2,1,val
doc_06397,sci.crypt,5,thread_group_01257,10,1,train
doc_06398,comp.windows.x,4,thread_group_03631,1,1,test
doc_06399,comp.sys.mac.hardware,3,thread_group_03632,1,1,train
doc_06400,comp.sys.ibm.pc.hardware,2,thread_group_00838,9,1,train
doc_06401,sci.electronics,6,thread_group_03633,2,1,test
doc_06402,comp.sys.mac.hardware,3,thread_group_00564,3,1,train
doc_06403,comp.os.ms-windows.misc,1,thread_group_03634,2,1,train
doc_06404,comp.windows.x,4,thread_group_03635,1,1,train
doc_06405,comp.sys.mac.hardware,3,thread_group_00404,11,1,train
doc_06406,comp.sys.ibm.pc.hardware,2,thread_group_03636,2,1,val
doc_06407,comp.graphics,0,thread_group_03199,3,1,val
doc_06408,comp.os.ms-windows.misc,1,thread_group_03637,1,1,train
doc_06409,comp.windows.x,4,thread_group_02402,4,1,train
doc_06410,comp.windows.x,4,thread_group_03638,1,1,test
doc_06411,sci.electronics,6,thread_group_01455,3,1,train
doc_06412,comp.sys.mac.hardware,3,thread_group_03639,1,1,train
doc_06413,comp.windows.x,4,thread_group_03640,1,1,train
doc_06414,comp.windows.x,4,thread_group_02134,2,1,train
doc_06415,comp.sys.mac.hardware,3,thread_group_03641,1,1,test
doc_06416,comp.graphics,0,thread_group_00065,26,1,train
doc_06417,sci.electronics,6,thread_group_00534,5,1,test
doc_06418,sci.electronics,6,thread_group_03642,1,1,val
doc_06419,comp.sys.ibm.pc.hardware,2,thread_group_03643,1,1,train
doc_06420,comp.graphics,0,thread_group_00042,5,1,train
doc_06421,comp.windows.x,4,thread_group_01375,2,1,val
doc_06422,comp.os.ms-windows.misc,1,thread_group_00011,4,1,test
doc_06423,comp.os.ms-windows.misc,1,thread_group_00445,5,1,train
doc_06424,comp.os.ms-windows.misc,1,thread_group_00486,2,1,train
doc_06425,comp.os.ms-windows.misc,1,thread_group_03644,1,1,train
doc_06426,comp.os.ms-windows.misc,1,thread_group_00923,3,1,test
doc_06427,comp.sys.ibm.pc.hardware,2,thread_group_03645,1,1,val
doc_06428,sci.electronics,6,thread_group_03646,1,1,test
doc_06429,comp.graphics,0,thread_group_03647,1,1,test
doc_06430,comp.graphics,0,thread_group_03648,1,1,val
doc_06431,sci.crypt,5,thread_group_03649,1,1,train
doc_06432,sci.crypt,5,thread_group_00171,6,1,train
doc_06433,sci.electronics,6,thread_group_02275,21,1,train
doc_06434,comp.sys.mac.hardware,3,thread_group_03650,1,1,train
doc_06435,sci.electronics,6,thread_group_00186,7,1,train
doc_06436,comp.graphics,0,thread_group_01067,4,1,train
doc_06437,comp.graphics,0,thread_group_01736,3,1,train
doc_06438,comp.windows.x,4,thread_group_03337,2,1,train
doc_06439,sci.crypt,5,thread_group_03651,1,1,train
doc_06440,sci.crypt,5,thread_group_00118,234,1,train
doc_06441,sci.crypt,5,thread_group_02708,9,1,train
doc_06442,comp.graphics,0,thread_group_03652,1,1,train
doc_06443,comp.windows.x,4,thread_group_03653,1,1,train
doc_06444,comp.windows.x,4,thread_group_03654,1,1,train
doc_06445,comp.windows.x,4,thread_group_02169,2,1,test
doc_06446,comp.graphics,0,thread_group_01717,3,1,test
doc_06447,comp.graphics,0,thread_group_00508,13,1,val
doc_06448,comp.windows.x,4,thread_group_00794,5,1,train
doc_06449,sci.electronics,6,thread_group_01854,17,1,train
doc_06450,sci.electronics,6,thread_group_03301,3,1,test
doc_06451,comp.graphics,0,thread_group_00421,3,1,train
doc_06452,comp.sys.mac.hardware,3,thread_group_03578,3,1,test
doc_06453,sci.electronics,6,thread_group_03067,3,1,train
doc_06454,comp.sys.mac.hardware,3,thread_group_03655,1,1,train
doc_06455,sci.crypt,5,thread_group_03656,1,1,train
doc_06456,comp.sys.ibm.pc.hardware,2,thread_group_01028,3,1,train
doc_06457,comp.sys.ibm.pc.hardware,2,thread_group_03657,1,1,val
doc_06458,sci.electronics,6,thread_group_01068,5,1,val
doc_06459,comp.sys.mac.hardware,3,thread_group_00577,4,1,train
doc_06460,comp.windows.x,4,thread_group_03658,1,1,train
doc_06461,comp.windows.x,4,thread_group_03659,2,1,train
doc_06462,comp.os.ms-windows.misc,1,thread_group_03660,1,1,train
doc_06463,sci.crypt,5,thread_group_03435,2,1,train
doc_06464,sci.crypt,5,thread_group_00231,47,1,val
doc_06465,sci.crypt,5,thread_group_00231,47,1,val
doc_06466,comp.os.ms-windows.misc,1,thread_group_00276,4,1,train
doc_06467,comp.sys.mac.hardware,3,thread_group_01014,7,1,train
doc_06468,comp.graphics,0,thread_group_03661,1,1,train
doc_06469,comp.sys.mac.hardware,3,thread_group_03662,1,1,test
doc_06470,comp.sys.mac.hardware,3,thread_group_00731,8,1,train
doc_06471,comp.windows.x,4,thread_group_03663,1,1,train
doc_06472,comp.graphics,0,thread_group_00447,11,1,train
doc_06473,comp.os.ms-windows.misc,1,thread_group_02962,3,1,test
doc_06474,comp.sys.ibm.pc.hardware,2,thread_group_00854,7,1,train
doc_06475,sci.electronics,6,thread_group_00878,3,1,val
doc_06476,comp.windows.x,4,thread_group_00489,2,1,train
doc_06477,sci.electronics,6,thread_group_03664,2,1,val
doc_06478,comp.os.ms-windows.misc,1,thread_group_03665,1,1,train
doc_06479,sci.crypt,5,thread_group_03666,2,1,test
doc_06480,comp.graphics,0,thread_group_00650,13,1,train
doc_06481,comp.sys.ibm.pc.hardware,2,thread_group_03667,1,1,train
doc_06482,comp.windows.x,4,thread_group_03668,1,1,train
doc_06483,comp.sys.mac.hardware,3,thread_group_03669,1,1,train
doc_06484,comp.sys.ibm.pc.hardware,2,thread_group_03670,1,1,train
doc_06485,comp.windows.x,4,thread_group_03671,2,1,train
doc_06486,comp.windows.x,4,thread_group_00007,5,1,train
doc_06487,comp.windows.x,4,thread_group_03672,1,1,val
doc_06488,comp.sys.ibm.pc.hardware,2,thread_group_03673,2,1,train
doc_06489,sci.electronics,6,thread_group_00009,6,1,train
doc_06490,comp.graphics,0,thread_group_01170,2,1,val
doc_06491,comp.sys.ibm.pc.hardware,2,thread_group_03674,1,1,val
doc_06492,sci.electronics,6,thread_group_00746,2,1,train
doc_06493,comp.os.ms-windows.misc,1,thread_group_01290,3,1,train
doc_06494,sci.electronics,6,thread_group_00999,6,1,train
doc_06495,comp.graphics,0,thread_group_00065,26,1,train
doc_06496,comp.sys.ibm.pc.hardware,2,thread_group_03675,1,1,test
doc_06497,sci.electronics,6,thread_group_02274,3,1,train
doc_06498,sci.electronics,6,thread_group_00324,19,1,val
doc_06499,comp.windows.x,4,thread_group_01393,5,1,val
doc_06500,comp.sys.mac.hardware,3,thread_group_02409,3,1,train
doc_06501,comp.graphics,0,thread_group_03676,1,1,train
doc_06502,comp.windows.x,4,thread_group_03677,1,1,train
doc_06503,comp.os.ms-windows.misc,1,thread_group_03678,1,1,train
doc_06504,comp.sys.ibm.pc.hardware,2,thread_group_02442,2,1,val
doc_06505,comp.graphics,0,thread_group_03679,1,1,val
doc_06506,comp.sys.mac.hardware,3,thread_group_01886,3,1,train
doc_06507,comp.os.ms-windows.misc,1,thread_group_00948,6,1,val
doc_06508,comp.sys.ibm.pc.hardware,2,thread_group_03680,1,1,train
doc_06509,sci.crypt,5,thread_group_01718,2,1,train
doc_06510,comp.windows.x,4,thread_group_03681,1,1,train
doc_06511,comp.sys.mac.hardware,3,thread_group_00742,4,1,train
doc_06512,comp.sys.ibm.pc.hardware,2,thread_group_03682,1,1,train
doc_06513,comp.os.ms-windows.misc,1,thread_group_01954,9,1,train
doc_06514,sci.electronics,6,thread_group_02275,21,1,train
doc_06515,comp.graphics,0,thread_group_00784,4,1,test
doc_06516,sci.electronics,6,thread_group_02733,3,1,train
doc_06517,comp.os.ms-windows.misc,1,thread_group_01325,5,1,train
doc_06518,comp.sys.ibm.pc.hardware,2,thread_group_03683,1,1,test
doc_06519,comp.graphics,0,thread_group_03684,1,1,train
doc_06520,comp.sys.mac.hardware,3,thread_group_03685,1,1,train
doc_06521,comp.sys.mac.hardware,3,thread_group_02282,2,1,train
doc_06522,sci.crypt,5,thread_group_00118,234,1,train
doc_06523,sci.crypt,5,thread_group_00391,31,1,train
doc_06524,comp.sys.ibm.pc.hardware,2,thread_group_03686,2,1,train
doc_06525,comp.graphics,0,thread_group_01706,4,1,train
doc_06526,comp.sys.ibm.pc.hardware,2,thread_group_03687,1,1,train
doc_06527,comp.graphics,0,thread_group_03688,1,1,train
doc_06528,comp.os.ms-windows.misc,1,thread_group_03689,1,1,train
doc_06529,sci.electronics,6,thread_group_02731,3,1,train
doc_06530,sci.crypt,5,thread_group_03690,1,1,train
doc_06531,comp.graphics,0,thread_group_02319,19,1,train
doc_06532,comp.windows.x,4,thread_group_03691,1,1,train
doc_06533,comp.graphics,0,thread_group_03692,1,1,test
doc_06534,comp.sys.mac.hardware,3,thread_group_03693,1,1,train
doc_06535,sci.crypt,5,thread_group_00084,27,1,test
doc_06536,comp.os.ms-windows.misc,1,thread_group_00222,4,1,train
doc_06537,sci.crypt,5,thread_group_00779,38,1,train
doc_06538,sci.crypt,5,thread_group_00613,22,1,val
doc_06539,comp.sys.ibm.pc.hardware,2,thread_group_03694,1,1,test
doc_06540,sci.crypt,5,thread_group_00779,38,1,train
doc_06541,comp.os.ms-windows.misc,1,thread_group_00215,11,1,train
doc_06542,comp.sys.ibm.pc.hardware,2,thread_group_03695,1,1,train
doc_06543,comp.sys.ibm.pc.hardware,2,thread_group_01194,3,1,train
doc_06544,comp.os.ms-windows.misc,1,thread_group_03696,1,1,train
doc_06545,comp.graphics,0,thread_group_03697,1,1,train
doc_06546,comp.sys.mac.hardware,3,thread_group_03698,2,1,val
doc_06547,sci.crypt,5,thread_group_02708,9,1,train
doc_06548,comp.windows.x,4,thread_group_03699,1,1,test
doc_06549,comp.windows.x,4,thread_group_01415,2,1,train
doc_06550,comp.graphics,0,thread_group_03700,1,1,train
doc_06551,comp.sys.mac.hardware,3,thread_group_02365,3,1,train
doc_06552,sci.crypt,5,thread_group_01642,16,1,val
doc_06553,sci.electronics,6,thread_group_03701,1,1,train
doc_06554,comp.graphics,0,thread_group_03702,1,1,train
doc_06555,sci.crypt,5,thread_group_00118,234,1,train
doc_06556,comp.windows.x,4,thread_group_03703,1,1,train
doc_06557,comp.graphics,0,thread_group_03704,1,1,train
doc_06558,sci.crypt,5,thread_group_01794,2,1,test
doc_06559,comp.sys.mac.hardware,3,thread_group_01190,3,1,train
doc_06560,sci.electronics,6,thread_group_03705,1,1,test
doc_06561,comp.graphics,0,thread_group_00390,9,1,test
doc_06562,comp.sys.mac.hardware,3,thread_group_01663,3,1,train
doc_06563,sci.crypt,5,thread_group_01756,8,1,test
doc_06564,sci.crypt,5,thread_group_00118,234,1,train
doc_06565,comp.os.ms-windows.misc,1,thread_group_03706,1,1,test
doc_06566,comp.os.ms-windows.misc,1,thread_group_02858,2,1,train
doc_06567,comp.sys.mac.hardware,3,thread_group_03707,1,1,val
doc_06568,comp.windows.x,4,thread_group_03708,1,1,train
doc_06569,comp.graphics,0,thread_group_03554,4,1,train
doc_06570,sci.crypt,5,thread_group_03711,2,1,val
doc_06571,comp.sys.ibm.pc.hardware,2,thread_group_00530,5,1,train
doc_06572,sci.crypt,5,thread_group_01756,8,1,test
doc_06573,comp.windows.x,4,thread_group_03531,3,1,train
doc_06574,sci.crypt,5,thread_group_01642,16,1,val
doc_06575,comp.os.ms-windows.misc,1,thread_group_00154,6,1,train
doc_06576,sci.electronics,6,thread_group_01854,17,1,train
doc_06577,sci.electronics,6,thread_group_00069,11,1,val
doc_06578,sci.crypt,5,thread_group_02708,9,1,train
doc_06579,comp.os.ms-windows.misc,1,thread_group_03709,1,1,train
doc_06580,comp.sys.mac.hardware,3,thread_group_03710,1,1,train
doc_06581,sci.crypt,5,thread_group_03711,2,1,val
doc_06582,comp.os.ms-windows.misc,1,thread_group_03712,1,1,train
doc_06583,sci.crypt,5,thread_group_03713,1,1,val
doc_06584,sci.electronics,6,thread_group_03714,2,1,train
doc_06585,comp.graphics,0,thread_group_03715,1,1,train
doc_06586,comp.windows.x,4,thread_group_03716,2,1,train
doc_06587,sci.electronics,6,thread_group_01817,7,1,val
doc_06588,comp.graphics,0,thread_group_00511,5,1,train
doc_06589,comp.sys.mac.hardware,3,thread_group_03717,1,1,test
doc_06590,comp.sys.mac.hardware,3,thread_group_03718,1,1,test
doc_06591,comp.sys.ibm.pc.hardware,2,thread_group_01122,7,1,test
doc_06592,comp.sys.mac.hardware,3,thread_group_00641,4,1,val
doc_06593,comp.windows.x,4,thread_group_03719,1,1,val
doc_06594,comp.windows.x,4,thread_group_03720,1,1,train
doc_06595,sci.crypt,5,thread_group_00320,8,1,train
doc_06596,comp.sys.ibm.pc.hardware,2,thread_group_00396,2,1,train
doc_06597,sci.electronics,6,thread_group_03721,1,1,test
doc_06598,comp.sys.ibm.pc.hardware,2,thread_group_03722,1,1,train
doc_06599,comp.graphics,0,thread_group_02018,2,1,train
doc_06600,sci.crypt,5,thread_group_01642,16,1,val
doc_06601,comp.sys.ibm.pc.hardware,2,thread_group_00749,7,1,train
doc_06602,comp.sys.mac.hardware,3,thread_group_00931,6,1,train
doc_06603,comp.graphics,0,thread_group_02319,19,1,train
doc_06604,comp.sys.mac.hardware,3,thread_group_03723,2,1,train
doc_06605,comp.windows.x,4,thread_group_02830,2,1,val
doc_06606,comp.os.ms-windows.misc,1,thread_group_02401,2,1,train
doc_06607,sci.electronics,6,thread_group_03724,1,1,train
doc_06608,comp.windows.x,4,thread_group_03725,2,1,train
doc_06609,comp.windows.x,4,thread_group_03726,1,1,train
doc_06610,comp.sys.mac.hardware,3,thread_group_03727,2,1,val
doc_06611,comp.os.ms-windows.misc,1,thread_group_03728,1,1,train
doc_06612,comp.sys.mac.hardware,3,thread_group_00430,27,1,train
doc_06613,sci.crypt,5,thread_group_00479,18,1,train
doc_06614,sci.crypt,5,thread_group_02717,14,1,train
doc_06615,comp.windows.x,4,thread_group_03729,2,1,train
doc_06616,comp.os.ms-windows.misc,1,thread_group_03730,1,1,test
doc_06617,comp.os.ms-windows.misc,1,thread_group_03731,1,1,val
doc_06618,comp.sys.mac.hardware,3,thread_group_00731,8,1,train
doc_06619,comp.sys.ibm.pc.hardware,2,thread_group_03732,1,1,train
doc_06620,comp.windows.x,4,thread_group_03733,1,1,train
doc_06621,sci.crypt,5,thread_group_00118,234,1,train
doc_06622,comp.sys.mac.hardware,3,thread_group_03734,2,1,train
doc_06623,comp.windows.x,4,thread_group_03735,1,1,train
doc_06624,comp.sys.mac.hardware,3,thread_group_00771,5,1,train
doc_06625,sci.crypt,5,thread_group_01029,7,1,train
doc_06626,sci.electronics,6,thread_group_00434,8,1,val
doc_06627,comp.sys.ibm.pc.hardware,2,thread_group_02473,3,1,train
doc_06628,comp.windows.x,4,thread_group_03736,1,1,val
doc_06629,comp.sys.mac.hardware,3,thread_group_03737,1,1,train
doc_06630,sci.crypt,5,thread_group_00118,234,1,train
doc_06631,comp.graphics,0,thread_group_03738,2,1,val
doc_06632,sci.crypt,5,thread_group_00131,9,1,test
doc_06633,sci.crypt,5,thread_group_00118,234,1,train
doc_06634,sci.electronics,6,thread_group_03739,1,1,train
doc_06635,comp.graphics,0,thread_group_00928,11,1,train
doc_06636,sci.electronics,6,thread_group_03740,1,1,train
doc_06637,comp.sys.mac.hardware,3,thread_group_00164,4,1,train
doc_06638,comp.windows.x,4,thread_group_03741,2,1,train
doc_06639,sci.crypt,5,thread_group_03742,1,1,train
doc_06640,sci.crypt,5,thread_group_02564,7,1,train
doc_06641,sci.crypt,5,thread_group_03743,1,1,val
doc_06642,comp.os.ms-windows.misc,1,thread_group_02855,5,1,train
doc_06643,comp.windows.x,4,thread_group_00264,5,1,test
doc_06644,sci.crypt,5,thread_group_00613,22,1,val
doc_06645,comp.sys.ibm.pc.hardware,2,thread_group_03744,2,1,test
doc_06646,sci.crypt,5,thread_group_03745,1,1,train
doc_06647,sci.electronics,6,thread_group_03746,1,1,train
doc_06648,comp.os.ms-windows.misc,1,thread_group_01314,3,1,train
doc_06649,comp.sys.ibm.pc.hardware,2,thread_group_03747,1,1,train
doc_06650,comp.graphics,0,thread_group_03199,3,1,val
doc_06651,comp.os.ms-windows.misc,1,thread_group_03748,1,1,test
doc_06652,comp.os.ms-windows.misc,1,thread_group_03749,1,1,train
doc_06653,comp.sys.ibm.pc.hardware,2,thread_group_03750,1,1,train
doc_06654,comp.sys.mac.hardware,3,thread_group_02781,2,1,train
doc_06655,comp.graphics,0,thread_group_00709,5,1,train
doc_06656,sci.electronics,6,thread_group_03751,1,1,train
doc_06657,comp.os.ms-windows.misc,1,thread_group_03752,1,1,train
doc_06658,comp.os.ms-windows.misc,1,thread_group_01053,14,1,train
doc_06659,sci.crypt,5,thread_group_03753,1,1,train
doc_06660,sci.crypt,5,thread_group_00118,234,1,train
doc_06661,comp.sys.ibm.pc.hardware,2,thread_group_03754,1,1,train
doc_06662,comp.graphics,0,thread_group_03755,1,1,train
doc_06663,comp.os.ms-windows.misc,1,thread_group_03756,1,1,val
doc_06664,comp.sys.ibm.pc.hardware,2,thread_group_03757,1,1,val
doc_06665,comp.sys.mac.hardware,3,thread_group_03758,1,1,train
doc_06666,comp.windows.x,4,thread_group_03759,1,1,train
doc_06667,comp.os.ms-windows.misc,1,thread_group_00445,5,1,train
doc_06668,comp.sys.mac.hardware,3,thread_group_00872,13,1,test
doc_06669,comp.graphics,0,thread_group_03760,1,1,test
doc_06670,sci.crypt,5,thread_group_02042,6,1,train
doc_06671,comp.sys.mac.hardware,3,thread_group_03761,2,1,train
doc_06672,comp.os.ms-windows.misc,1,thread_group_03762,2,1,test
doc_06673,comp.graphics,0,thread_group_03763,1,1,train
doc_06674,comp.sys.ibm.pc.hardware,2,thread_group_03764,1,1,train
doc_06675,comp.windows.x,4,thread_group_00205,26,1,test
doc_06676,comp.graphics,0,thread_group_00940,4,1,train
doc_06677,comp.windows.x,4,thread_group_01100,2,1,train
doc_06678,comp.windows.x,4,thread_group_03765,1,1,train
doc_06679,comp.sys.mac.hardware,3,thread_group_03766,1,1,test
doc_06680,comp.graphics,0,thread_group_03767,1,1,test
doc_06681,comp.sys.mac.hardware,3,thread_group_00367,10,1,val
doc_06682,comp.windows.x,4,thread_group_00331,7,1,train
doc_06683,sci.crypt,5,thread_group_00779,38,1,train
doc_06684,sci.electronics,6,thread_group_03768,1,1,train
doc_06685,comp.os.ms-windows.misc,1,thread_group_00221,4,1,train
doc_06686,sci.electronics,6,thread_group_03769,1,1,train
doc_06687,comp.sys.ibm.pc.hardware,2,thread_group_02683,4,1,train
doc_06688,comp.os.ms-windows.misc,1,thread_group_01118,3,1,train
doc_06689,sci.electronics,6,thread_group_00019,8,1,train
doc_06690,sci.electronics,6,thread_group_01151,4,1,train
doc_06691,comp.sys.mac.hardware,3,thread_group_03770,1,1,train
doc_06692,sci.crypt,5,thread_group_00613,22,1,val
doc_06693,sci.electronics,6,thread_group_03771,1,1,train
doc_06694,comp.graphics,0,thread_group_01083,20,1,train
doc_06695,sci.electronics,6,thread_group_03772,1,1,val
doc_06696,sci.crypt,5,thread_group_00118,234,1,train
doc_06697,comp.windows.x,4,thread_group_03773,1,1,test
doc_06698,comp.windows.x,4,thread_group_03774,1,1,train
doc_06699,comp.sys.ibm.pc.hardware,2,thread_group_03775,2,1,val
doc_06700,comp.graphics,0,thread_group_03776,1,1,train
doc_06701,sci.crypt,5,thread_group_00118,234,1,train
doc_06702,comp.sys.ibm.pc.hardware,2,thread_group_03777,1,1,train
doc_06703,comp.sys.mac.hardware,3,thread_group_02457,2,1,train
doc_06704,comp.os.ms-windows.misc,1,thread_group_03778,1,1,test
doc_06705,comp.sys.mac.hardware,3,thread_group_03779,2,1,train
doc_06706,comp.sys.mac.hardware,3,thread_group_00106,7,1,test
doc_06707,comp.os.ms-windows.misc,1,thread_group_03780,1,1,val
doc_06708,comp.windows.x,4,thread_group_00694,5,1,test
doc_06709,sci.crypt,5,thread_group_03781,1,1,train
doc_06710,sci.electronics,6,thread_group_00270,4,1,test
doc_06711,comp.os.ms-windows.misc,1,thread_group_03782,1,1,train
doc_06712,sci.electronics,6,thread_group_03783,1,1,train
doc_06713,comp.sys.mac.hardware,3,thread_group_02365,3,1,train
doc_06714,comp.sys.mac.hardware,3,thread_group_01963,2,1,train
doc_06715,sci.crypt,5,thread_group_00568,5,1,train
doc_06716,sci.electronics,6,thread_group_02591,4,1,test
doc_06717,comp.sys.mac.hardware,3,thread_group_03266,2,1,train
doc_06718,comp.sys.mac.hardware,3,thread_group_03784,1,1,val
doc_06719,comp.os.ms-windows.misc,1,thread_group_01116,6,1,train
doc_06720,comp.graphics,0,thread_group_02909,2,1,train
doc_06721,comp.windows.x,4,thread_group_03785,1,1,train
doc_06722,sci.electronics,6,thread_group_03786,1,1,train
doc_06723,comp.sys.mac.hardware,3,thread_group_03787,1,1,val
doc_06724,comp.windows.x,4,thread_group_03885,2,1,val
doc_06725,comp.windows.x,4,thread_group_03788,1,1,train
doc_06726,sci.electronics,6,thread_group_03789,1,1,train
doc_06727,sci.electronics,6,thread_group_00559,5,1,train
doc_06728,comp.graphics,0,thread_group_03790,1,1,train
doc_06729,comp.os.ms-windows.misc,1,thread_group_01613,2,1,train
doc_06730,sci.electronics,6,thread_group_00096,11,1,train
doc_06731,sci.electronics,6,thread_group_00534,5,1,test
doc_06732,comp.sys.ibm.pc.hardware,2,thread_group_01905,3,1,test
doc_06733,sci.crypt,5,thread_group_00136,32,1,test
doc_06734,comp.windows.x,4,thread_group_03791,1,1,train
doc_06735,comp.os.ms-windows.misc,1,thread_group_03762,2,1,test
doc_06736,sci.electronics,6,thread_group_03792,1,1,train
doc_06737,sci.electronics,6,thread_group_00886,8,1,train
doc_06738,comp.sys.ibm.pc.hardware,2,thread_group_03793,1,1,train
doc_06739,comp.sys.mac.hardware,3,thread_group_03794,1,1,train
doc_06740,sci.electronics,6,thread_group_03795,1,1,train
doc_06741,comp.os.ms-windows.misc,1,thread_group_03796,1,1,train
doc_06742,comp.os.ms-windows.misc,1,thread_group_00220,5,1,train
doc_06743,sci.electronics,6,thread_group_03797,3,1,train
doc_06744,sci.crypt,5,thread_group_01980,3,1,test
doc_06745,sci.crypt,5,thread_group_00118,234,1,train
doc_06746,comp.sys.mac.hardware,3,thread_group_03798,1,1,train
doc_06747,sci.electronics,6,thread_group_03799,1,1,train
doc_06748,sci.electronics,6,thread_group_03800,1,1,test
doc_06749,comp.windows.x,4,thread_group_03801,2,1,train
doc_06750,comp.sys.ibm.pc.hardware,2,thread_group_02065,5,1,train
doc_06751,comp.sys.mac.hardware,3,thread_group_03802,1,1,val
doc_06752,comp.os.ms-windows.misc,1,thread_group_03803,1,1,train
doc_06753,sci.crypt,5,thread_group_00118,234,1,train
doc_06754,comp.sys.ibm.pc.hardware,2,thread_group_03804,2,1,train
doc_06755,comp.sys.ibm.pc.hardware,2,thread_group_03805,2,1,test
doc_06756,sci.electronics,6,thread_group_00682,7,1,train
doc_06757,comp.sys.mac.hardware,3,thread_group_03806,1,1,train
doc_06758,comp.sys.mac.hardware,3,thread_group_01474,3,1,val
doc_06759,comp.os.ms-windows.misc,1,thread_group_03807,1,1,test
doc_06760,sci.electronics,6,thread_group_03808,1,1,val
doc_06761,sci.crypt,5,thread_group_00613,22,1,val
doc_06762,comp.os.ms-windows.misc,1,thread_group_03809,1,1,train
doc_06763,comp.windows.x,4,thread_group_03810,2,1,train
doc_06764,comp.sys.mac.hardware,3,thread_group_03811,1,1,train
doc_06765,comp.os.ms-windows.misc,1,thread_group_00934,4,1,val
doc_06766,sci.crypt,5,thread_group_00723,7,1,train
doc_06767,sci.crypt,5,thread_group_00118,234,1,train
doc_06768,comp.os.ms-windows.misc,1,thread_group_00413,10,1,train
doc_06769,sci.crypt,5,thread_group_03812,1,1,train
doc_06770,comp.windows.x,4,thread_group_01097,5,1,train
doc_06771,sci.electronics,6,thread_group_00019,8,1,train
doc_06772,comp.graphics,0,thread_group_03813,1,1,val
doc_06773,comp.sys.ibm.pc.hardware,2,thread_group_03814,1,1,train
doc_06774,comp.graphics,0,thread_group_03815,1,1,val
doc_06775,comp.os.ms-windows.misc,1,thread_group_00435,3,1,train
doc_06776,sci.electronics,6,thread_group_00255,17,1,train
doc_06777,sci.electronics,6,thread_group_02275,21,1,train
doc_06778,comp.graphics,0,thread_group_00181,3,1,test
doc_06779,comp.windows.x,4,thread_group_00505,4,1,train
doc_06780,comp.graphics,0,thread_group_00619,2,1,train
doc_06781,comp.windows.x,4,thread_group_03816,1,1,train
doc_06782,comp.graphics,0,thread_group_00511,5,1,train
doc_06783,comp.os.ms-windows.misc,1,thread_group_00286,8,1,test
doc_06784,comp.sys.mac.hardware,3,thread_group_00430,27,1,train
doc_06785,comp.sys.ibm.pc.hardware,2,thread_group_03817,1,1,train
doc_06786,sci.electronics,6,thread_group_03818,1,1,train
doc_06787,sci.crypt,5,thread_group_00260,10,1,train
doc_06788,sci.electronics,6,thread_group_03819,1,1,val
doc_06789,comp.os.ms-windows.misc,1,thread_group_00220,5,1,train
doc_06790,comp.sys.ibm.pc.hardware,2,thread_group_03820,1,1,train
doc_06791,sci.electronics,6,thread_group_02275,21,1,train
doc_06792,comp.sys.ibm.pc.hardware,2,thread_group_03821,1,1,test
doc_06793,sci.crypt,5,thread_group_01828,7,1,test
doc_06794,comp.graphics,0,thread_group_01800,4,1,train
doc_06795,sci.electronics,6,thread_group_00509,46,1,train
doc_06796,comp.sys.mac.hardware,3,thread_group_03822,1,1,test
doc_06797,comp.sys.ibm.pc.hardware,2,thread_group_03564,2,1,train
doc_06798,comp.windows.x,4,thread_group_00523,2,1,train
doc_06799,comp.sys.mac.hardware,3,thread_group_03823,1,1,train
doc_06800,comp.windows.x,4,thread_group_03824,1,1,train
doc_06801,sci.electronics,6,thread_group_01558,3,1,val
doc_06802,comp.graphics,0,thread_group_03825,1,1,test
doc_06803,sci.crypt,5,thread_group_00118,234,1,train
doc_06804,comp.sys.mac.hardware,3,thread_group_03826,1,1,train
doc_06805,sci.crypt,5,thread_group_01719,3,1,train
doc_06806,comp.sys.ibm.pc.hardware,2,thread_group_02473,3,1,train
doc_06807,comp.sys.mac.hardware,3,thread_group_00367,10,1,val
doc_06808,sci.electronics,6,thread_group_02135,4,1,test
doc_06809,comp.windows.x,4,thread_group_01247,14,1,train
doc_06810,sci.crypt,5,thread_group_03827,1,1,train
doc_06811,comp.windows.x,4,thread_group_03828,2,1,train
doc_06812,sci.electronics,6,thread_group_02275,21,1,train
doc_06813,comp.graphics,0,thread_group_03829,2,1,train
doc_06814,sci.crypt,5,thread_group_03830,1,1,test
doc_06815,sci.electronics,6,thread_group_03831,2,1,test
doc_06816,sci.electronics,6,thread_group_00349,3,1,train
doc_06817,comp.os.ms-windows.misc,1,thread_group_03832,1,1,train
doc_06818,comp.sys.ibm.pc.hardware,2,thread_group_03261,3,1,train
doc_06819,comp.sys.ibm.pc.hardware,2,thread_group_03804,2,1,train
doc_06820,sci.electronics,6,thread_group_02275,21,1,train
doc_06821,sci.electronics,6,thread_group_01151,4,1,train
doc_06822,comp.sys.ibm.pc.hardware,2,thread_group_03833,1,1,test
doc_06823,comp.graphics,0,thread_group_03834,1,1,val
doc_06824,comp.sys.mac.hardware,3,thread_group_03835,1,1,test
doc_06825,comp.sys.ibm.pc.hardware,2,thread_group_03836,2,1,train
doc_06826,sci.electronics,6,thread_group_03797,3,1,train
doc_06827,comp.graphics,0,thread_group_00422,2,1,val
doc_06828,comp.graphics,0,thread_group_03837,1,1,train
doc_06829,sci.crypt,5,thread_group_01756,8,1,test
doc_06830,comp.windows.x,4,thread_group_01224,4,1,train
doc_06831,sci.crypt,5,thread_group_00479,18,1,train
doc_06832,comp.sys.mac.hardware,3,thread_group_03838,1,1,train
doc_06833,comp.windows.x,4,thread_group_00205,26,1,test
doc_06834,comp.os.ms-windows.misc,1,thread_group_00212,7,1,train
doc_06835,comp.graphics,0,thread_group_01353,3,1,train
doc_06836,comp.graphics,0,thread_group_03839,1,1,train
doc_06837,sci.crypt,5,thread_group_03840,1,1,train
doc_06838,sci.crypt,5,thread_group_00723,7,1,train
doc_06839,comp.os.ms-windows.misc,1,thread_group_00059,5,1,train
doc_06840,comp.os.ms-windows.misc,1,thread_group_00279,3,1,train
doc_06841,comp.sys.mac.hardware,3,thread_group_00943,3,1,train
doc_06842,comp.windows.x,4,thread_group_01671,2,1,train
doc_06843,comp.sys.mac.hardware,3,thread_group_03209,2,1,val
doc_06844,comp.windows.x,4,thread_group_03841,1,1,train
doc_06845,sci.crypt,5,thread_group_00320,8,1,train
doc_06846,comp.graphics,0,thread_group_00390,9,1,test
doc_06847,comp.os.ms-windows.misc,1,thread_group_03394,2,1,train
doc_06848,comp.windows.x,4,thread_group_00918,14,1,train
doc_06849,comp.graphics,0,thread_group_00067,2,1,val
doc_06850,sci.electronics,6,thread_group_03842,1,1,train
doc_06851,sci.crypt,5,thread_group_00136,32,1,test
doc_06852,sci.crypt,5,thread_group_00118,234,1,train
doc_06853,comp.windows.x,4,thread_group_03843,2,1,train
doc_06854,comp.os.ms-windows.misc,1,thread_group_03844,1,1,test
doc_06855,comp.sys.mac.hardware,3,thread_group_03845,2,1,train
doc_06856,sci.electronics,6,thread_group_00509,46,1,train
doc_06857,comp.sys.ibm.pc.hardware,2,thread_group_00354,2,1,train
doc_06858,comp.sys.mac.hardware,3,thread_group_01351,2,1,train
doc_06859,comp.os.ms-windows.misc,1,thread_group_03846,1,1,train
doc_06860,comp.sys.mac.hardware,3,thread_group_03847,1,1,train
doc_06861,comp.sys.mac.hardware,3,thread_group_03848,1,1,test
doc_06862,comp.os.ms-windows.misc,1,thread_group_00412,4,1,val
doc_06863,comp.os.ms-windows.misc,1,thread_group_00339,4,1,test
doc_06864,comp.sys.mac.hardware,3,thread_group_03849,1,1,test
doc_06865,sci.crypt,5,thread_group_00131,9,1,test
doc_06866,comp.graphics,0,thread_group_03850,1,1,train
doc_06867,comp.windows.x,4,thread_group_02730,2,1,val
doc_06868,comp.graphics,0,thread_group_00953,2,1,val
doc_06869,comp.sys.ibm.pc.hardware,2,thread_group_03851,2,1,train
doc_06870,comp.os.ms-windows.misc,1,thread_group_00157,6,1,train
doc_06871,sci.electronics,6,thread_group_00509,46,1,train
doc_06872,sci.crypt,5,thread_group_00118,234,1,train
doc_06873,comp.os.ms-windows.misc,1,thread_group_03852,1,1,val
doc_06874,comp.sys.ibm.pc.hardware,2,thread_group_00155,3,1,train
doc_06875,comp.sys.ibm.pc.hardware,2,thread_group_00597,2,1,train
doc_06876,comp.sys.ibm.pc.hardware,2,thread_group_03853,2,1,train
doc_06877,comp.graphics,0,thread_group_01706,4,1,train
doc_06878,comp.sys.ibm.pc.hardware,2,thread_group_03854,1,1,val
doc_06879,comp.sys.ibm.pc.hardware,2,thread_group_03855,1,1,train
doc_06880,comp.graphics,0,thread_group_03856,2,1,train
doc_06881,comp.sys.ibm.pc.hardware,2,thread_group_00665,4,1,train
doc_06882,sci.electronics,6,thread_group_03857,1,1,test
doc_06883,sci.crypt,5,thread_group_00231,47,1,val
doc_06884,comp.sys.ibm.pc.hardware,2,thread_group_03858,1,1,train
doc_06885,sci.crypt,5,thread_group_00231,47,1,val
doc_06886,comp.graphics,0,thread_group_03859,2,1,train
doc_06887,comp.sys.mac.hardware,3,thread_group_03860,1,1,val
doc_06888,comp.sys.mac.hardware,3,thread_group_03861,1,1,train
doc_06889,comp.sys.mac.hardware,3,thread_group_03862,2,1,train
doc_06890,comp.os.ms-windows.misc,1,thread_group_03863,1,1,test
doc_06891,comp.os.ms-windows.misc,1,thread_group_00565,3,1,train
doc_06892,comp.os.ms-windows.misc,1,thread_group_03329,3,1,test
doc_06893,comp.windows.x,4,thread_group_03864,1,1,val
doc_06894,comp.sys.mac.hardware,3,thread_group_03865,1,1,val
doc_06895,comp.sys.ibm.pc.hardware,2,thread_group_03866,1,1,train
doc_06896,comp.graphics,0,thread_group_03867,1,1,train
doc_06897,comp.os.ms-windows.misc,1,thread_group_03868,1,1,train
doc_06898,comp.graphics,0,thread_group_01468,4,1,train
doc_06899,comp.sys.ibm.pc.hardware,2,thread_group_03869,1,1,val
doc_06900,comp.sys.ibm.pc.hardware,2,thread_group_03673,2,1,train
doc_06901,comp.sys.ibm.pc.hardware,2,thread_group_03870,1,1,train
doc_06902,comp.os.ms-windows.misc,1,thread_group_03871,1,1,train
doc_06903,comp.graphics,0,thread_group_03872,1,1,train
doc_06904,comp.sys.ibm.pc.hardware,2,thread_group_03873,1,1,test
doc_06905,comp.windows.x,4,thread_group_00918,14,1,train
doc_06906,sci.crypt,5,thread_group_02824,3,1,train
doc_06907,comp.windows.x,4,thread_group_03874,1,1,train
doc_06908,comp.sys.mac.hardware,3,thread_group_03875,1,1,train
doc_06909,comp.windows.x,4,thread_group_03876,1,1,train
doc_06910,comp.os.ms-windows.misc,1,thread_group_03877,1,1,val
doc_06911,sci.crypt,5,thread_group_00118,234,1,train
doc_06912,sci.electronics,6,thread_group_01128,3,1,train
doc_06913,sci.electronics,6,thread_group_03878,1,1,train
doc_06914,comp.sys.ibm.pc.hardware,2,thread_group_01933,4,1,train
doc_06915,sci.crypt,5,thread_group_00118,234,1,train
doc_06916,sci.electronics,6,thread_group_00615,6,1,train
doc_06917,comp.sys.ibm.pc.hardware,2,thread_group_03879,1,1,train
doc_06918,comp.graphics,0,thread_group_03880,1,1,test
doc_06919,comp.os.ms-windows.misc,1,thread_group_03881,1,1,val
doc_06920,comp.graphics,0,thread_group_00650,13,1,train
doc_06921,comp.sys.ibm.pc.hardware,2,thread_group_02065,5,1,train
doc_06922,comp.sys.mac.hardware,3,thread_group_03882,1,1,val
doc_06923,comp.sys.mac.hardware,3,thread_group_03883,1,1,train
doc_06924,sci.crypt,5,thread_group_02717,14,1,train
doc_06925,sci.electronics,6,thread_group_03884,1,1,train
doc_06926,comp.windows.x,4,thread_group_03885,2,1,val
doc_06927,sci.electronics,6,thread_group_03301,3,1,test
doc_06928,comp.graphics,0,thread_group_03886,1,1,train
doc_06929,sci.crypt,5,thread_group_00118,234,1,train
doc_06930,sci.electronics,6,thread_group_02507,2,1,train
doc_06931,comp.sys.mac.hardware,3,thread_group_03887,2,1,test
doc_06932,comp.sys.mac.hardware,3,thread_group_03888,2,1,train
doc_06933,sci.electronics,6,thread_group_03889,1,1,val
doc_06934,sci.electronics,6,thread_group_03890,1,1,train
doc_06935,sci.electronics,6,thread_group_03891,2,1,train
doc_06936,comp.graphics,0,thread_group_03892,1,1,train
