merged_token,attention_score,start_token_index,end_token_index,attention_score_normalized,lime_example_id,doc_id,true_label,baseline_pred,distilbert_pred,model_comparison_outcome
re,0.019549282267689705,1,1,0.02283204375166331,lime_example_01,doc_06125,sci.electronics,sci.electronics,sci.electronics,both_correct
:,0.013929870910942554,2,2,0.016269007615656503,lime_example_01,doc_06125,sci.electronics,sci.electronics,sci.electronics,both_correct
voice,0.018895676359534264,3,3,0.022068682801271024,lime_example_01,doc_06125,sci.electronics,sci.electronics,sci.electronics,both_correct
synth,0.028584599494934082,4,4,0.03338459271063746,lime_example_01,doc_06125,sci.electronics,sci.electronics,sci.electronics,both_correct
chips,0.03533432260155678,5,5,0.04126774520553643,lime_example_01,doc_06125,sci.electronics,sci.electronics,sci.electronics,both_correct
alltronics,0.07196186017245054,6,8,0.0840458650814007,lime_example_01,doc_06125,sci.electronics,sci.electronics,sci.electronics,both_correct
in,0.004678357858210802,9,9,0.005463958719402656,lime_example_01,doc_06125,sci.electronics,sci.electronics,sci.electronics,both_correct
san,0.0028282413259148598,10,10,0.0033031662651000038,lime_example_01,doc_06125,sci.electronics,sci.electronics,sci.electronics,both_correct
jose,0.007804619614034891,11,11,0.009115189706337646,lime_example_01,doc_06125,sci.electronics,sci.electronics,sci.electronics,both_correct
(,0.007686474826186895,12,12,0.00897720576768253,lime_example_01,doc_06125,sci.electronics,sci.electronics,sci.electronics,both_correct
408,0.025060421787202358,13,14,0.029268626788729664,lime_example_01,doc_06125,sci.electronics,sci.electronics,sci.electronics,both_correct
),0.0033630849793553352,15,15,0.00392782212348081,lime_example_01,doc_06125,sci.electronics,sci.electronics,sci.electronics,both_correct
943,0.012616445776075125,16,17,0.014735029041241486,lime_example_01,doc_06125,sci.electronics,sci.electronics,sci.electronics,both_correct
-,0.006698129698634148,18,18,0.007822895400425535,lime_example_01,doc_06125,sci.electronics,sci.electronics,sci.electronics,both_correct
9773,0.013647471787407994,19,21,0.015939187366724446,lime_example_01,doc_06125,sci.electronics,sci.electronics,sci.electronics,both_correct
sells,0.006346443202346563,22,22,0.00741215288005288,lime_example_01,doc_06125,sci.electronics,sci.electronics,sci.electronics,both_correct
the,0.01577942632138729,23,23,0.0184291447232062,lime_example_01,doc_06125,sci.electronics,sci.electronics,sci.electronics,both_correct
votrax,0.012902994407340884,24,26,0.015069695593008055,lime_example_01,doc_06125,sci.electronics,sci.electronics,sci.electronics,both_correct
sc,0.01505297888070345,27,27,0.01758071051872441,lime_example_01,doc_06125,sci.electronics,sci.electronics,sci.electronics,both_correct
-,0.010331963188946247,28,28,0.012066930761979,lime_example_01,doc_06125,sci.electronics,sci.electronics,sci.electronics,both_correct
01,0.01830008625984192,29,29,0.021373079810428325,lime_example_01,doc_06125,sci.electronics,sci.electronics,sci.electronics,both_correct
speech,0.009707198478281498,30,30,0.011337254090832414,lime_example_01,doc_06125,sci.electronics,sci.electronics,sci.electronics,both_correct
synthesis,0.014799784868955612,31,31,0.017284999572679077,lime_example_01,doc_06125,sci.electronics,sci.electronics,sci.electronics,both_correct
chip,0.035575833171606064,32,32,0.04154981079885839,lime_example_01,doc_06125,sci.electronics,sci.electronics,sci.electronics,both_correct
for,0.00032439964707009494,33,33,0.0003788735992200625,lime_example_01,doc_06125,sci.electronics,sci.electronics,sci.electronics,both_correct
about,0.0006944432971067727,34,34,0.0008110558497994891,lime_example_01,doc_06125,sci.electronics,sci.electronics,sci.electronics,both_correct
$,0.0003520379541441798,35,35,0.0004111529958596194,lime_example_01,doc_06125,sci.electronics,sci.electronics,sci.electronics,both_correct
5,0.0004710990178864449,36,36,0.0005502070736134533,lime_example_01,doc_06125,sci.electronics,sci.electronics,sci.electronics,both_correct
.,0.051278699189424515,37,37,0.0598895390321501,lime_example_01,doc_06125,sci.electronics,sci.electronics,sci.electronics,both_correct
00,0.0006142820930108428,38,38,0.0007174337876673545,lime_example_01,doc_06125,sci.electronics,sci.electronics,sci.electronics,both_correct
.,0.2220972329378128,39,39,0.2593923229570705,lime_example_01,doc_06125,sci.electronics,sci.electronics,sci.electronics,both_correct
also,0.0016013284912332892,40,40,0.0018702273399085886,lime_example_01,doc_06125,sci.electronics,sci.electronics,sci.electronics,both_correct
i,0.0039615812711417675,41,41,0.004626819321033217,lime_example_01,doc_06125,sci.electronics,sci.electronics,sci.electronics,both_correct
noticed,0.0026609620545059443,42,42,0.0031077970647755927,lime_example_01,doc_06125,sci.electronics,sci.electronics,sci.electronics,both_correct
that,0.0008559430134482682,43,43,0.0009996749785684557,lime_example_01,doc_06125,sci.electronics,sci.electronics,sci.electronics,both_correct
radio,0.0065668909810483456,44,44,0.007669618768536923,lime_example_01,doc_06125,sci.electronics,sci.electronics,sci.electronics,both_correct
shack,0.005299633368849754,45,45,0.006189560275843934,lime_example_01,doc_06125,sci.electronics,sci.electronics,sci.electronics,both_correct
sells,0.00107250374276191,46,46,0.0012526010951836575,lime_example_01,doc_06125,sci.electronics,sci.electronics,sci.electronics,both_correct
the,0.009791553020477295,47,47,0.011435773646266382,lime_example_01,doc_06125,sci.electronics,sci.electronics,sci.electronics,both_correct
isd,0.02203318476676941,48,49,0.025733049003788908,lime_example_01,doc_06125,sci.electronics,sci.electronics,sci.electronics,both_correct
chip,0.03660471364855766,50,50,0.04275146330677766,lime_example_01,doc_06125,sci.electronics,sci.electronics,sci.electronics,both_correct
which,0.0019136975752189755,51,51,0.002235050175579426,lime_example_01,doc_06125,sci.electronics,sci.electronics,sci.electronics,both_correct
will,0.0022774154786020517,52,52,0.0026598444452407156,lime_example_01,doc_06125,sci.electronics,sci.electronics,sci.electronics,both_correct
store,0.005038985516875982,53,53,0.0058851438231807066,lime_example_01,doc_06125,sci.electronics,sci.electronics,sci.electronics,both_correct
small,0.00045413532643578947,54,54,0.0005303947991735255,lime_example_01,doc_06125,sci.electronics,sci.electronics,sci.electronics,both_correct
amounts,0.0018392488127574325,55,55,0.0021480998017240887,lime_example_01,doc_06125,sci.electronics,sci.electronics,sci.electronics,both_correct
of,0.001654630876146257,56,56,0.0019324803867333455,lime_example_01,doc_06125,sci.electronics,sci.electronics,sci.electronics,both_correct
digitized,0.010560930706560612,57,58,0.01233434704398344,lime_example_01,doc_06125,sci.electronics,sci.electronics,sci.electronics,both_correct
speech,0.007409701589494944,59,59,0.008653956117751167,lime_example_01,doc_06125,sci.electronics,sci.electronics,sci.electronics,both_correct
.,0.045635323971509933,60,60,0.05329851496701416,lime_example_01,doc_06125,sci.electronics,sci.electronics,sci.electronics,both_correct
good,0.0006343587301671505,61,61,0.0007408817409815637,lime_example_01,doc_06125,sci.electronics,sci.electronics,sci.electronics,both_correct
luck,0.0010868184035643935,62,62,0.0012693195075149737,lime_example_01,doc_06125,sci.electronics,sci.electronics,sci.electronics,both_correct
re,0.00604650005698204,1,1,0.006463808777805477,lime_example_02,doc_05859,comp.os.ms-windows.misc,comp.os.ms-windows.misc,comp.os.ms-windows.misc,both_correct
:,0.006180318538099527,2,2,0.0066068629520762605,lime_example_02,doc_05859,comp.os.ms-windows.misc,comp.os.ms-windows.misc,comp.os.ms-windows.misc,both_correct
moving,0.01956074684858322,3,3,0.02091076258806998,lime_example_02,doc_05859,comp.os.ms-windows.misc,comp.os.ms-windows.misc,comp.os.ms-windows.misc,both_correct
icons,0.10583814233541489,4,4,0.11314272835643376,lime_example_02,doc_05859,comp.os.ms-windows.misc,comp.os.ms-windows.misc,comp.os.ms-windows.misc,both_correct
<,0.00025639566592872143,5,5,0.0002740912164728477,lime_example_02,doc_05859,comp.os.ms-windows.misc,comp.os.ms-windows.misc,comp.os.ms-windows.misc,both_correct
email,0.0008429277804680169,6,6,0.0009011037683120027,lime_example_02,doc_05859,comp.os.ms-windows.misc,comp.os.ms-windows.misc,comp.os.ms-windows.misc,both_correct
>,0.0002003533736569807,7,7,0.0002141810771690164,lime_example_02,doc_05859,comp.os.ms-windows.misc,comp.os.ms-windows.misc,comp.os.ms-windows.misc,both_correct
(,0.0013319049030542374,8,8,0.0014238284168413932,lime_example_02,doc_05859,comp.os.ms-windows.misc,comp.os.ms-windows.misc,comp.os.ms-windows.misc,both_correct
kirk,0.0017595960525795817,9,9,0.0018810373443926937,lime_example_02,doc_05859,comp.os.ms-windows.misc,comp.os.ms-windows.misc,comp.os.ms-windows.misc,both_correct
membry,0.0021347576985135674,10,12,0.002282091361961729,lime_example_02,doc_05859,comp.os.ms-windows.misc,comp.os.ms-windows.misc,comp.os.ms-windows.misc,both_correct
),0.058606892824172974,13,13,0.06265173980100391,lime_example_02,doc_05859,comp.os.ms-windows.misc,comp.os.ms-windows.misc,comp.os.ms-windows.misc,both_correct
writes,0.0008088100585155189,14,14,0.0008646313580652467,lime_example_02,doc_05859,comp.os.ms-windows.misc,comp.os.ms-windows.misc,comp.os.ms-windows.misc,both_correct
:,0.00011084379366366193,15,15,0.00011849385259181603,lime_example_02,doc_05859,comp.os.ms-windows.misc,comp.os.ms-windows.misc,comp.os.ms-windows.misc,both_correct
>,0.0003228931745979935,16,16,0.00034517815539420013,lime_example_02,doc_05859,comp.os.ms-windows.misc,comp.os.ms-windows.misc,comp.os.ms-windows.misc,both_correct
i,0.0005528877372853458,17,17,0.0005910461549205343,lime_example_02,doc_05859,comp.os.ms-windows.misc,comp.os.ms-windows.misc,comp.os.ms-windows.misc,both_correct
remember,0.003010026877745986,18,18,0.003217768621590986,lime_example_02,doc_05859,comp.os.ms-windows.misc,comp.os.ms-windows.misc,comp.os.ms-windows.misc,both_correct
reading,0.0006293522892519832,19,19,0.000672788028324172,lime_example_02,doc_05859,comp.os.ms-windows.misc,comp.os.ms-windows.misc,comp.os.ms-windows.misc,both_correct
about,0.0008564553572796285,20,20,0.0009155649721345949,lime_example_02,doc_05859,comp.os.ms-windows.misc,comp.os.ms-windows.misc,comp.os.ms-windows.misc,both_correct
a,0.0007876402232795954,21,21,0.0008420004533214935,lime_example_02,doc_05859,comp.os.ms-windows.misc,comp.os.ms-windows.misc,comp.os.ms-windows.misc,both_correct
program,0.011737539432942867,22,22,0.012547624196064632,lime_example_02,doc_05859,comp.os.ms-windows.misc,comp.os.ms-windows.misc,comp.os.ms-windows.misc,both_correct
that,0.0005312537541612983,23,23,0.0005679190683914207,lime_example_02,doc_05859,comp.os.ms-windows.misc,comp.os.ms-windows.misc,comp.os.ms-windows.misc,both_correct
made,0.0006325527210719883,24,24,0.0006762093429848788,lime_example_02,doc_05859,comp.os.ms-windows.misc,comp.os.ms-windows.misc,comp.os.ms-windows.misc,both_correct
windows,0.30534180998802185,25,25,0.3264154557234382,lime_example_02,doc_05859,comp.os.ms-windows.misc,comp.os.ms-windows.misc,comp.os.ms-windows.misc,both_correct
icons,0.048932675272226334,26,26,0.05230984089397174,lime_example_02,doc_05859,comp.os.ms-windows.misc,comp.os.ms-windows.misc,comp.os.ms-windows.misc,both_correct
run,0.0001782423205440864,27,27,0.00019054399491469406,lime_example_02,doc_05859,comp.os.ms-windows.misc,comp.os.ms-windows.misc,comp.os.ms-windows.misc,both_correct
away,9.07003995962441e-05,28,28,9.696023046980488e-05,lime_example_02,doc_05859,comp.os.ms-windows.misc,comp.os.ms-windows.misc,comp.os.ms-windows.misc,both_correct
>,0.00016340349975507706,29,29,0.0001746810495472289,lime_example_02,doc_05859,comp.os.ms-windows.misc,comp.os.ms-windows.misc,comp.os.ms-windows.misc,both_correct
from,3.30593938997481e-05,30,30,3.53410400172523e-05,lime_example_02,doc_05859,comp.os.ms-windows.misc,comp.os.ms-windows.misc,comp.os.ms-windows.misc,both_correct
the,0.0022537922486662865,31,31,0.0024093412689969247,lime_example_02,doc_05859,comp.os.ms-windows.misc,comp.os.ms-windows.misc,comp.os.ms-windows.misc,both_correct
mouse,0.011116641573607922,32,32,0.011883874093448571,lime_example_02,doc_05859,comp.os.ms-windows.misc,comp.os.ms-windows.misc,comp.os.ms-windows.misc,both_correct
as,0.0005455393111333251,33,33,0.0005831905655685358,lime_example_02,doc_05859,comp.os.ms-windows.misc,comp.os.ms-windows.misc,comp.os.ms-windows.misc,both_correct
it,0.0011533579090610147,34,34,0.001232958720959804,lime_example_02,doc_05859,comp.os.ms-windows.misc,comp.os.ms-windows.misc,comp.os.ms-windows.misc,both_correct
moved,0.000506019510794431,35,35,0.0005409432439907098,lime_example_02,doc_05859,comp.os.ms-windows.misc,comp.os.ms-windows.misc,comp.os.ms-windows.misc,both_correct
near,0.0006524806376546621,36,36,0.0006975126161042963,lime_example_02,doc_05859,comp.os.ms-windows.misc,comp.os.ms-windows.misc,comp.os.ms-windows.misc,both_correct
them,0.006210748106241226,37,37,0.006639392664770469,lime_example_02,doc_05859,comp.os.ms-windows.misc,comp.os.ms-windows.misc,comp.os.ms-windows.misc,both_correct
.,0.017035657539963722,38,38,0.0182114002654069,lime_example_02,doc_05859,comp.os.ms-windows.misc,comp.os.ms-windows.misc,comp.os.ms-windows.misc,both_correct
does,9.239448263542727e-05,39,39,9.877123331704028e-05,lime_example_02,doc_05859,comp.os.ms-windows.misc,comp.os.ms-windows.misc,comp.os.ms-windows.misc,both_correct
anyone,6.288510485319421e-05,40,40,6.72252193686702e-05,lime_example_02,doc_05859,comp.os.ms-windows.misc,comp.os.ms-windows.misc,comp.os.ms-windows.misc,both_correct
know,0.0001820595789467916,41,41,0.0001946247074158154,lime_example_02,doc_05859,comp.os.ms-windows.misc,comp.os.ms-windows.misc,comp.os.ms-windows.misc,both_correct
the,0.0015244473470374942,42,42,0.0016296594807280087,lime_example_02,doc_05859,comp.os.ms-windows.misc,comp.os.ms-windows.misc,comp.os.ms-windows.misc,both_correct
name,0.00028532135183922946,43,43,0.0003050132541360223,lime_example_02,doc_05859,comp.os.ms-windows.misc,comp.os.ms-windows.misc,comp.os.ms-windows.misc,both_correct
>,0.0009465873590670526,44,44,0.0010119175759259393,lime_example_02,doc_05859,comp.os.ms-windows.misc,comp.os.ms-windows.misc,comp.os.ms-windows.misc,both_correct
of,0.000183457275852561,45,45,0.0001961188685740199,lime_example_02,doc_05859,comp.os.ms-windows.misc,comp.os.ms-windows.misc,comp.os.ms-windows.misc,both_correct
this,0.0006100476603023708,46,46,0.0006521510600150931,lime_example_02,doc_05859,comp.os.ms-windows.misc,comp.os.ms-windows.misc,comp.os.ms-windows.misc,both_correct
program,0.007295373361557722,47,47,0.0077988750396773745,lime_example_02,doc_05859,comp.os.ms-windows.misc,comp.os.ms-windows.misc,comp.os.ms-windows.misc,both_correct
and,0.00015414657536894083,48,48,0.00016478524395081682,lime_example_02,doc_05859,comp.os.ms-windows.misc,comp.os.ms-windows.misc,comp.os.ms-windows.misc,both_correct
the,0.00031549707637168467,49,49,0.0003372716038046533,lime_example_02,doc_05859,comp.os.ms-windows.misc,comp.os.ms-windows.misc,comp.os.ms-windows.misc,both_correct
ftp,0.004081804305315018,50,51,0.00436351645569128,lime_example_02,doc_05859,comp.os.ms-windows.misc,comp.os.ms-windows.misc,comp.os.ms-windows.misc,both_correct
location,0.00041794744902290404,52,52,0.0004467927502185548,lime_example_02,doc_05859,comp.os.ms-windows.misc,comp.os.ms-windows.misc,comp.os.ms-windows.misc,both_correct
(,0.00044738806900568306,53,53,0.0004782652609396918,lime_example_02,doc_05859,comp.os.ms-windows.misc,comp.os.ms-windows.misc,comp.os.ms-windows.misc,both_correct
probably,0.0002583198656793684,54,54,0.000276148217898676,lime_example_02,doc_05859,comp.os.ms-windows.misc,comp.os.ms-windows.misc,comp.os.ms-windows.misc,both_correct
at,0.0003276303468737751,55,55,0.0003502422710726274,lime_example_02,doc_05859,comp.os.ms-windows.misc,comp.os.ms-windows.misc,comp.os.ms-windows.misc,both_correct
cica,0.0006119224999565631,56,57,0.0006541552946796992,lime_example_02,doc_05859,comp.os.ms-windows.misc,comp.os.ms-windows.misc,comp.os.ms-windows.misc,both_correct
),0.019931571558117867,58,58,0.02130718034874616,lime_example_02,doc_05859,comp.os.ms-windows.misc,comp.os.ms-windows.misc,comp.os.ms-windows.misc,both_correct
as,0.00022536650067195296,59,59,0.00024092052452468873,lime_example_02,doc_05859,comp.os.ms-windows.misc,comp.os.ms-windows.misc,comp.os.ms-windows.misc,both_correct
i,0.0005231539835222065,60,60,0.0005592602793296863,lime_example_02,doc_05859,comp.os.ms-windows.misc,comp.os.ms-windows.misc,comp.os.ms-windows.misc,both_correct
remember,0.0012260526418685913,61,61,0.0013106705952000515,lime_example_02,doc_05859,comp.os.ms-windows.misc,comp.os.ms-windows.misc,comp.os.ms-windows.misc,both_correct
it,0.00010166063293581828,62,62,0.00010867690156870442,lime_example_02,doc_05859,comp.os.ms-windows.misc,comp.os.ms-windows.misc,comp.os.ms-windows.misc,both_correct
",",0.001898308633826673,63,63,0.00202932339281862,lime_example_02,doc_05859,comp.os.ms-windows.misc,comp.os.ms-windows.misc,comp.os.ms-windows.misc,both_correct
the,0.00017014746845234185,64,64,0.00018189046386159563,lime_example_02,doc_05859,comp.os.ms-windows.misc,comp.os.ms-windows.misc,comp.os.ms-windows.misc,both_correct
name,0.0001940357033163309,65,65,0.00020742738286349518,lime_example_02,doc_05859,comp.os.ms-windows.misc,comp.os.ms-windows.misc,comp.os.ms-windows.misc,both_correct
of,8.820907532935962e-05,66,66,9.429696353639063e-05,lime_example_02,doc_05859,comp.os.ms-windows.misc,comp.os.ms-windows.misc,comp.os.ms-windows.misc,both_correct
the,0.00036862390697933733,67,67,0.00039406506626765215,lime_example_02,doc_05859,comp.os.ms-windows.misc,comp.os.ms-windows.misc,comp.os.ms-windows.misc,both_correct
program,0.010967359878122807,68,68,0.011724289486725853,lime_example_02,doc_05859,comp.os.ms-windows.misc,comp.os.ms-windows.misc,comp.os.ms-windows.misc,both_correct
your,0.0025008174125105143,69,69,0.002673415263431338,lime_example_02,doc_05859,comp.os.ms-windows.misc,comp.os.ms-windows.misc,comp.os.ms-windows.misc,both_correct
looking,0.007980689406394958,70,70,0.008531489250285827,lime_example_02,doc_05859,comp.os.ms-windows.misc,comp.os.ms-windows.misc,comp.os.ms-windows.misc,both_correct
for,0.002353632589802146,71,71,0.0025160722484612948,lime_example_02,doc_05859,comp.os.ms-windows.misc,comp.os.ms-windows.misc,comp.os.ms-windows.misc,both_correct
is,0.0003777585516218096,72,72,0.00040383015279137855,lime_example_02,doc_05859,comp.os.ms-windows.misc,comp.os.ms-windows.misc,comp.os.ms-windows.misc,both_correct
called,0.00033406700822524726,73,73,0.00035712316874091804,lime_example_02,doc_05859,comp.os.ms-windows.misc,comp.os.ms-windows.misc,comp.os.ms-windows.misc,both_correct
icofrite,0.18271956592798233,74,76,0.19533024443757263,lime_example_02,doc_05859,comp.os.ms-windows.misc,comp.os.ms-windows.misc,comp.os.ms-windows.misc,both_correct
.,0.0005026313592679799,77,77,0.0005373212538524775,lime_example_02,doc_05859,comp.os.ms-windows.misc,comp.os.ms-windows.misc,comp.os.ms-windows.misc,both_correct
cica,0.0006457386043621227,78,79,0.0006903052707696592,lime_example_02,doc_05859,comp.os.ms-windows.misc,comp.os.ms-windows.misc,comp.os.ms-windows.misc,both_correct
was,0.0002330504503333941,80,80,0.00024913479406934644,lime_example_02,doc_05859,comp.os.ms-windows.misc,comp.os.ms-windows.misc,comp.os.ms-windows.misc,both_correct
where,0.00030707500991411507,81,81,0.000328268275171118,lime_example_02,doc_05859,comp.os.ms-windows.misc,comp.os.ms-windows.misc,comp.os.ms-windows.misc,both_correct
i,0.000499397108796984,82,82,0.000533863786493339,lime_example_02,doc_05859,comp.os.ms-windows.misc,comp.os.ms-windows.misc,comp.os.ms-windows.misc,both_correct
saw,0.0011323313228785992,83,83,0.0012104809518285128,lime_example_02,doc_05859,comp.os.ms-windows.misc,comp.os.ms-windows.misc,comp.os.ms-windows.misc,both_correct
it,0.0006241964874789119,84,84,0.0006672763907746245,lime_example_02,doc_05859,comp.os.ms-windows.misc,comp.os.ms-windows.misc,comp.os.ms-windows.misc,both_correct
last,0.00040234430343843997,85,85,0.00043011272897655134,lime_example_02,doc_05859,comp.os.ms-windows.misc,comp.os.ms-windows.misc,comp.os.ms-windows.misc,both_correct
.,0.0031474102288484573,86,86,0.0033646337009611694,lime_example_02,doc_05859,comp.os.ms-windows.misc,comp.os.ms-windows.misc,comp.os.ms-windows.misc,both_correct
it,0.0001418269966961816,87,87,0.00015161541016045838,lime_example_02,doc_05859,comp.os.ms-windows.misc,comp.os.ms-windows.misc,comp.os.ms-windows.misc,both_correct
was,0.0001431584096280858,88,88,0.00015303871265198626,lime_example_02,doc_05859,comp.os.ms-windows.misc,comp.os.ms-windows.misc,comp.os.ms-windows.misc,both_correct
quite,0.0003233531897421926,89,89,0.00034566991920780736,lime_example_02,doc_05859,comp.os.ms-windows.misc,comp.os.ms-windows.misc,comp.os.ms-windows.misc,both_correct
a,0.00010437302989885211,90,90,0.00011157649887844161,lime_example_02,doc_05859,comp.os.ms-windows.misc,comp.os.ms-windows.misc,comp.os.ms-windows.misc,both_correct
while,0.000422037293901667,91,91,0.00045116486218052933,lime_example_02,doc_05859,comp.os.ms-windows.misc,comp.os.ms-windows.misc,comp.os.ms-windows.misc,both_correct
ago,0.00034142701770178974,92,92,0.0003649911408588166,lime_example_02,doc_05859,comp.os.ms-windows.misc,comp.os.ms-windows.misc,comp.os.ms-windows.misc,both_correct
.,0.010026213712990284,93,93,0.010718188637300254,lime_example_02,doc_05859,comp.os.ms-windows.misc,comp.os.ms-windows.misc,comp.os.ms-windows.misc,both_correct
richard,0.00031969172414392233,94,94,0.00034175575179679356,lime_example_02,doc_05859,comp.os.ms-windows.misc,comp.os.ms-windows.misc,comp.os.ms-windows.misc,both_correct
calderon,0.00012707650603260845,95,95,0.00013584689116110017,lime_example_02,doc_05859,comp.os.ms-windows.misc,comp.os.ms-windows.misc,comp.os.ms-windows.misc,both_correct
:,0.00014146258763503283,96,96,0.00015122585083424199,lime_example_02,doc_05859,comp.os.ms-windows.misc,comp.os.ms-windows.misc,comp.os.ms-windows.misc,both_correct
<,0.00014598855341318995,97,97,0.0001560641832660953,lime_example_02,doc_05859,comp.os.ms-windows.misc,comp.os.ms-windows.misc,comp.os.ms-windows.misc,both_correct
email,0.00011191148223588243,98,98,0.00011963522937177857,lime_example_02,doc_05859,comp.os.ms-windows.misc,comp.os.ms-windows.misc,comp.os.ms-windows.misc,both_correct
>,6.514781125588343e-05,99,99,6.964409001606407e-05,lime_example_02,doc_05859,comp.os.ms-windows.misc,comp.os.ms-windows.misc,comp.os.ms-windows.misc,both_correct
*,0.0001339617883786559,100,100,0.00014320737210819938,lime_example_02,doc_05859,comp.os.ms-windows.misc,comp.os.ms-windows.misc,comp.os.ms-windows.misc,both_correct
university,8.51054210215807e-05,101,101,9.097910564027933e-05,lime_example_02,doc_05859,comp.os.ms-windows.misc,comp.os.ms-windows.misc,comp.os.ms-windows.misc,both_correct
of,9.512205724604428e-05,102,102,0.00010168705578360376,lime_example_02,doc_05859,comp.os.ms-windows.misc,comp.os.ms-windows.misc,comp.os.ms-windows.misc,both_correct
miami,0.00016603049880359322,103,103,0.00017748935507093063,lime_example_02,doc_05859,comp.os.ms-windows.misc,comp.os.ms-windows.misc,comp.os.ms-windows.misc,both_correct
school,6.174916052259505e-05,104,104,6.601087605170511e-05,lime_example_02,doc_05859,comp.os.ms-windows.misc,comp.os.ms-windows.misc,comp.os.ms-windows.misc,both_correct
of,0.00027398712700232863,105,105,0.0002928967799278094,lime_example_02,doc_05859,comp.os.ms-windows.misc,comp.os.ms-windows.misc,comp.os.ms-windows.misc,both_correct
medicine,0.000971553148701787,106,106,0.0010386064188375502,lime_example_02,doc_05859,comp.os.ms-windows.misc,comp.os.ms-windows.misc,comp.os.ms-windows.misc,both_correct
*,0.0006216217880137265,107,107,0.0006645239943723356,lime_example_02,doc_05859,comp.os.ms-windows.misc,comp.os.ms-windows.misc,comp.os.ms-windows.misc,both_correct
information,0.0009279416990466416,108,108,0.0009919850563241673,lime_example_02,doc_05859,comp.os.ms-windows.misc,comp.os.ms-windows.misc,comp.os.ms-windows.misc,both_correct
systems,0.0006680122460238636,109,109,0.0007141161628775002,lime_example_02,doc_05859,comp.os.ms-windows.misc,comp.os.ms-windows.misc,comp.os.ms-windows.misc,both_correct
computing,0.0002210527309216559,110,110,0.00023630903316363197,lime_example_02,doc_05859,comp.os.ms-windows.misc,comp.os.ms-windows.misc,comp.os.ms-windows.misc,both_correct
*,6.68467691866681e-05,111,111,7.146030420321971e-05,lime_example_02,doc_05859,comp.os.ms-windows.misc,comp.os.ms-windows.misc,comp.os.ms-windows.misc,both_correct
1029,0.00029053993057459593,112,113,0.0003105920012987515,lime_example_02,doc_05859,comp.os.ms-windows.misc,comp.os.ms-windows.misc,comp.os.ms-windows.misc,both_correct
nw,0.00023775380395818502,114,114,0.000254162757049342,lime_example_02,doc_05859,comp.os.ms-windows.misc,comp.os.ms-windows.misc,comp.os.ms-windows.misc,both_correct
15,0.00023581918503623456,115,115,0.00025209461735669914,lime_example_02,doc_05859,comp.os.ms-windows.misc,comp.os.ms-windows.misc,comp.os.ms-windows.misc,both_correct
st,7.650482439203188e-05,116,116,8.17849252938742e-05,lime_example_02,doc_05859,comp.os.ms-windows.misc,comp.os.ms-windows.misc,comp.os.ms-windows.misc,both_correct
.,0.03999650850892067,117,117,0.04275693051271905,lime_example_02,doc_05859,comp.os.ms-windows.misc,comp.os.ms-windows.misc,comp.os.ms-windows.misc,both_correct
*,9.232748561771587e-05,118,118,9.869961239467386e-05,lime_example_02,doc_05859,comp.os.ms-windows.misc,comp.os.ms-windows.misc,comp.os.ms-windows.misc,both_correct
miami,0.00023408274864777923,119,119,0.00025023833807711194,lime_example_02,doc_05859,comp.os.ms-windows.misc,comp.os.ms-windows.misc,comp.os.ms-windows.misc,both_correct
",",0.0007526916451752186,120,120,0.0008046398440774669,lime_example_02,doc_05859,comp.os.ms-windows.misc,comp.os.ms-windows.misc,comp.os.ms-windows.misc,both_correct
florida,0.000386288040317595,121,121,0.0004129483175780218,lime_example_02,doc_05859,comp.os.ms-windows.misc,comp.os.ms-windows.misc,comp.os.ms-windows.misc,both_correct
33136,0.0018290867446921766,122,123,0.0019553240460250696,lime_example_02,doc_05859,comp.os.ms-windows.misc,comp.os.ms-windows.misc,comp.os.ms-windows.misc,both_correct
*,0.00039559113793075085,124,124,0.00042289348311940974,lime_example_02,doc_05859,comp.os.ms-windows.misc,comp.os.ms-windows.misc,comp.os.ms-windows.misc,both_correct
re,0.0009189339471049607,1,1,0.000955803503326405,lime_example_03,doc_00547,comp.os.ms-windows.misc,comp.windows.x,comp.os.ms-windows.misc,baseline_wrong_distilbert_correct
:,0.0003806238528341055,2,2,0.00039589527967114985,lime_example_03,doc_00547,comp.os.ms-windows.misc,comp.windows.x,comp.os.ms-windows.misc,baseline_wrong_distilbert_correct
using,0.00045165084884501994,3,3,0.0004697720276483671,lime_example_03,doc_00547,comp.os.ms-windows.misc,comp.windows.x,comp.os.ms-windows.misc,baseline_wrong_distilbert_correct
microsoft,0.34254613518714905,4,4,0.3562898041739239,lime_example_03,doc_00547,comp.os.ms-windows.misc,comp.windows.x,comp.os.ms-windows.misc,baseline_wrong_distilbert_correct
foundation,0.023706862702965736,5,5,0.024658031728786067,lime_example_03,doc_00547,comp.os.ms-windows.misc,comp.windows.x,comp.os.ms-windows.misc,baseline_wrong_distilbert_correct
classes,0.01617012359201908,6,6,0.01681890284624284,lime_example_03,doc_00547,comp.os.ms-windows.misc,comp.windows.x,comp.os.ms-windows.misc,baseline_wrong_distilbert_correct
with,0.0003848451597150415,7,7,0.0004002859542328261,lime_example_03,doc_00547,comp.os.ms-windows.misc,comp.windows.x,comp.os.ms-windows.misc,baseline_wrong_distilbert_correct
borland,0.003946247394196689,8,9,0.00410457911175097,lime_example_03,doc_00547,comp.os.ms-windows.misc,comp.windows.x,comp.os.ms-windows.misc,baseline_wrong_distilbert_correct
c,0.003491397248581052,10,10,0.0036314794248392024,lime_example_03,doc_00547,comp.os.ms-windows.misc,comp.windows.x,comp.os.ms-windows.misc,baseline_wrong_distilbert_correct
+,0.0025367646012455225,11,11,0.002638544914597586,lime_example_03,doc_00547,comp.os.ms-windows.misc,comp.windows.x,comp.os.ms-windows.misc,baseline_wrong_distilbert_correct
+,0.0018485551699995995,12,12,0.0019227230783497708,lime_example_03,doc_00547,comp.os.ms-windows.misc,comp.windows.x,comp.os.ms-windows.misc,baseline_wrong_distilbert_correct
3,0.0017377766780555248,13,13,0.0018074999210957177,lime_example_03,doc_00547,comp.os.ms-windows.misc,comp.windows.x,comp.os.ms-windows.misc,baseline_wrong_distilbert_correct
.,0.001788903959095478,14,14,0.0018606785358236807,lime_example_03,doc_00547,comp.os.ms-windows.misc,comp.windows.x,comp.os.ms-windows.misc,baseline_wrong_distilbert_correct
1,0.000993632129393518,15,15,0.001033498733270242,lime_example_03,doc_00547,comp.os.ms-windows.misc,comp.windows.x,comp.os.ms-windows.misc,baseline_wrong_distilbert_correct
hi,0.0003347106685396284,16,16,0.00034813996217984857,lime_example_03,doc_00547,comp.os.ms-windows.misc,comp.windows.x,comp.os.ms-windows.misc,baseline_wrong_distilbert_correct
all,0.00036511864163912833,17,17,0.0003797679669011035,lime_example_03,doc_00547,comp.os.ms-windows.misc,comp.windows.x,comp.os.ms-windows.misc,baseline_wrong_distilbert_correct
",",0.016419842839241028,18,18,0.017078641353123255,lime_example_03,doc_00547,comp.os.ms-windows.misc,comp.windows.x,comp.os.ms-windows.misc,baseline_wrong_distilbert_correct
has,9.8743214039132e-05,19,19,0.00010270499877128975,lime_example_03,doc_00547,comp.os.ms-windows.misc,comp.windows.x,comp.os.ms-windows.misc,baseline_wrong_distilbert_correct
anybody,7.881972851464525e-05,20,20,8.198214124407483e-05,lime_example_03,doc_00547,comp.os.ms-windows.misc,comp.windows.x,comp.os.ms-windows.misc,baseline_wrong_distilbert_correct
tried,3.7173827877268195e-05,21,21,3.8665319775249727e-05,lime_example_03,doc_00547,comp.os.ms-windows.misc,comp.windows.x,comp.os.ms-windows.misc,baseline_wrong_distilbert_correct
to,0.00010036808089353144,22,22,0.00010439505868992344,lime_example_03,doc_00547,comp.os.ms-windows.misc,comp.windows.x,comp.os.ms-windows.misc,baseline_wrong_distilbert_correct
compile,0.0014105515438131988,23,24,0.0014671458285403095,lime_example_03,doc_00547,comp.os.ms-windows.misc,comp.windows.x,comp.os.ms-windows.misc,baseline_wrong_distilbert_correct
ctrltest,0.019852373749017715,25,27,0.02064889259825001,lime_example_03,doc_00547,comp.os.ms-windows.misc,comp.windows.x,comp.os.ms-windows.misc,baseline_wrong_distilbert_correct
from,0.0001509214489487931,28,28,0.0001569767338412162,lime_example_03,doc_00547,comp.os.ms-windows.misc,comp.windows.x,comp.os.ms-windows.misc,baseline_wrong_distilbert_correct
the,0.0005076920497231185,29,29,0.0005280617189789099,lime_example_03,doc_00547,comp.os.ms-windows.misc,comp.windows.x,comp.os.ms-windows.misc,baseline_wrong_distilbert_correct
mfc,0.01926208520308137,30,31,0.02003492043849154,lime_example_03,doc_00547,comp.os.ms-windows.misc,comp.windows.x,comp.os.ms-windows.misc,baseline_wrong_distilbert_correct
/,0.002061442704871297,32,32,0.00214415210737404,lime_example_03,doc_00547,comp.os.ms-windows.misc,comp.windows.x,comp.os.ms-windows.misc,baseline_wrong_distilbert_correct
samples,0.03308917582035065,33,33,0.034416782915586544,lime_example_03,doc_00547,comp.os.ms-windows.misc,comp.windows.x,comp.os.ms-windows.misc,baseline_wrong_distilbert_correct
directory,0.0026457917410880327,34,34,0.002751946451832587,lime_example_03,doc_00547,comp.os.ms-windows.misc,comp.windows.x,comp.os.ms-windows.misc,baseline_wrong_distilbert_correct
",",0.004641637671738863,35,35,0.004827869904900887,lime_example_03,doc_00547,comp.os.ms-windows.misc,comp.windows.x,comp.os.ms-windows.misc,baseline_wrong_distilbert_correct
after,8.086564048426226e-05,36,36,8.411013949054075e-05,lime_example_03,doc_00547,comp.os.ms-windows.misc,comp.windows.x,comp.os.ms-windows.misc,baseline_wrong_distilbert_correct
compiling,0.0004421535413712263,37,37,0.0004598936682905283,lime_example_03,doc_00547,comp.os.ms-windows.misc,comp.windows.x,comp.os.ms-windows.misc,baseline_wrong_distilbert_correct
the,0.0003417021653149277,38,38,0.00035541197246130465,lime_example_03,doc_00547,comp.os.ms-windows.misc,comp.windows.x,comp.os.ms-windows.misc,baseline_wrong_distilbert_correct
mfc,0.029155039228498936,39,40,0.030324800516957223,lime_example_03,doc_00547,comp.os.ms-windows.misc,comp.windows.x,comp.os.ms-windows.misc,baseline_wrong_distilbert_correct
-,0.0007381204632110894,41,41,0.0007677354034386174,lime_example_03,doc_00547,comp.os.ms-windows.misc,comp.windows.x,comp.os.ms-windows.misc,baseline_wrong_distilbert_correct
libs,0.008975067408755422,42,43,0.009335165926674865,lime_example_03,doc_00547,comp.os.ms-windows.misc,comp.windows.x,comp.os.ms-windows.misc,baseline_wrong_distilbert_correct
with,0.00043186568655073643,44,44,0.00044919304316930344,lime_example_03,doc_00547,comp.os.ms-windows.misc,comp.windows.x,comp.os.ms-windows.misc,baseline_wrong_distilbert_correct
bwc,0.03062781598418951,45,46,0.03185666816331153,lime_example_03,doc_00547,comp.os.ms-windows.misc,comp.windows.x,comp.os.ms-windows.misc,baseline_wrong_distilbert_correct
?,0.00014156986435409635,47,47,0.00014724994406984705,lime_example_03,doc_00547,comp.os.ms-windows.misc,comp.windows.x,comp.os.ms-windows.misc,baseline_wrong_distilbert_correct
seems,0.00035094493068754673,48,48,0.00036502557695530015,lime_example_03,doc_00547,comp.os.ms-windows.misc,comp.windows.x,comp.os.ms-windows.misc,baseline_wrong_distilbert_correct
to,0.000127226478070952,49,49,0.00013233107106250632,lime_example_03,doc_00547,comp.os.ms-windows.misc,comp.windows.x,comp.os.ms-windows.misc,baseline_wrong_distilbert_correct
me,0.0005710326950065792,50,50,0.0005939437237254074,lime_example_03,doc_00547,comp.os.ms-windows.misc,comp.windows.x,comp.os.ms-windows.misc,baseline_wrong_distilbert_correct
",",0.022041192278265953,51,51,0.0229255311150794,lime_example_03,doc_00547,comp.os.ms-windows.misc,comp.windows.x,comp.os.ms-windows.misc,baseline_wrong_distilbert_correct
that,0.00013038518954999745,52,52,0.00013561651666736232,lime_example_03,doc_00547,comp.os.ms-windows.misc,comp.windows.x,comp.os.ms-windows.misc,baseline_wrong_distilbert_correct
bwc,0.012658496852964163,53,54,0.013166382281367028,lime_example_03,doc_00547,comp.os.ms-windows.misc,comp.windows.x,comp.os.ms-windows.misc,baseline_wrong_distilbert_correct
isn,0.00011684966739267111,55,55,0.00012153792098800714,lime_example_03,doc_00547,comp.os.ms-windows.misc,comp.windows.x,comp.os.ms-windows.misc,baseline_wrong_distilbert_correct
',0.01281037274748087,56,56,0.013324351755133045,lime_example_03,doc_00547,comp.os.ms-windows.misc,comp.windows.x,comp.os.ms-windows.misc,baseline_wrong_distilbert_correct
t,0.000135213733301498,57,57,0.00014063879171573627,lime_example_03,doc_00547,comp.os.ms-windows.misc,comp.windows.x,comp.os.ms-windows.misc,baseline_wrong_distilbert_correct
able,0.0001071530205081217,58,58,0.00011145222430439905,lime_example_03,doc_00547,comp.os.ms-windows.misc,comp.windows.x,comp.os.ms-windows.misc,baseline_wrong_distilbert_correct
to,0.00010131610179087147,59,59,0.00010538111617290022,lime_example_03,doc_00547,comp.os.ms-windows.misc,comp.windows.x,comp.os.ms-windows.misc,baseline_wrong_distilbert_correct
distinguish,0.0005626378697343171,60,60,0.0005852120804660419,lime_example_03,doc_00547,comp.os.ms-windows.misc,comp.windows.x,comp.os.ms-windows.misc,baseline_wrong_distilbert_correct
pointers,0.039782070787623525,61,62,0.041378210858550986,lime_example_03,doc_00547,comp.os.ms-windows.misc,comp.windows.x,comp.os.ms-windows.misc,baseline_wrong_distilbert_correct
to,0.0003320716496091336,63,63,0.0003453950602779673,lime_example_03,doc_00547,comp.os.ms-windows.misc,comp.windows.x,comp.os.ms-windows.misc,baseline_wrong_distilbert_correct
overloaded,0.004801860311999917,64,65,0.004994521013346911,lime_example_03,doc_00547,comp.os.ms-windows.misc,comp.windows.x,comp.os.ms-windows.misc,baseline_wrong_distilbert_correct
functions,0.0574621856212616,66,66,0.059767688960260766,lime_example_03,doc_00547,comp.os.ms-windows.misc,comp.windows.x,comp.os.ms-windows.misc,baseline_wrong_distilbert_correct
.,0.06506332010030746,67,67,0.06767379688805651,lime_example_03,doc_00547,comp.os.ms-windows.misc,comp.windows.x,comp.os.ms-windows.misc,baseline_wrong_distilbert_correct
for,0.00017230729281436652,68,68,0.00017922062259154858,lime_example_03,doc_00547,comp.os.ms-windows.misc,comp.windows.x,comp.os.ms-windows.misc,baseline_wrong_distilbert_correct
example,0.00015067396452650428,69,69,0.00015671931982512983,lime_example_03,doc_00547,comp.os.ms-windows.misc,comp.windows.x,comp.os.ms-windows.misc,baseline_wrong_distilbert_correct
",",0.0003787629248108715,70,70,0.00039395968731475805,lime_example_03,doc_00547,comp.os.ms-windows.misc,comp.windows.x,comp.os.ms-windows.misc,baseline_wrong_distilbert_correct
imagine,0.014193893410265446,71,71,0.0147633821670359,lime_example_03,doc_00547,comp.os.ms-windows.misc,comp.windows.x,comp.os.ms-windows.misc,baseline_wrong_distilbert_correct
the,0.00038875368773005903,72,72,0.0004043513005848381,lime_example_03,doc_00547,comp.os.ms-windows.misc,comp.windows.x,comp.os.ms-windows.misc,baseline_wrong_distilbert_correct
following,0.0001949290744960308,73,73,0.00020275003757391853,lime_example_03,doc_00547,comp.os.ms-windows.misc,comp.windows.x,comp.os.ms-windows.misc,baseline_wrong_distilbert_correct
2,0.0027882412541657686,74,74,0.0029001113379767797,lime_example_03,doc_00547,comp.os.ms-windows.misc,comp.windows.x,comp.os.ms-windows.misc,baseline_wrong_distilbert_correct
(,0.0003327866143081337,75,75,0.0003461387108593959,lime_example_03,doc_00547,comp.os.ms-windows.misc,comp.windows.x,comp.os.ms-windows.misc,baseline_wrong_distilbert_correct
overloaded,0.003954333369620144,76,77,0.004112989513458186,lime_example_03,doc_00547,comp.os.ms-windows.misc,comp.windows.x,comp.os.ms-windows.misc,baseline_wrong_distilbert_correct
),0.00414324551820755,78,78,0.004309481213443382,lime_example_03,doc_00547,comp.os.ms-windows.misc,comp.windows.x,comp.os.ms-windows.misc,baseline_wrong_distilbert_correct
functions,0.018881654366850853,79,79,0.019639225919654717,lime_example_03,doc_00547,comp.os.ms-windows.misc,comp.windows.x,comp.os.ms-windows.misc,baseline_wrong_distilbert_correct
:,0.0002647841174621135,80,80,0.0002754078112935047,lime_example_03,doc_00547,comp.os.ms-windows.misc,comp.windows.x,comp.os.ms-windows.misc,baseline_wrong_distilbert_correct
void,0.0019333368400111794,81,81,0.0020109063666810217,lime_example_03,doc_00547,comp.os.ms-windows.misc,comp.windows.x,comp.os.ms-windows.misc,baseline_wrong_distilbert_correct
same,0.00010417200246592984,82,82,0.00010835160156956306,lime_example_03,doc_00547,comp.os.ms-windows.misc,comp.windows.x,comp.os.ms-windows.misc,baseline_wrong_distilbert_correct
_,6.136438605608419e-05,83,83,6.382645385629659e-05,lime_example_03,doc_00547,comp.os.ms-windows.misc,comp.windows.x,comp.os.ms-windows.misc,baseline_wrong_distilbert_correct
name,0.00033492071088403463,84,84,0.0003483584318634018,lime_example_03,doc_00547,comp.os.ms-windows.misc,comp.windows.x,comp.os.ms-windows.misc,baseline_wrong_distilbert_correct
(,6.689270230708644e-05,85,85,6.957657774371101e-05,lime_example_03,doc_00547,comp.os.ms-windows.misc,comp.windows.x,comp.os.ms-windows.misc,baseline_wrong_distilbert_correct
void,0.0018261391669511795,86,86,0.0018994076982707627,lime_example_03,doc_00547,comp.os.ms-windows.misc,comp.windows.x,comp.os.ms-windows.misc,baseline_wrong_distilbert_correct
),0.00010862595081562176,87,87,0.00011298425166338332,lime_example_03,doc_00547,comp.os.ms-windows.misc,comp.windows.x,comp.os.ms-windows.misc,baseline_wrong_distilbert_correct
void,0.0008584908209741116,88,88,0.0008929352722746832,lime_example_03,doc_00547,comp.os.ms-windows.misc,comp.windows.x,comp.os.ms-windows.misc,baseline_wrong_distilbert_correct
same,0.00010822215699590743,89,89,0.00011256425678919195,lime_example_03,doc_00547,comp.os.ms-windows.misc,comp.windows.x,comp.os.ms-windows.misc,baseline_wrong_distilbert_correct
_,6.336933438433334e-05,90,90,6.591184491423526e-05,lime_example_03,doc_00547,comp.os.ms-windows.misc,comp.windows.x,comp.os.ms-windows.misc,baseline_wrong_distilbert_correct
name,0.0006366260349750519,91,91,0.0006621688059897643,lime_example_03,doc_00547,comp.os.ms-windows.misc,comp.windows.x,comp.os.ms-windows.misc,baseline_wrong_distilbert_correct
(,7.487588300136849e-05,92,92,7.78800603817411e-05,lime_example_03,doc_00547,comp.os.ms-windows.misc,comp.windows.x,comp.os.ms-windows.misc,baseline_wrong_distilbert_correct
int,0.002756817964836955,93,93,0.002867427280410792,lime_example_03,doc_00547,comp.os.ms-windows.misc,comp.windows.x,comp.os.ms-windows.misc,baseline_wrong_distilbert_correct
),0.022806361317634583,94,94,0.023721400340250054,lime_example_03,doc_00547,comp.os.ms-windows.misc,comp.windows.x,comp.os.ms-windows.misc,baseline_wrong_distilbert_correct
after,4.626092777471058e-05,95,95,4.811701316889948e-05,lime_example_03,doc_00547,comp.os.ms-windows.misc,comp.windows.x,comp.os.ms-windows.misc,baseline_wrong_distilbert_correct
trying,6.899915024405345e-05,96,96,7.176754078743213e-05,lime_example_03,doc_00547,comp.os.ms-windows.misc,comp.windows.x,comp.os.ms-windows.misc,baseline_wrong_distilbert_correct
the,7.475484744645655e-05,97,97,7.775416862665213e-05,lime_example_03,doc_00547,comp.os.ms-windows.misc,comp.windows.x,comp.os.ms-windows.misc,baseline_wrong_distilbert_correct
whole,0.00013923353981226683,98,98,0.00014481988129001042,lime_example_03,doc_00547,comp.os.ms-windows.misc,comp.windows.x,comp.os.ms-windows.misc,baseline_wrong_distilbert_correct
day,7.819690654287115e-05,99,99,8.133433034923762e-05,lime_example_03,doc_00547,comp.os.ms-windows.misc,comp.windows.x,comp.os.ms-windows.misc,baseline_wrong_distilbert_correct
",",0.004887873772531748,100,100,0.005083985514216157,lime_example_03,doc_00547,comp.os.ms-windows.misc,comp.windows.x,comp.os.ms-windows.misc,baseline_wrong_distilbert_correct
i,0.00013383889745455235,101,101,0.00013920879457268888,lime_example_03,doc_00547,comp.os.ms-windows.misc,comp.windows.x,comp.os.ms-windows.misc,baseline_wrong_distilbert_correct
think,0.00011712804553098977,102,102,0.00012182746824076966,lime_example_03,doc_00547,comp.os.ms-windows.misc,comp.windows.x,comp.os.ms-windows.misc,baseline_wrong_distilbert_correct
",",0.00010305670002708212,103,103,0.00010719155085897878,lime_example_03,doc_00547,comp.os.ms-windows.misc,comp.windows.x,comp.os.ms-windows.misc,baseline_wrong_distilbert_correct
with,0.00010655654477886856,104,104,0.00011083181671855957,lime_example_03,doc_00547,comp.os.ms-windows.misc,comp.windows.x,comp.os.ms-windows.misc,baseline_wrong_distilbert_correct
bwc,0.013022053753957152,105,106,0.013544525847313558,lime_example_03,doc_00547,comp.os.ms-windows.misc,comp.windows.x,comp.os.ms-windows.misc,baseline_wrong_distilbert_correct
its,0.00016933582082856447,107,107,0.00017612992892089514,lime_example_03,doc_00547,comp.os.ms-windows.misc,comp.windows.x,comp.os.ms-windows.misc,baseline_wrong_distilbert_correct
impossible,0.00011136552348034456,108,108,0.00011583374172608988,lime_example_03,doc_00547,comp.os.ms-windows.misc,comp.windows.x,comp.os.ms-windows.misc,baseline_wrong_distilbert_correct
to,3.367078534211032e-05,109,109,3.502172783052546e-05,lime_example_03,doc_00547,comp.os.ms-windows.misc,comp.windows.x,comp.os.ms-windows.misc,baseline_wrong_distilbert_correct
take,4.114160037715919e-05,110,110,4.279228762505625e-05,lime_example_03,doc_00547,comp.os.ms-windows.misc,comp.windows.x,comp.os.ms-windows.misc,baseline_wrong_distilbert_correct
the,0.0010902475332841277,111,111,0.0011339905496895483,lime_example_03,doc_00547,comp.os.ms-windows.misc,comp.windows.x,comp.os.ms-windows.misc,baseline_wrong_distilbert_correct
adress,0.00012064352267771028,112,113,0.0001254839936997378,lime_example_03,doc_00547,comp.os.ms-windows.misc,comp.windows.x,comp.os.ms-windows.misc,baseline_wrong_distilbert_correct
of,2.675451287359465e-05,114,114,2.7827960012725842e-05,lime_example_03,doc_00547,comp.os.ms-windows.misc,comp.windows.x,comp.os.ms-windows.misc,baseline_wrong_distilbert_correct
one,1.3658173884323332e-05,115,115,1.4206168450741068e-05,lime_example_03,doc_00547,comp.os.ms-windows.misc,comp.windows.x,comp.os.ms-windows.misc,baseline_wrong_distilbert_correct
of,2.1818821551278234e-05,116,116,2.2694238408392806e-05,lime_example_03,doc_00547,comp.os.ms-windows.misc,comp.windows.x,comp.os.ms-windows.misc,baseline_wrong_distilbert_correct
the,6.29114147159271e-05,117,117,6.54355525488442e-05,lime_example_03,doc_00547,comp.os.ms-windows.misc,comp.windows.x,comp.os.ms-windows.misc,baseline_wrong_distilbert_correct
above,0.00010488632688065991,118,118,0.00010909458617717448,lime_example_03,doc_00547,comp.os.ms-windows.misc,comp.windows.x,comp.os.ms-windows.misc,baseline_wrong_distilbert_correct
two,6.019192005624063e-05,119,119,6.260694606282342e-05,lime_example_03,doc_00547,comp.os.ms-windows.misc,comp.windows.x,comp.os.ms-windows.misc,baseline_wrong_distilbert_correct
functions,0.0036346649285405874,120,120,0.0037804953044355293,lime_example_03,doc_00547,comp.os.ms-windows.misc,comp.windows.x,comp.os.ms-windows.misc,baseline_wrong_distilbert_correct
and,4.229724072501995e-05,121,121,4.399429468611925e-05,lime_example_03,doc_00547,comp.os.ms-windows.misc,comp.windows.x,comp.os.ms-windows.misc,baseline_wrong_distilbert_correct
assign,0.0002480853581801057,122,122,0.0002580390627852679,lime_example_03,doc_00547,comp.os.ms-windows.misc,comp.windows.x,comp.os.ms-windows.misc,baseline_wrong_distilbert_correct
it,0.00014710989489685744,123,123,0.0001530122522509611,lime_example_03,doc_00547,comp.os.ms-windows.misc,comp.windows.x,comp.os.ms-windows.misc,baseline_wrong_distilbert_correct
to,8.83497777977027e-05,124,124,9.189455608119826e-05,lime_example_03,doc_00547,comp.os.ms-windows.misc,comp.windows.x,comp.os.ms-windows.misc,baseline_wrong_distilbert_correct
a,0.00015077627904247493,125,125,0.00015682573941395227,lime_example_03,doc_00547,comp.os.ms-windows.misc,comp.windows.x,comp.os.ms-windows.misc,baseline_wrong_distilbert_correct
properly,0.00010882061906158924,126,126,0.00011318673040744137,lime_example_03,doc_00547,comp.os.ms-windows.misc,comp.windows.x,comp.os.ms-windows.misc,baseline_wrong_distilbert_correct
defined,0.0016811313107609749,127,127,0.0017485818229256457,lime_example_03,doc_00547,comp.os.ms-windows.misc,comp.windows.x,comp.os.ms-windows.misc,baseline_wrong_distilbert_correct
function,0.021450335159897804,128,128,0.022310967570571327,lime_example_03,doc_00547,comp.os.ms-windows.misc,comp.windows.x,comp.os.ms-windows.misc,baseline_wrong_distilbert_correct
pointer,0.008523424156010151,129,129,0.008865401799897692,lime_example_03,doc_00547,comp.os.ms-windows.misc,comp.windows.x,comp.os.ms-windows.misc,baseline_wrong_distilbert_correct
.,0.034574244171381,130,130,0.035961435321851226,lime_example_03,doc_00547,comp.os.ms-windows.misc,comp.windows.x,comp.os.ms-windows.misc,baseline_wrong_distilbert_correct
am,2.0522886188700795e-05,131,131,2.134630740253716e-05,lime_example_03,doc_00547,comp.os.ms-windows.misc,comp.windows.x,comp.os.ms-windows.misc,baseline_wrong_distilbert_correct
i,7.952543091960251e-05,132,132,8.271615790880795e-05,lime_example_03,doc_00547,comp.os.ms-windows.misc,comp.windows.x,comp.os.ms-windows.misc,baseline_wrong_distilbert_correct
right,4.0979804907692596e-05,133,133,4.26240005822e-05,lime_example_03,doc_00547,comp.os.ms-windows.misc,comp.windows.x,comp.os.ms-windows.misc,baseline_wrong_distilbert_correct
?,1.7947728338185698e-05,134,134,1.8667828821029613e-05,lime_example_03,doc_00547,comp.os.ms-windows.misc,comp.windows.x,comp.os.ms-windows.misc,baseline_wrong_distilbert_correct
has,4.3171283323317766e-05,135,135,4.490340570562341e-05,lime_example_03,doc_00547,comp.os.ms-windows.misc,comp.windows.x,comp.os.ms-windows.misc,baseline_wrong_distilbert_correct
anybody,4.647370587917976e-05,136,136,4.833832837694409e-05,lime_example_03,doc_00547,comp.os.ms-windows.misc,comp.windows.x,comp.os.ms-windows.misc,baseline_wrong_distilbert_correct
else,2.655447860888671e-05,137,137,2.7619899954007246e-05,lime_example_03,doc_00547,comp.os.ms-windows.misc,comp.windows.x,comp.os.ms-windows.misc,baseline_wrong_distilbert_correct
had,4.9922295147553086e-05,138,138,5.192528227567581e-05,lime_example_03,doc_00547,comp.os.ms-windows.misc,comp.windows.x,comp.os.ms-windows.misc,baseline_wrong_distilbert_correct
this,8.535821689292789e-05,139,139,8.878296748203262e-05,lime_example_03,doc_00547,comp.os.ms-windows.misc,comp.windows.x,comp.os.ms-windows.misc,baseline_wrong_distilbert_correct
problem,3.263422331656329e-05,140,140,3.394357676367865e-05,lime_example_03,doc_00547,comp.os.ms-windows.misc,comp.windows.x,comp.os.ms-windows.misc,baseline_wrong_distilbert_correct
?,3.0998406145954505e-05,141,141,3.224212717919531e-05,lime_example_03,doc_00547,comp.os.ms-windows.misc,comp.windows.x,comp.os.ms-windows.misc,baseline_wrong_distilbert_correct
thanx,0.002035671306657605,142,143,0.002117346706642171,lime_example_03,doc_00547,comp.os.ms-windows.misc,comp.windows.x,comp.os.ms-windows.misc,baseline_wrong_distilbert_correct
help,0.0010388866066932678,1,1,0.0011009081279503687,lime_example_04,doc_05908,comp.sys.ibm.pc.hardware,sci.electronics,comp.sys.ibm.pc.hardware,baseline_wrong_distilbert_correct
!,0.00022423632617574185,2,2,0.00023762323287077557,lime_example_04,doc_05908,comp.sys.ibm.pc.hardware,sci.electronics,comp.sys.ibm.pc.hardware,baseline_wrong_distilbert_correct
is,0.0021847737953066826,3,3,0.0023152047716178225,lime_example_04,doc_05908,comp.sys.ibm.pc.hardware,sci.electronics,comp.sys.ibm.pc.hardware,baseline_wrong_distilbert_correct
a,0.011815543286502361,4,4,0.012520931116499063,lime_example_04,doc_05908,comp.sys.ibm.pc.hardware,sci.electronics,comp.sys.ibm.pc.hardware,baseline_wrong_distilbert_correct
samtron,0.034575898200273514,5,6,0.036640079017886816,lime_example_04,doc_05908,comp.sys.ibm.pc.hardware,sci.electronics,comp.sys.ibm.pc.hardware,baseline_wrong_distilbert_correct
sc,0.02089511789381504,7,7,0.022142556247790768,lime_example_04,doc_05908,comp.sys.ibm.pc.hardware,sci.electronics,comp.sys.ibm.pc.hardware,baseline_wrong_distilbert_correct
-,0.04197843745350838,8,8,0.04448454979925292,lime_example_04,doc_05908,comp.sys.ibm.pc.hardware,sci.electronics,comp.sys.ibm.pc.hardware,baseline_wrong_distilbert_correct
431,0.10553408041596413,9,10,0.11183446408603664,lime_example_04,doc_05908,comp.sys.ibm.pc.hardware,sci.electronics,comp.sys.ibm.pc.hardware,baseline_wrong_distilbert_correct
interlaced,0.06719405017793179,11,13,0.07120553438093466,lime_example_04,doc_05908,comp.sys.ibm.pc.hardware,sci.electronics,comp.sys.ibm.pc.hardware,baseline_wrong_distilbert_correct
or,0.00023648787464480847,14,14,0.00025060619867539266,lime_example_04,doc_05908,comp.sys.ibm.pc.hardware,sci.electronics,comp.sys.ibm.pc.hardware,baseline_wrong_distilbert_correct
non,0.0006539907190017402,15,15,0.0006930339591582561,lime_example_04,doc_05908,comp.sys.ibm.pc.hardware,sci.electronics,comp.sys.ibm.pc.hardware,baseline_wrong_distilbert_correct
?,0.00015760312089696527,16,16,0.0001670120258245293,lime_example_04,doc_05908,comp.sys.ibm.pc.hardware,sci.electronics,comp.sys.ibm.pc.hardware,baseline_wrong_distilbert_correct
hello,0.00013256825332064182,17,17,0.000140482576874695,lime_example_04,doc_05908,comp.sys.ibm.pc.hardware,sci.electronics,comp.sys.ibm.pc.hardware,baseline_wrong_distilbert_correct
.,0.00261205923743546,18,18,0.0027679991508732333,lime_example_04,doc_05908,comp.sys.ibm.pc.hardware,sci.electronics,comp.sys.ibm.pc.hardware,baseline_wrong_distilbert_correct
my,0.0003736693470273167,19,19,0.00039597740374926107,lime_example_04,doc_05908,comp.sys.ibm.pc.hardware,sci.electronics,comp.sys.ibm.pc.hardware,baseline_wrong_distilbert_correct
colleague,0.0007620410178788006,20,20,0.0008075348599253247,lime_example_04,doc_05908,comp.sys.ibm.pc.hardware,sci.electronics,comp.sys.ibm.pc.hardware,baseline_wrong_distilbert_correct
has,0.00036068796180188656,21,21,0.0003822210299403624,lime_example_04,doc_05908,comp.sys.ibm.pc.hardware,sci.electronics,comp.sys.ibm.pc.hardware,baseline_wrong_distilbert_correct
a,0.0014570429921150208,22,22,0.0015440284458938592,lime_example_04,doc_05908,comp.sys.ibm.pc.hardware,sci.electronics,comp.sys.ibm.pc.hardware,baseline_wrong_distilbert_correct
samtron,0.05222371593117714,23,24,0.055341471311680004,lime_example_04,doc_05908,comp.sys.ibm.pc.hardware,sci.electronics,comp.sys.ibm.pc.hardware,baseline_wrong_distilbert_correct
monitor,0.02701328508555889,25,25,0.028625977966922393,lime_example_04,doc_05908,comp.sys.ibm.pc.hardware,sci.electronics,comp.sys.ibm.pc.hardware,baseline_wrong_distilbert_correct
.,0.032793451100587845,26,26,0.034751219842070254,lime_example_04,doc_05908,comp.sys.ibm.pc.hardware,sci.electronics,comp.sys.ibm.pc.hardware,baseline_wrong_distilbert_correct
on,0.00015465686738025397,27,27,0.0001638898809988549,lime_example_04,doc_05908,comp.sys.ibm.pc.hardware,sci.electronics,comp.sys.ibm.pc.hardware,baseline_wrong_distilbert_correct
the,0.0010464393999427557,28,28,0.001108911822890239,lime_example_04,doc_05908,comp.sys.ibm.pc.hardware,sci.electronics,comp.sys.ibm.pc.hardware,baseline_wrong_distilbert_correct
manual,0.01613035798072815,29,29,0.01709334020991551,lime_example_04,doc_05908,comp.sys.ibm.pc.hardware,sci.electronics,comp.sys.ibm.pc.hardware,baseline_wrong_distilbert_correct
cover,0.001690142904408276,30,30,0.0017910444208951912,lime_example_04,doc_05908,comp.sys.ibm.pc.hardware,sci.electronics,comp.sys.ibm.pc.hardware,baseline_wrong_distilbert_correct
",",0.005102052818983793,31,31,0.0054066453272794395,lime_example_04,doc_05908,comp.sys.ibm.pc.hardware,sci.electronics,comp.sys.ibm.pc.hardware,baseline_wrong_distilbert_correct
it,0.0016394117847085,32,32,0.0017372846537967628,lime_example_04,doc_05908,comp.sys.ibm.pc.hardware,sci.electronics,comp.sys.ibm.pc.hardware,baseline_wrong_distilbert_correct
says,0.00048226493527181447,33,33,0.0005110561476541937,lime_example_04,doc_05908,comp.sys.ibm.pc.hardware,sci.electronics,comp.sys.ibm.pc.hardware,baseline_wrong_distilbert_correct
sc,0.021581629291176796,34,34,0.022870052369520315,lime_example_04,doc_05908,comp.sys.ibm.pc.hardware,sci.electronics,comp.sys.ibm.pc.hardware,baseline_wrong_distilbert_correct
-,0.028409600257873535,35,35,0.030105653142709382,lime_example_04,doc_05908,comp.sys.ibm.pc.hardware,sci.electronics,comp.sys.ibm.pc.hardware,baseline_wrong_distilbert_correct
431,0.05605047754943371,36,37,0.05939669056479627,lime_example_04,doc_05908,comp.sys.ibm.pc.hardware,sci.electronics,comp.sys.ibm.pc.hardware,baseline_wrong_distilbert_correct
and,0.0014656884595751762,38,38,0.0015531900476851372,lime_example_04,doc_05908,comp.sys.ibm.pc.hardware,sci.electronics,comp.sys.ibm.pc.hardware,baseline_wrong_distilbert_correct
sc,0.03192928060889244,39,39,0.033835458379642205,lime_example_04,doc_05908,comp.sys.ibm.pc.hardware,sci.electronics,comp.sys.ibm.pc.hardware,baseline_wrong_distilbert_correct
-,0.030027879402041435,40,40,0.03182054353751165,lime_example_04,doc_05908,comp.sys.ibm.pc.hardware,sci.electronics,comp.sys.ibm.pc.hardware,baseline_wrong_distilbert_correct
428,0.06408536620438099,41,42,0.06791126200158,lime_example_04,doc_05908,comp.sys.ibm.pc.hardware,sci.electronics,comp.sys.ibm.pc.hardware,baseline_wrong_distilbert_correct
for,0.00048008086741901934,43,43,0.0005087416909698492,lime_example_04,doc_05908,comp.sys.ibm.pc.hardware,sci.electronics,comp.sys.ibm.pc.hardware,baseline_wrong_distilbert_correct
model,0.05020241066813469,44,44,0.05319949414226088,lime_example_04,doc_05908,comp.sys.ibm.pc.hardware,sci.electronics,comp.sys.ibm.pc.hardware,baseline_wrong_distilbert_correct
numbers,0.00434094900265336,45,45,0.004600103619826655,lime_example_04,doc_05908,comp.sys.ibm.pc.hardware,sci.electronics,comp.sys.ibm.pc.hardware,baseline_wrong_distilbert_correct
.,0.056136105209589005,46,46,0.05948743019550764,lime_example_04,doc_05908,comp.sys.ibm.pc.hardware,sci.electronics,comp.sys.ibm.pc.hardware,baseline_wrong_distilbert_correct
the,0.0013957367045804858,47,47,0.001479062173534205,lime_example_04,doc_05908,comp.sys.ibm.pc.hardware,sci.electronics,comp.sys.ibm.pc.hardware,baseline_wrong_distilbert_correct
manual,0.010794616304337978,48,48,0.011439054802503559,lime_example_04,doc_05908,comp.sys.ibm.pc.hardware,sci.electronics,comp.sys.ibm.pc.hardware,baseline_wrong_distilbert_correct
does,2.8835886041633785e-05,49,49,3.055738818400048e-05,lime_example_04,doc_05908,comp.sys.ibm.pc.hardware,sci.electronics,comp.sys.ibm.pc.hardware,baseline_wrong_distilbert_correct
not,2.1109750377945602e-05,50,50,2.2370002289330967e-05,lime_example_04,doc_05908,comp.sys.ibm.pc.hardware,sci.electronics,comp.sys.ibm.pc.hardware,baseline_wrong_distilbert_correct
specify,8.195541886379942e-05,51,51,8.684815664716032e-05,lime_example_04,doc_05908,comp.sys.ibm.pc.hardware,sci.electronics,comp.sys.ibm.pc.hardware,baseline_wrong_distilbert_correct
if,0.00010415519500384107,52,52,0.00011037325922697095,lime_example_04,doc_05908,comp.sys.ibm.pc.hardware,sci.electronics,comp.sys.ibm.pc.hardware,baseline_wrong_distilbert_correct
it,0.0038480202201753855,53,53,0.004077746993382142,lime_example_04,doc_05908,comp.sys.ibm.pc.hardware,sci.electronics,comp.sys.ibm.pc.hardware,baseline_wrong_distilbert_correct
is,0.0008703800849616528,54,54,0.0009223417683575238,lime_example_04,doc_05908,comp.sys.ibm.pc.hardware,sci.electronics,comp.sys.ibm.pc.hardware,baseline_wrong_distilbert_correct
interlaced,0.05324041098356247,55,57,0.05641886304972597,lime_example_04,doc_05908,comp.sys.ibm.pc.hardware,sci.electronics,comp.sys.ibm.pc.hardware,baseline_wrong_distilbert_correct
or,0.00019127379346173257,58,58,0.00020269283724445384,lime_example_04,doc_05908,comp.sys.ibm.pc.hardware,sci.electronics,comp.sys.ibm.pc.hardware,baseline_wrong_distilbert_correct
non,0.0008852056344039738,59,59,0.0009380524029707971,lime_example_04,doc_05908,comp.sys.ibm.pc.hardware,sci.electronics,comp.sys.ibm.pc.hardware,baseline_wrong_distilbert_correct
-,0.005846146494150162,60,60,0.006195161388290686,lime_example_04,doc_05908,comp.sys.ibm.pc.hardware,sci.electronics,comp.sys.ibm.pc.hardware,baseline_wrong_distilbert_correct
interlaced,0.05683662835508585,61,63,0.06022977456661237,lime_example_04,doc_05908,comp.sys.ibm.pc.hardware,sci.electronics,comp.sys.ibm.pc.hardware,baseline_wrong_distilbert_correct
",",0.022276952862739563,64,64,0.023606886752172956,lime_example_04,doc_05908,comp.sys.ibm.pc.hardware,sci.electronics,comp.sys.ibm.pc.hardware,baseline_wrong_distilbert_correct
so,3.524657222442329e-05,65,65,3.735079227536331e-05,lime_example_04,doc_05908,comp.sys.ibm.pc.hardware,sci.electronics,comp.sys.ibm.pc.hardware,baseline_wrong_distilbert_correct
does,2.757412767095957e-05,66,66,2.9220302849725127e-05,lime_example_04,doc_05908,comp.sys.ibm.pc.hardware,sci.electronics,comp.sys.ibm.pc.hardware,baseline_wrong_distilbert_correct
anyone,5.308825711836107e-05,67,67,5.6257625600113976e-05,lime_example_04,doc_05908,comp.sys.ibm.pc.hardware,sci.electronics,comp.sys.ibm.pc.hardware,baseline_wrong_distilbert_correct
know,5.405605770647526e-05,68,68,5.728320387480304e-05,lime_example_04,doc_05908,comp.sys.ibm.pc.hardware,sci.electronics,comp.sys.ibm.pc.hardware,baseline_wrong_distilbert_correct
what,9.188180411001667e-05,69,69,9.736714700503073e-05,lime_example_04,doc_05908,comp.sys.ibm.pc.hardware,sci.electronics,comp.sys.ibm.pc.hardware,baseline_wrong_distilbert_correct
it,0.0017232578247785568,70,70,0.00182613630171952,lime_example_04,doc_05908,comp.sys.ibm.pc.hardware,sci.electronics,comp.sys.ibm.pc.hardware,baseline_wrong_distilbert_correct
is,0.0002844415430445224,71,71,0.00030142270065564085,lime_example_04,doc_05908,comp.sys.ibm.pc.hardware,sci.electronics,comp.sys.ibm.pc.hardware,baseline_wrong_distilbert_correct
?,4.580657696351409e-05,72,72,4.854122920424359e-05,lime_example_04,doc_05908,comp.sys.ibm.pc.hardware,sci.electronics,comp.sys.ibm.pc.hardware,baseline_wrong_distilbert_correct
thanks,7.212942728074268e-05,73,73,7.643555345325567e-05,lime_example_04,doc_05908,comp.sys.ibm.pc.hardware,sci.electronics,comp.sys.ibm.pc.hardware,baseline_wrong_distilbert_correct
mike,6.430973735405132e-05,74,74,6.81490281069068e-05,lime_example_04,doc_05908,comp.sys.ibm.pc.hardware,sci.electronics,comp.sys.ibm.pc.hardware,baseline_wrong_distilbert_correct
bitz,0.000125519454741152,75,76,0.00013301296508217672,lime_example_04,doc_05908,comp.sys.ibm.pc.hardware,sci.electronics,comp.sys.ibm.pc.hardware,baseline_wrong_distilbert_correct
internet,8.482797420583665e-05,77,77,8.98922035177826e-05,lime_example_04,doc_05908,comp.sys.ibm.pc.hardware,sci.electronics,comp.sys.ibm.pc.hardware,baseline_wrong_distilbert_correct
:,1.862994031398557e-05,78,78,1.974214758642327e-05,lime_example_04,doc_05908,comp.sys.ibm.pc.hardware,sci.electronics,comp.sys.ibm.pc.hardware,baseline_wrong_distilbert_correct
<,2.531313475628849e-05,79,79,2.682432867798907e-05,lime_example_04,doc_05908,comp.sys.ibm.pc.hardware,sci.electronics,comp.sys.ibm.pc.hardware,baseline_wrong_distilbert_correct
email,1.7330399714410305e-05,80,80,1.8365024424514692e-05,lime_example_04,doc_05908,comp.sys.ibm.pc.hardware,sci.electronics,comp.sys.ibm.pc.hardware,baseline_wrong_distilbert_correct
>,2.245011091872584e-05,81,81,2.379038234257444e-05,lime_example_04,doc_05908,comp.sys.ibm.pc.hardware,sci.electronics,comp.sys.ibm.pc.hardware,baseline_wrong_distilbert_correct
research,0.000154562498209998,82,82,0.00016378987798996696,lime_example_04,doc_05908,comp.sys.ibm.pc.hardware,sci.electronics,comp.sys.ibm.pc.hardware,baseline_wrong_distilbert_correct
and,5.0887330871773884e-05,83,83,5.392530407601666e-05,lime_example_04,doc_05908,comp.sys.ibm.pc.hardware,sci.electronics,comp.sys.ibm.pc.hardware,baseline_wrong_distilbert_correct
development,0.0009139556786976755,84,84,0.0009685188246552711,lime_example_04,doc_05908,comp.sys.ibm.pc.hardware,sci.electronics,comp.sys.ibm.pc.hardware,baseline_wrong_distilbert_correct
<,1.643792711547576e-05,85,85,1.741927121929494e-05,lime_example_04,doc_05908,comp.sys.ibm.pc.hardware,sci.electronics,comp.sys.ibm.pc.hardware,baseline_wrong_distilbert_correct
email,2.0338900867500342e-05,86,86,2.1553133069910653e-05,lime_example_04,doc_05908,comp.sys.ibm.pc.hardware,sci.electronics,comp.sys.ibm.pc.hardware,baseline_wrong_distilbert_correct
>,2.4591359760961495e-05,87,87,2.6059463721806765e-05,lime_example_04,doc_05908,comp.sys.ibm.pc.hardware,sci.electronics,comp.sys.ibm.pc.hardware,baseline_wrong_distilbert_correct
dakota,0.0010177086805924773,88,88,0.0010784658798481403,lime_example_04,doc_05908,comp.sys.ibm.pc.hardware,sci.electronics,comp.sys.ibm.pc.hardware,baseline_wrong_distilbert_correct
state,0.00020840961951762438,89,89,0.00022085167196475255,lime_example_04,doc_05908,comp.sys.ibm.pc.hardware,sci.electronics,comp.sys.ibm.pc.hardware,baseline_wrong_distilbert_correct
university,0.00014767383981961757,90,90,0.0001564899667544355,lime_example_04,doc_05908,comp.sys.ibm.pc.hardware,sci.electronics,comp.sys.ibm.pc.hardware,baseline_wrong_distilbert_correct
bitnet,0.006638372113229707,91,92,0.0070346828698422265,lime_example_04,doc_05908,comp.sys.ibm.pc.hardware,sci.electronics,comp.sys.ibm.pc.hardware,baseline_wrong_distilbert_correct
:,2.468470665917266e-05,93,93,2.615838342901786e-05,lime_example_04,doc_05908,comp.sys.ibm.pc.hardware,sci.electronics,comp.sys.ibm.pc.hardware,baseline_wrong_distilbert_correct
<,5.01242648169864e-05,94,94,5.311668298448824e-05,lime_example_04,doc_05908,comp.sys.ibm.pc.hardware,sci.electronics,comp.sys.ibm.pc.hardware,baseline_wrong_distilbert_correct
email,2.884778950829059e-05,95,95,3.057000228751171e-05,lime_example_04,doc_05908,comp.sys.ibm.pc.hardware,sci.electronics,comp.sys.ibm.pc.hardware,baseline_wrong_distilbert_correct
>,2.7002437491319142e-05,96,96,2.86144827714022e-05,lime_example_04,doc_05908,comp.sys.ibm.pc.hardware,sci.electronics,comp.sys.ibm.pc.hardware,baseline_wrong_distilbert_correct
test,0.2710411548614502,1,1,0.49704414588020457,lime_example_05,doc_01796,comp.graphics,comp.graphics,sci.electronics,baseline_correct_distilbert_wrong
.,0.009799488820135593,2,2,0.01797062351345402,lime_example_05,doc_01796,comp.graphics,comp.graphics,sci.electronics,baseline_correct_distilbert_wrong
.,0.004014143254607916,3,3,0.007361267356048856,lime_example_05,doc_01796,comp.graphics,comp.graphics,sci.electronics,baseline_correct_distilbert_wrong
.,0.0037434513214975595,4,4,0.006864863624452172,lime_example_05,doc_01796,comp.graphics,comp.graphics,sci.electronics,baseline_correct_distilbert_wrong
.,0.004926000256091356,5,5,0.00903346058699529,lime_example_05,doc_01796,comp.graphics,comp.graphics,sci.electronics,baseline_correct_distilbert_wrong
(,0.00565939350053668,6,6,0.010378381135928077,lime_example_05,doc_01796,comp.graphics,comp.graphics,sci.electronics,baseline_correct_distilbert_wrong
sorry,0.004145510494709015,7,7,0.007602172902979793,lime_example_05,doc_01796,comp.graphics,comp.graphics,sci.electronics,baseline_correct_distilbert_wrong
),0.24197685718536377,8,8,0.44374508499993726,lime_example_05,doc_01796,comp.graphics,comp.graphics,sci.electronics,baseline_correct_distilbert_wrong
corrected,0.009916420094668865,1,1,0.010358526973308373,lime_example_06,doc_05642,comp.os.ms-windows.misc,comp.os.ms-windows.misc,comp.graphics,baseline_correct_distilbert_wrong
microcal,0.03157813102006912,2,3,0.032985988775718025,lime_example_06,doc_05642,comp.os.ms-windows.misc,comp.os.ms-windows.misc,comp.graphics,baseline_correct_distilbert_wrong
origin,0.0200969148427248,4,4,0.020992901923403008,lime_example_06,doc_05642,comp.os.ms-windows.misc,comp.os.ms-windows.misc,comp.graphics,baseline_correct_distilbert_wrong
package,0.015745820477604866,5,5,0.016447821348535535,lime_example_06,doc_05642,comp.os.ms-windows.misc,comp.os.ms-windows.misc,comp.graphics,baseline_correct_distilbert_wrong
uploaded,0.0044377874583005905,6,6,0.004635638733511248,lime_example_06,doc_05642,comp.os.ms-windows.misc,comp.os.ms-windows.misc,comp.graphics,baseline_correct_distilbert_wrong
to,0.0009641927317716181,7,7,0.0010071796398474085,lime_example_06,doc_05642,comp.os.ms-windows.misc,comp.os.ms-windows.misc,comp.graphics,baseline_correct_distilbert_wrong
cica,0.006151463137939572,8,9,0.006425715755418186,lime_example_06,doc_05642,comp.os.ms-windows.misc,comp.os.ms-windows.misc,comp.graphics,baseline_correct_distilbert_wrong
i,0.002740937052294612,10,10,0.00286313711170807,lime_example_06,doc_05642,comp.os.ms-windows.misc,comp.os.ms-windows.misc,comp.graphics,baseline_correct_distilbert_wrong
',0.01428249105811119,11,11,0.014919251852895679,lime_example_06,doc_05642,comp.os.ms-windows.misc,comp.os.ms-windows.misc,comp.graphics,baseline_correct_distilbert_wrong
ve,0.001755584147758782,12,12,0.0018338539084531583,lime_example_06,doc_05642,comp.os.ms-windows.misc,comp.os.ms-windows.misc,comp.graphics,baseline_correct_distilbert_wrong
recently,0.0006296977517195046,13,13,0.0006577717648050023,lime_example_06,doc_05642,comp.os.ms-windows.misc,comp.os.ms-windows.misc,comp.graphics,baseline_correct_distilbert_wrong
re,0.0015573870623484254,14,14,0.0016268205399941108,lime_example_06,doc_05642,comp.os.ms-windows.misc,comp.os.ms-windows.misc,comp.graphics,baseline_correct_distilbert_wrong
-,0.0016522342339158058,15,15,0.0017258963128681244,lime_example_06,doc_05642,comp.os.ms-windows.misc,comp.os.ms-windows.misc,comp.graphics,baseline_correct_distilbert_wrong
uploaded,0.006011607125401497,16,16,0.006279624498248288,lime_example_06,doc_05642,comp.os.ms-windows.misc,comp.os.ms-windows.misc,comp.graphics,baseline_correct_distilbert_wrong
to,0.0005217346479184926,17,17,0.0005449953079618618,lime_example_06,doc_05642,comp.os.ms-windows.misc,comp.os.ms-windows.misc,comp.graphics,baseline_correct_distilbert_wrong
cica,0.006140931509435177,18,19,0.006414714592004961,lime_example_06,doc_05642,comp.os.ms-windows.misc,comp.os.ms-windows.misc,comp.graphics,baseline_correct_distilbert_wrong
the,0.00662589306011796,20,20,0.006921297336161365,lime_example_06,doc_05642,comp.os.ms-windows.misc,comp.os.ms-windows.misc,comp.graphics,baseline_correct_distilbert_wrong
current,0.0006370775518007576,21,21,0.0006654805808363421,lime_example_06,doc_05642,comp.os.ms-windows.misc,comp.os.ms-windows.misc,comp.graphics,baseline_correct_distilbert_wrong
(,0.0006929701194167137,22,22,0.000723865024388567,lime_example_06,doc_05642,comp.os.ms-windows.misc,comp.os.ms-windows.misc,comp.graphics,baseline_correct_distilbert_wrong
v2,0.003259437275119126,23,24,0.0034047537931838337,lime_example_06,doc_05642,comp.os.ms-windows.misc,comp.os.ms-windows.misc,comp.graphics,baseline_correct_distilbert_wrong
.,0.002319606253877282,25,25,0.0024230219896754952,lime_example_06,doc_05642,comp.os.ms-windows.misc,comp.os.ms-windows.misc,comp.graphics,baseline_correct_distilbert_wrong
8,0.0008321080822497606,26,26,0.0008692062188174041,lime_example_06,doc_05642,comp.os.ms-windows.misc,comp.os.ms-windows.misc,comp.graphics,baseline_correct_distilbert_wrong
),0.009784216992557049,27,27,0.010220429818679305,lime_example_06,doc_05642,comp.os.ms-windows.misc,comp.os.ms-windows.misc,comp.graphics,baseline_correct_distilbert_wrong
version,0.0014910617610439658,28,28,0.00155753823690326,lime_example_06,doc_05642,comp.os.ms-windows.misc,comp.os.ms-windows.misc,comp.graphics,baseline_correct_distilbert_wrong
of,0.0020890990272164345,29,29,0.002182237986767778,lime_example_06,doc_05642,comp.os.ms-windows.misc,comp.os.ms-windows.misc,comp.graphics,baseline_correct_distilbert_wrong
the,0.0039681862108409405,30,30,0.004145101105811796,lime_example_06,doc_05642,comp.os.ms-windows.misc,comp.os.ms-windows.misc,comp.graphics,baseline_correct_distilbert_wrong
working,0.009983433410525322,31,31,0.01042852796492057,lime_example_06,doc_05642,comp.os.ms-windows.misc,comp.os.ms-windows.misc,comp.graphics,baseline_correct_distilbert_wrong
model,0.014190465211868286,32,32,0.014823123189381199,lime_example_06,doc_05642,comp.os.ms-windows.misc,comp.os.ms-windows.misc,comp.graphics,baseline_correct_distilbert_wrong
of,0.011277875863015652,33,33,0.011780680952743771,lime_example_06,doc_05642,comp.os.ms-windows.misc,comp.os.ms-windows.misc,comp.graphics,baseline_correct_distilbert_wrong
microcal,0.03736906964331865,34,35,0.039035106638519355,lime_example_06,doc_05642,comp.os.ms-windows.misc,comp.os.ms-windows.misc,comp.graphics,baseline_correct_distilbert_wrong
origin,0.021759750321507454,36,36,0.02272987211977501,lime_example_06,doc_05642,comp.os.ms-windows.misc,comp.os.ms-windows.misc,comp.graphics,baseline_correct_distilbert_wrong
",",0.0023711305111646652,37,37,0.0024768433691446817,lime_example_06,doc_05642,comp.os.ms-windows.misc,comp.os.ms-windows.misc,comp.graphics,baseline_correct_distilbert_wrong
a,0.0052033946849405766,38,38,0.005435379268139631,lime_example_06,doc_05642,comp.os.ms-windows.misc,comp.os.ms-windows.misc,comp.graphics,baseline_correct_distilbert_wrong
scientific,0.005166047252714634,39,39,0.005396366763586278,lime_example_06,doc_05642,comp.os.ms-windows.misc,comp.os.ms-windows.misc,comp.graphics,baseline_correct_distilbert_wrong
and,0.00030847228481434286,40,40,0.00032222500179124704,lime_example_06,doc_05642,comp.os.ms-windows.misc,comp.os.ms-windows.misc,comp.graphics,baseline_correct_distilbert_wrong
technical,0.0029876132030040026,41,41,0.003120810902894952,lime_example_06,doc_05642,comp.os.ms-windows.misc,comp.os.ms-windows.misc,comp.graphics,baseline_correct_distilbert_wrong
2d,0.020531559363007545,42,42,0.021446924337153908,lime_example_06,doc_05642,comp.os.ms-windows.misc,comp.os.ms-windows.misc,comp.graphics,baseline_correct_distilbert_wrong
/,0.006635340396314859,43,43,0.006931165865921829,lime_example_06,doc_05642,comp.os.ms-windows.misc,comp.os.ms-windows.misc,comp.graphics,baseline_correct_distilbert_wrong
3d,0.023193344473838806,44,44,0.024227380651476373,lime_example_06,doc_05642,comp.os.ms-windows.misc,comp.os.ms-windows.misc,comp.graphics,baseline_correct_distilbert_wrong
graphics,0.02687077783048153,45,45,0.02806876617706605,lime_example_06,doc_05642,comp.os.ms-windows.misc,comp.os.ms-windows.misc,comp.graphics,baseline_correct_distilbert_wrong
and,0.0064105442725121975,46,46,0.006696347585768803,lime_example_06,doc_05642,comp.os.ms-windows.misc,comp.os.ms-windows.misc,comp.graphics,baseline_correct_distilbert_wrong
data,0.013070833869278431,47,47,0.01365357497019941,lime_example_06,doc_05642,comp.os.ms-windows.misc,comp.os.ms-windows.misc,comp.graphics,baseline_correct_distilbert_wrong
analysis,0.008682983927428722,48,48,0.009070100133154648,lime_example_06,doc_05642,comp.os.ms-windows.misc,comp.os.ms-windows.misc,comp.graphics,baseline_correct_distilbert_wrong
package,0.007871382869780064,49,49,0.008222315210071478,lime_example_06,doc_05642,comp.os.ms-windows.misc,comp.os.ms-windows.misc,comp.graphics,baseline_correct_distilbert_wrong
for,0.004424660000950098,50,50,0.004621926010597348,lime_example_06,doc_05642,comp.os.ms-windows.misc,comp.os.ms-windows.misc,comp.graphics,baseline_correct_distilbert_wrong
windows,0.18573880195617676,51,51,0.1940196534319259,lime_example_06,doc_05642,comp.os.ms-windows.misc,comp.os.ms-windows.misc,comp.graphics,baseline_correct_distilbert_wrong
3,0.009277702309191227,52,52,0.00969133303174081,lime_example_06,doc_05642,comp.os.ms-windows.misc,comp.os.ms-windows.misc,comp.graphics,baseline_correct_distilbert_wrong
.,0.0085186418145895,53,53,0.008898431104165975,lime_example_06,doc_05642,comp.os.ms-windows.misc,comp.os.ms-windows.misc,comp.graphics,baseline_correct_distilbert_wrong
x,0.00860018189996481,54,54,0.00898360651683532,lime_example_06,doc_05642,comp.os.ms-windows.misc,comp.os.ms-windows.misc,comp.graphics,baseline_correct_distilbert_wrong
.,0.013485937379300594,55,55,0.014087185170678028,lime_example_06,doc_05642,comp.os.ms-windows.misc,comp.os.ms-windows.misc,comp.graphics,baseline_correct_distilbert_wrong
the,0.003097793785855174,56,56,0.0032359037013547786,lime_example_06,doc_05642,comp.os.ms-windows.misc,comp.os.ms-windows.misc,comp.graphics,baseline_correct_distilbert_wrong
working,0.006394667085260153,57,57,0.006679762540879571,lime_example_06,doc_05642,comp.os.ms-windows.misc,comp.os.ms-windows.misc,comp.graphics,baseline_correct_distilbert_wrong
model,0.01740056462585926,58,58,0.018176339476043295,lime_example_06,doc_05642,comp.os.ms-windows.misc,comp.os.ms-windows.misc,comp.graphics,baseline_correct_distilbert_wrong
is,0.006676999852061272,59,59,0.006974682638297633,lime_example_06,doc_05642,comp.os.ms-windows.misc,comp.os.ms-windows.misc,comp.graphics,baseline_correct_distilbert_wrong
2d,0.026226794347167015,60,60,0.02739607177539738,lime_example_06,doc_05642,comp.os.ms-windows.misc,comp.os.ms-windows.misc,comp.graphics,baseline_correct_distilbert_wrong
only,0.0029663711320608854,61,61,0.0030986217900162527,lime_example_06,doc_05642,comp.os.ms-windows.misc,comp.os.ms-windows.misc,comp.graphics,baseline_correct_distilbert_wrong
and,0.00034135955502279103,62,62,0.0003565784955198795,lime_example_06,doc_05642,comp.os.ms-windows.misc,comp.os.ms-windows.misc,comp.graphics,baseline_correct_distilbert_wrong
puts,0.0014785086968913674,63,63,0.0015444255155400066,lime_example_06,doc_05642,comp.os.ms-windows.misc,comp.os.ms-windows.misc,comp.graphics,baseline_correct_distilbert_wrong
a,0.00027775377384386957,64,64,0.0002901369577763931,lime_example_06,doc_05642,comp.os.ms-windows.misc,comp.os.ms-windows.misc,comp.graphics,baseline_correct_distilbert_wrong
promo,0.00041295247501693666,65,65,0.0004313632652026356,lime_example_06,doc_05642,comp.os.ms-windows.misc,comp.os.ms-windows.misc,comp.graphics,baseline_correct_distilbert_wrong
message,0.0007496494799852371,66,66,0.0007830713387312356,lime_example_06,doc_05642,comp.os.ms-windows.misc,comp.os.ms-windows.misc,comp.graphics,baseline_correct_distilbert_wrong
on,0.0004539223446045071,67,67,0.00047415970738280585,lime_example_06,doc_05642,comp.os.ms-windows.misc,comp.os.ms-windows.misc,comp.graphics,baseline_correct_distilbert_wrong
hardcopies,0.02987906406633556,68,70,0.031211171785142183,lime_example_06,doc_05642,comp.os.ms-windows.misc,comp.os.ms-windows.misc,comp.graphics,baseline_correct_distilbert_wrong
",",0.0029129914473742247,71,71,0.0030428622620439823,lime_example_06,doc_05642,comp.os.ms-windows.misc,comp.os.ms-windows.misc,comp.graphics,baseline_correct_distilbert_wrong
but,0.00016244006110355258,72,72,0.00016968217748173137,lime_example_06,doc_05642,comp.os.ms-windows.misc,comp.os.ms-windows.misc,comp.graphics,baseline_correct_distilbert_wrong
is,0.0019310256466269493,73,73,0.0020171171708920463,lime_example_06,doc_05642,comp.os.ms-windows.misc,comp.os.ms-windows.misc,comp.graphics,baseline_correct_distilbert_wrong
largely,0.000409492029575631,74,74,0.00042774854163291743,lime_example_06,doc_05642,comp.os.ms-windows.misc,comp.os.ms-windows.misc,comp.graphics,baseline_correct_distilbert_wrong
identical,0.0013546468690037727,75,75,0.0014150415167896216,lime_example_06,doc_05642,comp.os.ms-windows.misc,comp.os.ms-windows.misc,comp.graphics,baseline_correct_distilbert_wrong
to,0.0007971458253450692,76,76,0.0008326852286074712,lime_example_06,doc_05642,comp.os.ms-windows.misc,comp.os.ms-windows.misc,comp.graphics,baseline_correct_distilbert_wrong
the,0.004389821086078882,77,77,0.004585533861417595,lime_example_06,doc_05642,comp.os.ms-windows.misc,comp.os.ms-windows.misc,comp.graphics,baseline_correct_distilbert_wrong
full,0.0017523224232718349,78,78,0.0018304467654766616,lime_example_06,doc_05642,comp.os.ms-windows.misc,comp.os.ms-windows.misc,comp.graphics,baseline_correct_distilbert_wrong
version,0.008383533917367458,79,79,0.008757299649031889,lime_example_06,doc_05642,comp.os.ms-windows.misc,comp.os.ms-windows.misc,comp.graphics,baseline_correct_distilbert_wrong
.,0.00616428442299366,80,80,0.0064391086558598125,lime_example_06,doc_05642,comp.os.ms-windows.misc,comp.os.ms-windows.misc,comp.graphics,baseline_correct_distilbert_wrong
saving,0.0015974795678630471,81,81,0.0016687005023026853,lime_example_06,doc_05642,comp.os.ms-windows.misc,comp.os.ms-windows.misc,comp.graphics,baseline_correct_distilbert_wrong
origin,0.013089161366224289,82,82,0.01367271956771086,lime_example_06,doc_05642,comp.os.ms-windows.misc,comp.os.ms-windows.misc,comp.graphics,baseline_correct_distilbert_wrong
files,0.003862602636218071,83,83,0.004034810265445192,lime_example_06,doc_05642,comp.os.ms-windows.misc,comp.os.ms-windows.misc,comp.graphics,baseline_correct_distilbert_wrong
is,0.0003487350477371365,84,84,0.0003642828121476169,lime_example_06,doc_05642,comp.os.ms-windows.misc,comp.os.ms-windows.misc,comp.graphics,baseline_correct_distilbert_wrong
disabled,0.0003828579792752862,85,85,0.0003999270570839829,lime_example_06,doc_05642,comp.os.ms-windows.misc,comp.os.ms-windows.misc,comp.graphics,baseline_correct_distilbert_wrong
",",0.00585695868358016,86,86,0.006118081316263932,lime_example_06,doc_05642,comp.os.ms-windows.misc,comp.os.ms-windows.misc,comp.graphics,baseline_correct_distilbert_wrong
but,6.176686292747036e-05,87,87,6.452063442076348e-05,lime_example_06,doc_05642,comp.os.ms-windows.misc,comp.os.ms-windows.misc,comp.graphics,baseline_correct_distilbert_wrong
you,0.0011649057269096375,88,88,0.0012168410856294824,lime_example_06,doc_05642,comp.os.ms-windows.misc,comp.os.ms-windows.misc,comp.graphics,baseline_correct_distilbert_wrong
can,0.000504563853610307,89,89,0.0005270589827258937,lime_example_06,doc_05642,comp.os.ms-windows.misc,comp.os.ms-windows.misc,comp.graphics,baseline_correct_distilbert_wrong
save,0.0059361085295677185,90,90,0.0062007599247504855,lime_example_06,doc_05642,comp.os.ms-windows.misc,comp.os.ms-windows.misc,comp.graphics,baseline_correct_distilbert_wrong
ascii,0.01405264437198639,91,93,0.014679157839610657,lime_example_06,doc_05642,comp.os.ms-windows.misc,comp.os.ms-windows.misc,comp.graphics,baseline_correct_distilbert_wrong
data,0.0111616225913167,94,94,0.011659244724837661,lime_example_06,doc_05642,comp.os.ms-windows.misc,comp.os.ms-windows.misc,comp.graphics,baseline_correct_distilbert_wrong
sets,0.013807512819766998,95,95,0.014423097510234474,lime_example_06,doc_05642,comp.os.ms-windows.misc,comp.os.ms-windows.misc,comp.graphics,baseline_correct_distilbert_wrong
produced,0.006984578911215067,96,96,0.007295974591467532,lime_example_06,doc_05642,comp.os.ms-windows.misc,comp.os.ms-windows.misc,comp.graphics,baseline_correct_distilbert_wrong
with,0.009924417361617088,97,97,0.010366880784926384,lime_example_06,doc_05642,comp.os.ms-windows.misc,comp.os.ms-windows.misc,comp.graphics,baseline_correct_distilbert_wrong
origin,0.01928170584142208,98,98,0.020141348202578114,lime_example_06,doc_05642,comp.os.ms-windows.misc,comp.os.ms-windows.misc,comp.graphics,baseline_correct_distilbert_wrong
.,0.006695698946714401,99,99,0.006994215400573912,lime_example_06,doc_05642,comp.os.ms-windows.misc,comp.os.ms-windows.misc,comp.graphics,baseline_correct_distilbert_wrong
it,0.0005562772857956588,100,100,0.0005810779711370748,lime_example_06,doc_05642,comp.os.ms-windows.misc,comp.os.ms-windows.misc,comp.graphics,baseline_correct_distilbert_wrong
also,0.00021069834474474192,101,101,0.0002200919753735701,lime_example_06,doc_05642,comp.os.ms-windows.misc,comp.os.ms-windows.misc,comp.graphics,baseline_correct_distilbert_wrong
says,0.0007285468745976686,102,102,0.0007610279092448499,lime_example_06,doc_05642,comp.os.ms-windows.misc,comp.os.ms-windows.misc,comp.graphics,baseline_correct_distilbert_wrong
it,0.0014084953581914306,103,103,0.0014712907501215305,lime_example_06,doc_05642,comp.os.ms-windows.misc,comp.os.ms-windows.misc,comp.graphics,baseline_correct_distilbert_wrong
has,0.00044385832734405994,104,104,0.0004636470028728157,lime_example_06,doc_05642,comp.os.ms-windows.misc,comp.os.ms-windows.misc,comp.graphics,baseline_correct_distilbert_wrong
an,0.00027649011462926865,105,105,0.0002888169604452443,lime_example_06,doc_05642,comp.os.ms-windows.misc,comp.os.ms-windows.misc,comp.graphics,baseline_correct_distilbert_wrong
expiration,0.00042148769716732204,106,107,0.00044027901584892755,lime_example_06,doc_05642,comp.os.ms-windows.misc,comp.os.ms-windows.misc,comp.graphics,baseline_correct_distilbert_wrong
date,0.000286944821709767,108,108,0.00029973777302251704,lime_example_06,doc_05642,comp.os.ms-windows.misc,comp.os.ms-windows.misc,comp.graphics,baseline_correct_distilbert_wrong
of,0.00025634458870626986,109,109,0.0002677732801984733,lime_example_06,doc_05642,comp.os.ms-windows.misc,comp.os.ms-windows.misc,comp.graphics,baseline_correct_distilbert_wrong
sept,0.00046170479618012905,110,110,0.0004822891264468374,lime_example_06,doc_05642,comp.os.ms-windows.misc,comp.os.ms-windows.misc,comp.graphics,baseline_correct_distilbert_wrong
.,0.009281543083488941,111,111,0.009695345040488065,lime_example_06,doc_05642,comp.os.ms-windows.misc,comp.os.ms-windows.misc,comp.graphics,baseline_correct_distilbert_wrong
1,0.00029976529185660183,112,112,0.00031312982222562395,lime_example_06,doc_05642,comp.os.ms-windows.misc,comp.os.ms-windows.misc,comp.graphics,baseline_correct_distilbert_wrong
",",0.007972599938511848,113,113,0.008328044871240337,lime_example_06,doc_05642,comp.os.ms-windows.misc,comp.os.ms-windows.misc,comp.graphics,baseline_correct_distilbert_wrong
1993,0.006642364431172609,114,114,0.006938503055536715,lime_example_06,doc_05642,comp.os.ms-windows.misc,comp.os.ms-windows.misc,comp.graphics,baseline_correct_distilbert_wrong
.,0.0002416117349639535,115,115,0.00025238358700005426,lime_example_06,doc_05642,comp.os.ms-windows.misc,comp.os.ms-windows.misc,comp.graphics,baseline_correct_distilbert_wrong
try,0.00044978782534599304,116,116,0.0004698408575506971,lime_example_06,doc_05642,comp.os.ms-windows.misc,comp.os.ms-windows.misc,comp.graphics,baseline_correct_distilbert_wrong
it,0.0013482986250892282,117,117,0.001408410247118291,lime_example_06,doc_05642,comp.os.ms-windows.misc,comp.os.ms-windows.misc,comp.graphics,baseline_correct_distilbert_wrong
.,0.00139667431358248,118,118,0.0014589426841596692,lime_example_06,doc_05642,comp.os.ms-windows.misc,comp.os.ms-windows.misc,comp.graphics,baseline_correct_distilbert_wrong
you,0.0002861610846593976,119,119,0.0002989190943765209,lime_example_06,doc_05642,comp.os.ms-windows.misc,comp.os.ms-windows.misc,comp.graphics,baseline_correct_distilbert_wrong
may,0.0001788343652151525,120,120,0.0001868073940142505,lime_example_06,doc_05642,comp.os.ms-windows.misc,comp.os.ms-windows.misc,comp.graphics,baseline_correct_distilbert_wrong
like,0.00033407771843485534,121,121,0.0003489720105191173,lime_example_06,doc_05642,comp.os.ms-windows.misc,comp.os.ms-windows.misc,comp.graphics,baseline_correct_distilbert_wrong
it,0.000895367527846247,122,122,0.0009352859801901617,lime_example_06,doc_05642,comp.os.ms-windows.misc,comp.os.ms-windows.misc,comp.graphics,baseline_correct_distilbert_wrong
",",6.268306606216356e-05,123,123,6.547768492821944e-05,lime_example_06,doc_05642,comp.os.ms-windows.misc,comp.os.ms-windows.misc,comp.graphics,baseline_correct_distilbert_wrong
as,5.2397354011191055e-05,124,124,5.4733401739071276e-05,lime_example_06,doc_05642,comp.os.ms-windows.misc,comp.os.ms-windows.misc,comp.graphics,baseline_correct_distilbert_wrong
i,0.00016162860265467316,125,125,0.0001688345415253891,lime_example_06,doc_05642,comp.os.ms-windows.misc,comp.os.ms-windows.misc,comp.graphics,baseline_correct_distilbert_wrong
do,0.00019877466547768563,126,126,0.00020763669896033292,lime_example_06,doc_05642,comp.os.ms-windows.misc,comp.os.ms-windows.misc,comp.graphics,baseline_correct_distilbert_wrong
!,8.293631253764033e-05,127,127,8.663388826676854e-05,lime_example_06,doc_05642,comp.os.ms-windows.misc,comp.os.ms-windows.misc,comp.graphics,baseline_correct_distilbert_wrong
it,0.0007319073774851859,128,128,0.0007645382344904436,lime_example_06,doc_05642,comp.os.ms-windows.misc,comp.os.ms-windows.misc,comp.graphics,baseline_correct_distilbert_wrong
',0.0002933484793175012,129,129,0.0003064269269131642,lime_example_06,doc_05642,comp.os.ms-windows.misc,comp.os.ms-windows.misc,comp.graphics,baseline_correct_distilbert_wrong
s,0.00021162745542824268,130,130,0.00022106250889114524,lime_example_06,doc_05642,comp.os.ms-windows.misc,comp.os.ms-windows.misc,comp.graphics,baseline_correct_distilbert_wrong
currently,0.00017240025044884533,131,131,0.00018008642508394218,lime_example_06,doc_05642,comp.os.ms-windows.misc,comp.os.ms-windows.misc,comp.graphics,baseline_correct_distilbert_wrong
at,0.00011018459917977452,132,132,0.00011509699384967199,lime_example_06,doc_05642,comp.os.ms-windows.misc,comp.os.ms-windows.misc,comp.graphics,baseline_correct_distilbert_wrong
<,3.4208616852993146e-05,133,133,3.573375038657371e-05,lime_example_06,doc_05642,comp.os.ms-windows.misc,comp.os.ms-windows.misc,comp.graphics,baseline_correct_distilbert_wrong
url,0.0005658195004798472,134,135,0.0005910456093822922,lime_example_06,doc_05642,comp.os.ms-windows.misc,comp.os.ms-windows.misc,comp.graphics,baseline_correct_distilbert_wrong
>,2.548190786910709e-05,136,136,2.661797578900562e-05,lime_example_06,doc_05642,comp.os.ms-windows.misc,comp.os.ms-windows.misc,comp.graphics,baseline_correct_distilbert_wrong
(,4.238246401655488e-05,137,137,4.427201475124832e-05,lime_example_06,doc_05642,comp.os.ms-windows.misc,comp.os.ms-windows.misc,comp.graphics,baseline_correct_distilbert_wrong
129,4.2999799916287884e-05,138,138,4.491687353172836e-05,lime_example_06,doc_05642,comp.os.ms-windows.misc,comp.os.ms-windows.misc,comp.graphics,baseline_correct_distilbert_wrong
.,8.711414557183161e-05,139,139,9.099798294625017e-05,lime_example_06,doc_05642,comp.os.ms-windows.misc,comp.os.ms-windows.misc,comp.graphics,baseline_correct_distilbert_wrong
79,2.6077723305206746e-05,140,140,2.724035465224779e-05,lime_example_06,doc_05642,comp.os.ms-windows.misc,comp.os.ms-windows.misc,comp.graphics,baseline_correct_distilbert_wrong
.,8.441879617748782e-05,141,141,8.818246594139775e-05,lime_example_06,doc_05642,comp.os.ms-windows.misc,comp.os.ms-windows.misc,comp.graphics,baseline_correct_distilbert_wrong
20,3.914257831638679e-05,142,142,4.0887684207036144e-05,lime_example_06,doc_05642,comp.os.ms-windows.misc,comp.os.ms-windows.misc,comp.graphics,baseline_correct_distilbert_wrong
.,8.4323160990607e-05,143,143,8.808256702087551e-05,lime_example_06,doc_05642,comp.os.ms-windows.misc,comp.os.ms-windows.misc,comp.graphics,baseline_correct_distilbert_wrong
17,4.129458102397621e-05,144,144,4.313563032876023e-05,lime_example_06,doc_05642,comp.os.ms-windows.misc,comp.os.ms-windows.misc,comp.graphics,baseline_correct_distilbert_wrong
),0.00923580676317215,145,145,0.009647569643405397,lime_example_06,doc_05642,comp.os.ms-windows.misc,comp.os.ms-windows.misc,comp.graphics,baseline_correct_distilbert_wrong
in,6.555746222147718e-05,146,146,6.848023119632591e-05,lime_example_06,doc_05642,comp.os.ms-windows.misc,comp.os.ms-windows.misc,comp.graphics,baseline_correct_distilbert_wrong
the,0.00014669852680526674,147,147,0.00015323883340459668,lime_example_06,doc_05642,comp.os.ms-windows.misc,comp.os.ms-windows.misc,comp.graphics,baseline_correct_distilbert_wrong
directory,0.00028387943166308105,148,148,0.00029653571772643515,lime_example_06,doc_05642,comp.os.ms-windows.misc,comp.os.ms-windows.misc,comp.graphics,baseline_correct_distilbert_wrong
/,2.448719351377804e-05,149,149,2.5578913770449912e-05,lime_example_06,doc_05642,comp.os.ms-windows.misc,comp.os.ms-windows.misc,comp.graphics,baseline_correct_distilbert_wrong
pub,0.00014058656233828515,150,150,0.00014685437730181745,lime_example_06,doc_05642,comp.os.ms-windows.misc,comp.os.ms-windows.misc,comp.graphics,baseline_correct_distilbert_wrong
/,2.3470549422199838e-05,151,151,2.4516944315310663e-05,lime_example_06,doc_05642,comp.os.ms-windows.misc,comp.os.ms-windows.misc,comp.graphics,baseline_correct_distilbert_wrong
pc,0.0019616244826465845,152,152,0.0020490802044500567,lime_example_06,doc_05642,comp.os.ms-windows.misc,comp.os.ms-windows.misc,comp.graphics,baseline_correct_distilbert_wrong
/,3.2047810236690566e-05,153,153,3.3476607848702954e-05,lime_example_06,doc_05642,comp.os.ms-windows.misc,comp.os.ms-windows.misc,comp.graphics,baseline_correct_distilbert_wrong
win3,0.015358960430603474,154,155,0.016043713798280217,lime_example_06,doc_05642,comp.os.ms-windows.misc,comp.os.ms-windows.misc,comp.graphics,baseline_correct_distilbert_wrong
/,5.7758879847824574e-05,156,156,6.033396216981739e-05,lime_example_06,doc_05642,comp.os.ms-windows.misc,comp.os.ms-windows.misc,comp.graphics,baseline_correct_distilbert_wrong
uploads,0.001140927335654851,157,159,0.001191793658209301,lime_example_06,doc_05642,comp.os.ms-windows.misc,comp.os.ms-windows.misc,comp.graphics,baseline_correct_distilbert_wrong
as,0.00015038932906463742,160,160,0.00015709418386291297,lime_example_06,doc_05642,comp.os.ms-windows.misc,comp.os.ms-windows.misc,comp.graphics,baseline_correct_distilbert_wrong
origin2,0.01958125876262784,161,162,0.02045425618596532,lime_example_06,doc_05642,comp.os.ms-windows.misc,comp.os.ms-windows.misc,comp.graphics,baseline_correct_distilbert_wrong
.,0.00085388746811077,163,163,0.0008919566018941196,lime_example_06,doc_05642,comp.os.ms-windows.misc,comp.os.ms-windows.misc,comp.graphics,baseline_correct_distilbert_wrong
zip,0.00045884601422585547,164,164,0.0004793028905167894,lime_example_06,doc_05642,comp.os.ms-windows.misc,comp.os.ms-windows.misc,comp.graphics,baseline_correct_distilbert_wrong
.,0.00028074480360373855,165,165,0.00029326133755758324,lime_example_06,doc_05642,comp.os.ms-windows.misc,comp.os.ms-windows.misc,comp.graphics,baseline_correct_distilbert_wrong
the,0.00022529432317242026,166,166,0.00023533869090211208,lime_example_06,doc_05642,comp.os.ms-windows.misc,comp.os.ms-windows.misc,comp.graphics,baseline_correct_distilbert_wrong
file,0.000482479837955907,167,167,0.0005039903884498153,lime_example_06,doc_05642,comp.os.ms-windows.misc,comp.os.ms-windows.misc,comp.graphics,baseline_correct_distilbert_wrong
origin,0.0038089510053396225,168,168,0.00397876666701846,lime_example_06,doc_05642,comp.os.ms-windows.misc,comp.os.ms-windows.misc,comp.graphics,baseline_correct_distilbert_wrong
.,0.00010735131945693865,169,169,0.00011213739712507366,lime_example_06,doc_05642,comp.os.ms-windows.misc,comp.os.ms-windows.misc,comp.graphics,baseline_correct_distilbert_wrong
zip,9.039644646691158e-05,170,170,9.442661969536073e-05,lime_example_06,doc_05642,comp.os.ms-windows.misc,comp.os.ms-windows.misc,comp.graphics,baseline_correct_distilbert_wrong
is,6.153567665023729e-05,171,171,6.427914109295813e-05,lime_example_06,doc_05642,comp.os.ms-windows.misc,comp.os.ms-windows.misc,comp.graphics,baseline_correct_distilbert_wrong
",",3.110826946794987e-05,172,172,3.249517923811439e-05,lime_example_06,doc_05642,comp.os.ms-windows.misc,comp.os.ms-windows.misc,comp.graphics,baseline_correct_distilbert_wrong
unfortunately,3.798647958319634e-05,173,173,3.968004276009916e-05,lime_example_06,doc_05642,comp.os.ms-windows.misc,comp.os.ms-windows.misc,comp.graphics,baseline_correct_distilbert_wrong
",",0.006998843979090452,174,174,0.007310875643354462,lime_example_06,doc_05642,comp.os.ms-windows.misc,comp.os.ms-windows.misc,comp.graphics,baseline_correct_distilbert_wrong
incomplete,7.079516217345372e-05,175,175,7.395144517402062e-05,lime_example_06,doc_05642,comp.os.ms-windows.misc,comp.os.ms-windows.misc,comp.graphics,baseline_correct_distilbert_wrong
(,2.7448479158920236e-05,176,176,2.8672223345683337e-05,lime_example_06,doc_05642,comp.os.ms-windows.misc,comp.os.ms-windows.misc,comp.graphics,baseline_correct_distilbert_wrong
sorry,2.3415601390297525e-05,177,177,2.445954651800513e-05,lime_example_06,doc_05642,comp.os.ms-windows.misc,comp.os.ms-windows.misc,comp.graphics,baseline_correct_distilbert_wrong
',0.0021800862159579992,178,178,0.0022772816859865804,lime_example_06,doc_05642,comp.os.ms-windows.misc,comp.os.ms-windows.misc,comp.graphics,baseline_correct_distilbert_wrong
bout,4.730956788989715e-05,179,179,4.941878524756344e-05,lime_example_06,doc_05642,comp.os.ms-windows.misc,comp.os.ms-windows.misc,comp.graphics,baseline_correct_distilbert_wrong
that,4.735124821309e-05,180,180,4.946232381772561e-05,lime_example_06,doc_05642,comp.os.ms-windows.misc,comp.os.ms-windows.misc,comp.graphics,baseline_correct_distilbert_wrong
!,1.4407108210434671e-05,181,181,1.5049424850949042e-05,lime_example_06,doc_05642,comp.os.ms-windows.misc,comp.os.ms-windows.misc,comp.graphics,baseline_correct_distilbert_wrong
),0.0001622387208044529,182,182,0.00016947186076469764,lime_example_06,doc_05642,comp.os.ms-windows.misc,comp.os.ms-windows.misc,comp.graphics,baseline_correct_distilbert_wrong
.,0.0028023552149534225,183,183,0.00292729349964633,lime_example_06,doc_05642,comp.os.ms-windows.misc,comp.os.ms-windows.misc,comp.graphics,baseline_correct_distilbert_wrong
<,1.4212567293725442e-05,184,184,1.4846210655311238e-05,lime_example_06,doc_05642,comp.os.ms-windows.misc,comp.os.ms-windows.misc,comp.graphics,baseline_correct_distilbert_wrong
include,3.2964071579044685e-05,185,185,3.443371915891029e-05,lime_example_06,doc_05642,comp.os.ms-windows.misc,comp.os.ms-windows.misc,comp.graphics,baseline_correct_distilbert_wrong
std,0.0010328304197173566,186,187,0.001078877423441075,lime_example_06,doc_05642,comp.os.ms-windows.misc,comp.os.ms-windows.misc,comp.graphics,baseline_correct_distilbert_wrong
disclaimer,0.0007107662167982198,188,190,0.0007424545307816106,lime_example_06,doc_05642,comp.os.ms-windows.misc,comp.os.ms-windows.misc,comp.graphics,baseline_correct_distilbert_wrong
>,1.858003088273108e-05,191,191,1.9408390248325728e-05,lime_example_06,doc_05642,comp.os.ms-windows.misc,comp.os.ms-windows.misc,comp.graphics,baseline_correct_distilbert_wrong
|,2.2080073904362507e-05,192,192,2.306447678975815e-05,lime_example_06,doc_05642,comp.os.ms-windows.misc,comp.os.ms-windows.misc,comp.graphics,baseline_correct_distilbert_wrong
tom,6.841825961600989e-05,193,193,7.146857242164055e-05,lime_example_06,doc_05642,comp.os.ms-windows.misc,comp.os.ms-windows.misc,comp.graphics,baseline_correct_distilbert_wrong
carter,3.581252894946374e-05,194,194,3.740917020093173e-05,lime_example_06,doc_05642,comp.os.ms-windows.misc,comp.os.ms-windows.misc,comp.graphics,baseline_correct_distilbert_wrong
|,1.757646350597497e-05,195,195,1.8360080511301863e-05,lime_example_06,doc_05642,comp.os.ms-windows.misc,comp.os.ms-windows.misc,comp.graphics,baseline_correct_distilbert_wrong
<,2.602252789074555e-05,196,196,2.7182698443248876e-05,lime_example_06,doc_05642,comp.os.ms-windows.misc,comp.os.ms-windows.misc,comp.graphics,baseline_correct_distilbert_wrong
email,5.430114106275141e-05,197,197,5.6722065928038524e-05,lime_example_06,doc_05642,comp.os.ms-windows.misc,comp.os.ms-windows.misc,comp.graphics,baseline_correct_distilbert_wrong
>,1.3283475709613413e-05,198,198,1.3875697088638906e-05,lime_example_06,doc_05642,comp.os.ms-windows.misc,comp.os.ms-windows.misc,comp.graphics,baseline_correct_distilbert_wrong
|,1.770412018231582e-05,199,199,1.849342854542866e-05,lime_example_06,doc_05642,comp.os.ms-windows.misc,comp.os.ms-windows.misc,comp.graphics,baseline_correct_distilbert_wrong
|,5.289833643473685e-05,200,200,5.5256719619708706e-05,lime_example_06,doc_05642,comp.os.ms-windows.misc,comp.os.ms-windows.misc,comp.graphics,baseline_correct_distilbert_wrong
michigan,0.00012552749831229448,201,201,0.00013112393028396035,lime_example_06,doc_05642,comp.os.ms-windows.misc,comp.os.ms-windows.misc,comp.graphics,baseline_correct_distilbert_wrong
state,6.59112847642973e-05,202,202,6.884982832095129e-05,lime_example_06,doc_05642,comp.os.ms-windows.misc,comp.os.ms-windows.misc,comp.graphics,baseline_correct_distilbert_wrong
university,4.007707684650086e-05,203,203,4.186384577928616e-05,lime_example_06,doc_05642,comp.os.ms-windows.misc,comp.os.ms-windows.misc,comp.graphics,baseline_correct_distilbert_wrong
|,2.253704769827891e-05,204,204,2.354182399017808e-05,lime_example_06,doc_05642,comp.os.ms-windows.misc,comp.os.ms-windows.misc,comp.graphics,baseline_correct_distilbert_wrong
<,2.1984998966217972e-05,205,205,2.2965163095717976e-05,lime_example_06,doc_05642,comp.os.ms-windows.misc,comp.os.ms-windows.misc,comp.graphics,baseline_correct_distilbert_wrong
email,3.45677362929564e-05,206,206,3.610888056157493e-05,lime_example_06,doc_05642,comp.os.ms-windows.misc,comp.os.ms-windows.misc,comp.graphics,baseline_correct_distilbert_wrong
>,1.8846551029128022e-05,207,207,1.9686792746306528e-05,lime_example_06,doc_05642,comp.os.ms-windows.misc,comp.os.ms-windows.misc,comp.graphics,baseline_correct_distilbert_wrong
|,1.5953688489389606e-05,208,208,1.6664956805323795e-05,lime_example_06,doc_05642,comp.os.ms-windows.misc,comp.os.ms-windows.misc,comp.graphics,baseline_correct_distilbert_wrong
|,5.917886664974503e-05,209,209,6.181725669032108e-05,lime_example_06,doc_05642,comp.os.ms-windows.misc,comp.os.ms-windows.misc,comp.graphics,baseline_correct_distilbert_wrong
chemistry,0.0008308670367114246,210,210,0.0008679098433551675,lime_example_06,doc_05642,comp.os.ms-windows.misc,comp.os.ms-windows.misc,comp.graphics,baseline_correct_distilbert_wrong
department,0.00019766420882660896,211,211,0.00020647673447082412,lime_example_06,doc_05642,comp.os.ms-windows.misc,comp.os.ms-windows.misc,comp.graphics,baseline_correct_distilbert_wrong
|,2.780121394607704e-05,212,212,2.9040684218892234e-05,lime_example_06,doc_05642,comp.os.ms-windows.misc,comp.os.ms-windows.misc,comp.graphics,baseline_correct_distilbert_wrong
|,5.542140934267081e-05,213,213,5.789227948132732e-05,lime_example_06,doc_05642,comp.os.ms-windows.misc,comp.os.ms-windows.misc,comp.graphics,baseline_correct_distilbert_wrong
re,0.00248427945189178,1,1,0.0026341732763881316,lime_example_07,doc_00009,sci.electronics,comp.sys.ibm.pc.hardware,comp.sys.ibm.pc.hardware,both_wrong_same_prediction
:,0.001523547456599772,2,2,0.0016154736506909903,lime_example_07,doc_00009,sci.electronics,comp.sys.ibm.pc.hardware,comp.sys.ibm.pc.hardware,both_wrong_same_prediction
ibm,0.032500360161066055,3,3,0.034461332497870326,lime_example_07,doc_00009,sci.electronics,comp.sys.ibm.pc.hardware,comp.sys.ibm.pc.hardware,both_wrong_same_prediction
-,0.009262965060770512,4,4,0.009821864043764417,lime_example_07,doc_00009,sci.electronics,comp.sys.ibm.pc.hardware,comp.sys.ibm.pc.hardware,both_wrong_same_prediction
pc,0.020855193957686424,5,5,0.02211353257999815,lime_example_07,doc_00009,sci.electronics,comp.sys.ibm.pc.hardware,comp.sys.ibm.pc.hardware,both_wrong_same_prediction
xt,0.03911229036748409,6,7,0.04147220635178673,lime_example_07,doc_00009,sci.electronics,comp.sys.ibm.pc.hardware,comp.sys.ibm.pc.hardware,both_wrong_same_prediction
switch,0.03863859176635742,8,8,0.04096992622577268,lime_example_07,doc_00009,sci.electronics,comp.sys.ibm.pc.hardware,comp.sys.ibm.pc.hardware,both_wrong_same_prediction
settings,0.008190300315618515,9,9,0.008684477988402816,lime_example_07,doc_00009,sci.electronics,comp.sys.ibm.pc.hardware,comp.sys.ibm.pc.hardware,both_wrong_same_prediction
in,0.00040233856998384,10,10,0.00042661444883126444,lime_example_07,doc_00009,sci.electronics,comp.sys.ibm.pc.hardware,comp.sys.ibm.pc.hardware,both_wrong_same_prediction
article,0.00021436077076941729,11,11,0.0002272946441016407,lime_example_07,doc_00009,sci.electronics,comp.sys.ibm.pc.hardware,comp.sys.ibm.pc.hardware,both_wrong_same_prediction
<,0.00032645126339048147,12,12,0.00034614833424295846,lime_example_07,doc_00009,sci.electronics,comp.sys.ibm.pc.hardware,comp.sys.ibm.pc.hardware,both_wrong_same_prediction
1qk158,0.00561134351301007,13,17,0.0059499148195059515,lime_example_07,doc_00009,sci.electronics,comp.sys.ibm.pc.hardware,comp.sys.ibm.pc.hardware,both_wrong_same_prediction
$,0.00025020670727826655,18,18,0.0002653034147923986,lime_example_07,doc_00009,sci.electronics,comp.sys.ibm.pc.hardware,comp.sys.ibm.pc.hardware,both_wrong_same_prediction
<,0.00038599269464612007,19,19,0.00040928231336598693,lime_example_07,doc_00009,sci.electronics,comp.sys.ibm.pc.hardware,comp.sys.ibm.pc.hardware,both_wrong_same_prediction
email,8.589932258473709e-05,20,20,9.108222500502124e-05,lime_example_07,doc_00009,sci.electronics,comp.sys.ibm.pc.hardware,comp.sys.ibm.pc.hardware,both_wrong_same_prediction
>,0.0017802920192480087,21,21,0.0018877093950517682,lime_example_07,doc_00009,sci.electronics,comp.sys.ibm.pc.hardware,comp.sys.ibm.pc.hardware,both_wrong_same_prediction
>,0.0005230806418694556,22,22,0.0005546417280709747,lime_example_07,doc_00009,sci.electronics,comp.sys.ibm.pc.hardware,comp.sys.ibm.pc.hardware,both_wrong_same_prediction
<,5.069442340754904e-05,23,23,5.37531698780431e-05,lime_example_07,doc_00009,sci.electronics,comp.sys.ibm.pc.hardware,comp.sys.ibm.pc.hardware,both_wrong_same_prediction
email,7.865469524404034e-05,24,24,8.340047900671093e-05,lime_example_07,doc_00009,sci.electronics,comp.sys.ibm.pc.hardware,comp.sys.ibm.pc.hardware,both_wrong_same_prediction
>,0.007508878130465746,25,25,0.007961940872580137,lime_example_07,doc_00009,sci.electronics,comp.sys.ibm.pc.hardware,comp.sys.ibm.pc.hardware,both_wrong_same_prediction
writes,0.00024217955069616437,26,26,0.00025679192413145276,lime_example_07,doc_00009,sci.electronics,comp.sys.ibm.pc.hardware,comp.sys.ibm.pc.hardware,both_wrong_same_prediction
:,0.002950827358290553,27,27,0.003128871256623254,lime_example_07,doc_00009,sci.electronics,comp.sys.ibm.pc.hardware,comp.sys.ibm.pc.hardware,both_wrong_same_prediction
>,0.0001266874751308933,28,28,0.00013433140993407956,lime_example_07,doc_00009,sci.electronics,comp.sys.ibm.pc.hardware,comp.sys.ibm.pc.hardware,both_wrong_same_prediction
i,0.0007361570023931563,29,29,0.000780574464540763,lime_example_07,doc_00009,sci.electronics,comp.sys.ibm.pc.hardware,comp.sys.ibm.pc.hardware,both_wrong_same_prediction
just,0.0005746686365455389,30,30,0.0006093423845751013,lime_example_07,doc_00009,sci.electronics,comp.sys.ibm.pc.hardware,comp.sys.ibm.pc.hardware,both_wrong_same_prediction
got,0.000753564469050616,31,31,0.0007990322444993661,lime_example_07,doc_00009,sci.electronics,comp.sys.ibm.pc.hardware,comp.sys.ibm.pc.hardware,both_wrong_same_prediction
an,0.0018367975717410445,32,32,0.0019476243197722363,lime_example_07,doc_00009,sci.electronics,comp.sys.ibm.pc.hardware,comp.sys.ibm.pc.hardware,both_wrong_same_prediction
ibm,0.03836831450462341,33,33,0.040683341260650124,lime_example_07,doc_00009,sci.electronics,comp.sys.ibm.pc.hardware,comp.sys.ibm.pc.hardware,both_wrong_same_prediction
-,0.006850903388112783,34,34,0.007264265946546879,lime_example_07,doc_00009,sci.electronics,comp.sys.ibm.pc.hardware,comp.sys.ibm.pc.hardware,both_wrong_same_prediction
pc,0.01954752393066883,35,35,0.020726961742775947,lime_example_07,doc_00009,sci.electronics,comp.sys.ibm.pc.hardware,comp.sys.ibm.pc.hardware,both_wrong_same_prediction
xt,0.034076505340635777,36,37,0.03613257745727653,lime_example_07,doc_00009,sci.electronics,comp.sys.ibm.pc.hardware,comp.sys.ibm.pc.hardware,both_wrong_same_prediction
with,0.00046775361988693476,38,38,0.0004959764427877457,lime_example_07,doc_00009,sci.electronics,comp.sys.ibm.pc.hardware,comp.sys.ibm.pc.hardware,both_wrong_same_prediction
no,0.00032438887865282595,39,39,0.00034396151151759,lime_example_07,doc_00009,sci.electronics,comp.sys.ibm.pc.hardware,comp.sys.ibm.pc.hardware,both_wrong_same_prediction
documents,0.00042384176049381495,40,40,0.00044941507609375905,lime_example_07,doc_00009,sci.electronics,comp.sys.ibm.pc.hardware,comp.sys.ibm.pc.hardware,both_wrong_same_prediction
.,0.08185321092605591,41,41,0.08679198334301166,lime_example_07,doc_00009,sci.electronics,comp.sys.ibm.pc.hardware,comp.sys.ibm.pc.hardware,both_wrong_same_prediction
its,0.000769635837059468,42,42,0.0008160733097030731,lime_example_07,doc_00009,sci.electronics,comp.sys.ibm.pc.hardware,comp.sys.ibm.pc.hardware,both_wrong_same_prediction
a,0.00035422967630438507,43,43,0.0003756028116378258,lime_example_07,doc_00009,sci.electronics,comp.sys.ibm.pc.hardware,comp.sys.ibm.pc.hardware,both_wrong_same_prediction
true,0.00030948384664952755,44,44,0.0003281571554670257,lime_example_07,doc_00009,sci.electronics,comp.sys.ibm.pc.hardware,comp.sys.ibm.pc.hardware,both_wrong_same_prediction
>,0.0010259662522003055,45,45,0.0010878699181624356,lime_example_07,doc_00009,sci.electronics,comp.sys.ibm.pc.hardware,comp.sys.ibm.pc.hardware,both_wrong_same_prediction
ibm,0.017767852172255516,46,46,0.018839910033200707,lime_example_07,doc_00009,sci.electronics,comp.sys.ibm.pc.hardware,comp.sys.ibm.pc.hardware,both_wrong_same_prediction
",",0.021112069487571716,47,47,0.02238590719375853,lime_example_07,doc_00009,sci.electronics,comp.sys.ibm.pc.hardware,comp.sys.ibm.pc.hardware,both_wrong_same_prediction
and,0.00040768750477582216,48,48,0.00043228612199003595,lime_example_07,doc_00009,sci.electronics,comp.sys.ibm.pc.hardware,comp.sys.ibm.pc.hardware,both_wrong_same_prediction
i,0.0007854735595174134,49,49,0.0008328666318978859,lime_example_07,doc_00009,sci.electronics,comp.sys.ibm.pc.hardware,comp.sys.ibm.pc.hardware,both_wrong_same_prediction
was,0.0009008299675770104,50,50,0.0009551832928272024,lime_example_07,doc_00009,sci.electronics,comp.sys.ibm.pc.hardware,comp.sys.ibm.pc.hardware,both_wrong_same_prediction
wondering,0.0003319189418107271,51,51,0.0003519459156573712,lime_example_07,doc_00009,sci.electronics,comp.sys.ibm.pc.hardware,comp.sys.ibm.pc.hardware,both_wrong_same_prediction
if,0.00015326817811001092,52,52,0.00016251591123963243,lime_example_07,doc_00009,sci.electronics,comp.sys.ibm.pc.hardware,comp.sys.ibm.pc.hardware,both_wrong_same_prediction
anyone,8.811425504973158e-05,53,53,9.343079972106214e-05,lime_example_07,doc_00009,sci.electronics,comp.sys.ibm.pc.hardware,comp.sys.ibm.pc.hardware,both_wrong_same_prediction
had,0.00014201558951754123,54,54,0.00015058437586509886,lime_example_07,doc_00009,sci.electronics,comp.sys.ibm.pc.hardware,comp.sys.ibm.pc.hardware,both_wrong_same_prediction
the,0.0018092083046212792,55,55,0.001918370400650264,lime_example_07,doc_00009,sci.electronics,comp.sys.ibm.pc.hardware,comp.sys.ibm.pc.hardware,both_wrong_same_prediction
definitions,0.00023354463337454945,56,56,0.0002476360023066765,lime_example_07,doc_00009,sci.electronics,comp.sys.ibm.pc.hardware,comp.sys.ibm.pc.hardware,both_wrong_same_prediction
>,0.00031702182604931295,57,57,0.00033614995349051625,lime_example_07,doc_00009,sci.electronics,comp.sys.ibm.pc.hardware,comp.sys.ibm.pc.hardware,both_wrong_same_prediction
of,0.0007866921951062977,58,58,0.0008341587962312705,lime_example_07,doc_00009,sci.electronics,comp.sys.ibm.pc.hardware,comp.sys.ibm.pc.hardware,both_wrong_same_prediction
the,0.003505731699988246,59,59,0.0037172568292442062,lime_example_07,doc_00009,sci.electronics,comp.sys.ibm.pc.hardware,comp.sys.ibm.pc.hardware,both_wrong_same_prediction
2,0.004808888770639896,60,60,0.005099042412115241,lime_example_07,doc_00009,sci.electronics,comp.sys.ibm.pc.hardware,comp.sys.ibm.pc.hardware,both_wrong_same_prediction
8,0.007836383767426014,61,61,0.00830920719806951,lime_example_07,doc_00009,sci.electronics,comp.sys.ibm.pc.hardware,comp.sys.ibm.pc.hardware,both_wrong_same_prediction
position,0.018834423273801804,62,62,0.01997083477313752,lime_example_07,doc_00009,sci.electronics,comp.sys.ibm.pc.hardware,comp.sys.ibm.pc.hardware,both_wrong_same_prediction
dip,0.02094872295856476,63,63,0.022212704834751282,lime_example_07,doc_00009,sci.electronics,comp.sys.ibm.pc.hardware,comp.sys.ibm.pc.hardware,both_wrong_same_prediction
switches,0.028249399736523628,64,64,0.029953882121953036,lime_example_07,doc_00009,sci.electronics,comp.sys.ibm.pc.hardware,comp.sys.ibm.pc.hardware,both_wrong_same_prediction
?,0.0003059236623812467,65,65,0.00032438216056804943,lime_example_07,doc_00009,sci.electronics,comp.sys.ibm.pc.hardware,comp.sys.ibm.pc.hardware,both_wrong_same_prediction
sw8,0.013166495133191347,66,67,0.013960921182653607,lime_example_07,doc_00009,sci.electronics,comp.sys.ibm.pc.hardware,comp.sys.ibm.pc.hardware,both_wrong_same_prediction
",",0.0011979354312643409,68,68,0.001270215191560696,lime_example_07,doc_00009,sci.electronics,comp.sys.ibm.pc.hardware,comp.sys.ibm.pc.hardware,both_wrong_same_prediction
sw7,0.00857462058775127,69,70,0.009091986970395722,lime_example_07,doc_00009,sci.electronics,comp.sys.ibm.pc.hardware,comp.sys.ibm.pc.hardware,both_wrong_same_prediction
number,0.004064970184117556,71,71,0.004310238053196063,lime_example_07,doc_00009,sci.electronics,comp.sys.ibm.pc.hardware,comp.sys.ibm.pc.hardware,both_wrong_same_prediction
of,0.002019450068473816,72,72,0.0021412975095547503,lime_example_07,doc_00009,sci.electronics,comp.sys.ibm.pc.hardware,comp.sys.ibm.pc.hardware,both_wrong_same_prediction
5,0.0009899234864860773,73,73,0.0010496524421940057,lime_example_07,doc_00009,sci.electronics,comp.sys.ibm.pc.hardware,comp.sys.ibm.pc.hardware,both_wrong_same_prediction
.,0.0014318963512778282,74,74,0.0015182925979689815,lime_example_07,doc_00009,sci.electronics,comp.sys.ibm.pc.hardware,comp.sys.ibm.pc.hardware,both_wrong_same_prediction
25,0.000965055834967643,75,75,0.0010232843526352768,lime_example_07,doc_00009,sci.electronics,comp.sys.ibm.pc.hardware,comp.sys.ibm.pc.hardware,both_wrong_same_prediction
"""",0.004238979425281286,76,76,0.004494746479802026,lime_example_07,doc_00009,sci.electronics,comp.sys.ibm.pc.hardware,comp.sys.ibm.pc.hardware,both_wrong_same_prediction
drives,0.012130595743656158,77,77,0.012862518792027851,lime_example_07,doc_00009,sci.electronics,comp.sys.ibm.pc.hardware,comp.sys.ibm.pc.hardware,both_wrong_same_prediction
0,0.0006836031097918749,78,78,0.0007248496307846217,lime_example_07,doc_00009,sci.electronics,comp.sys.ibm.pc.hardware,comp.sys.ibm.pc.hardware,both_wrong_same_prediction
",",0.0009571348782628775,79,79,0.0010148854696274768,lime_example_07,doc_00009,sci.electronics,comp.sys.ibm.pc.hardware,comp.sys.ibm.pc.hardware,both_wrong_same_prediction
0,0.0008255327702499926,80,80,0.0008753428928936468,lime_example_07,doc_00009,sci.electronics,comp.sys.ibm.pc.hardware,comp.sys.ibm.pc.hardware,both_wrong_same_prediction
1,0.0007936466136015952,81,81,0.000841532823069991,lime_example_07,doc_00009,sci.electronics,comp.sys.ibm.pc.hardware,comp.sys.ibm.pc.hardware,both_wrong_same_prediction
drive,0.0065797423012554646,82,82,0.0069767438289960616,lime_example_07,doc_00009,sci.electronics,comp.sys.ibm.pc.hardware,comp.sys.ibm.pc.hardware,both_wrong_same_prediction
0,0.0009724917472340167,83,83,0.0010311689251066758,lime_example_07,doc_00009,sci.electronics,comp.sys.ibm.pc.hardware,comp.sys.ibm.pc.hardware,both_wrong_same_prediction
",",0.0010458285687491298,84,84,0.0011089306661472215,lime_example_07,doc_00009,sci.electronics,comp.sys.ibm.pc.hardware,comp.sys.ibm.pc.hardware,both_wrong_same_prediction
1,0.000812006474006921,85,85,0.0008610004613025166,lime_example_07,doc_00009,sci.electronics,comp.sys.ibm.pc.hardware,comp.sys.ibm.pc.hardware,both_wrong_same_prediction
2,0.001570800319314003,86,86,0.0016655776066287489,lime_example_07,doc_00009,sci.electronics,comp.sys.ibm.pc.hardware,comp.sys.ibm.pc.hardware,both_wrong_same_prediction
drives,0.007479553576558828,87,87,0.007930846964773275,lime_example_07,doc_00009,sci.electronics,comp.sys.ibm.pc.hardware,comp.sys.ibm.pc.hardware,both_wrong_same_prediction
1,0.000712286913767457,88,88,0.0007552641277688866,lime_example_07,doc_00009,sci.electronics,comp.sys.ibm.pc.hardware,comp.sys.ibm.pc.hardware,both_wrong_same_prediction
",",0.0009395742672495544,89,89,0.0009962653050509362,lime_example_07,doc_00009,sci.electronics,comp.sys.ibm.pc.hardware,comp.sys.ibm.pc.hardware,both_wrong_same_prediction
0,0.0008792697335593402,90,90,0.0009323221802262135,lime_example_07,doc_00009,sci.electronics,comp.sys.ibm.pc.hardware,comp.sys.ibm.pc.hardware,both_wrong_same_prediction
3,0.001112034311518073,91,91,0.0011791310609589136,lime_example_07,doc_00009,sci.electronics,comp.sys.ibm.pc.hardware,comp.sys.ibm.pc.hardware,both_wrong_same_prediction
drives,0.005202010739594698,92,92,0.005515884158398354,lime_example_07,doc_00009,sci.electronics,comp.sys.ibm.pc.hardware,comp.sys.ibm.pc.hardware,both_wrong_same_prediction
1,0.0007745122420601547,93,93,0.0008212439420680724,lime_example_07,doc_00009,sci.electronics,comp.sys.ibm.pc.hardware,comp.sys.ibm.pc.hardware,both_wrong_same_prediction
",",0.0007095717010088265,94,94,0.0007523850873762906,lime_example_07,doc_00009,sci.electronics,comp.sys.ibm.pc.hardware,comp.sys.ibm.pc.hardware,both_wrong_same_prediction
1,0.0006178384646773338,95,95,0.0006551169481107967,lime_example_07,doc_00009,sci.electronics,comp.sys.ibm.pc.hardware,comp.sys.ibm.pc.hardware,both_wrong_same_prediction
4,0.001766527653671801,96,96,0.0018731145297520239,lime_example_07,doc_00009,sci.electronics,comp.sys.ibm.pc.hardware,comp.sys.ibm.pc.hardware,both_wrong_same_prediction
drives,0.01069357618689537,97,97,0.011338793870025283,lime_example_07,doc_00009,sci.electronics,comp.sys.ibm.pc.hardware,comp.sys.ibm.pc.hardware,both_wrong_same_prediction
sw6,0.008714896626770496,98,99,0.009240726836605477,lime_example_07,doc_00009,sci.electronics,comp.sys.ibm.pc.hardware,comp.sys.ibm.pc.hardware,both_wrong_same_prediction
",",0.00048613318358547986,100,100,0.000515464973149945,lime_example_07,doc_00009,sci.electronics,comp.sys.ibm.pc.hardware,comp.sys.ibm.pc.hardware,both_wrong_same_prediction
sw5,0.004128530505113304,101,102,0.0043776334095752155,lime_example_07,doc_00009,sci.electronics,comp.sys.ibm.pc.hardware,comp.sys.ibm.pc.hardware,both_wrong_same_prediction
type,0.001179046230390668,103,103,0.0012501862740748365,lime_example_07,doc_00009,sci.electronics,comp.sys.ibm.pc.hardware,comp.sys.ibm.pc.hardware,both_wrong_same_prediction
of,0.0025763048324733973,104,104,0.002731751186994343,lime_example_07,doc_00009,sci.electronics,comp.sys.ibm.pc.hardware,comp.sys.ibm.pc.hardware,both_wrong_same_prediction
display,0.001672204933129251,105,105,0.0017731006647175541,lime_example_07,doc_00009,sci.electronics,comp.sys.ibm.pc.hardware,comp.sys.ibm.pc.hardware,both_wrong_same_prediction
0,0.00020755373407155275,106,106,0.0002200768916272749,lime_example_07,doc_00009,sci.electronics,comp.sys.ibm.pc.hardware,comp.sys.ibm.pc.hardware,both_wrong_same_prediction
",",0.00026646890910342336,107,107,0.0002825468281412623,lime_example_07,doc_00009,sci.electronics,comp.sys.ibm.pc.hardware,comp.sys.ibm.pc.hardware,both_wrong_same_prediction
0,0.00013717067486140877,108,108,0.00014544713387573783,lime_example_07,doc_00009,sci.electronics,comp.sys.ibm.pc.hardware,comp.sys.ibm.pc.hardware,both_wrong_same_prediction
reserved,0.0007986206910572946,109,109,0.0008468070211472285,lime_example_07,doc_00009,sci.electronics,comp.sys.ibm.pc.hardware,comp.sys.ibm.pc.hardware,both_wrong_same_prediction
0,0.00022062903735786676,110,110,0.00023394111872590111,lime_example_07,doc_00009,sci.electronics,comp.sys.ibm.pc.hardware,comp.sys.ibm.pc.hardware,both_wrong_same_prediction
",",0.0004023088840767741,111,111,0.00042658297176735414,lime_example_07,doc_00009,sci.electronics,comp.sys.ibm.pc.hardware,comp.sys.ibm.pc.hardware,both_wrong_same_prediction
1,0.00023635842080693692,112,112,0.00025061956506737467,lime_example_07,doc_00009,sci.electronics,comp.sys.ibm.pc.hardware,comp.sys.ibm.pc.hardware,both_wrong_same_prediction
40x25,0.006733335671015084,113,115,0.007139604552954911,lime_example_07,doc_00009,sci.electronics,comp.sys.ibm.pc.hardware,comp.sys.ibm.pc.hardware,both_wrong_same_prediction
color,0.0030174795538187027,116,116,0.0031995450417882636,lime_example_07,doc_00009,sci.electronics,comp.sys.ibm.pc.hardware,comp.sys.ibm.pc.hardware,both_wrong_same_prediction
(,0.0004520738439168781,117,117,0.0004793505970888556,lime_example_07,doc_00009,sci.electronics,comp.sys.ibm.pc.hardware,comp.sys.ibm.pc.hardware,both_wrong_same_prediction
mono,0.0023002338130027056,118,118,0.002439022886512227,lime_example_07,doc_00009,sci.electronics,comp.sys.ibm.pc.hardware,comp.sys.ibm.pc.hardware,both_wrong_same_prediction
mode,0.0025937086902558804,119,119,0.0027502051403294906,lime_example_07,doc_00009,sci.electronics,comp.sys.ibm.pc.hardware,comp.sys.ibm.pc.hardware,both_wrong_same_prediction
),0.02399331144988537,120,120,0.025440994484423503,lime_example_07,doc_00009,sci.electronics,comp.sys.ibm.pc.hardware,comp.sys.ibm.pc.hardware,both_wrong_same_prediction
1,0.00020182454318273813,121,121,0.00021400201888171903,lime_example_07,doc_00009,sci.electronics,comp.sys.ibm.pc.hardware,comp.sys.ibm.pc.hardware,both_wrong_same_prediction
",",0.0003550776746124029,122,122,0.00037650197557033025,lime_example_07,doc_00009,sci.electronics,comp.sys.ibm.pc.hardware,comp.sys.ibm.pc.hardware,both_wrong_same_prediction
0,0.0002104752929881215,123,123,0.00022317472847391406,lime_example_07,doc_00009,sci.electronics,comp.sys.ibm.pc.hardware,comp.sys.ibm.pc.hardware,both_wrong_same_prediction
80x25,0.005846925196237862,124,126,0.00619971078102414,lime_example_07,doc_00009,sci.electronics,comp.sys.ibm.pc.hardware,comp.sys.ibm.pc.hardware,both_wrong_same_prediction
color,0.003936416935175657,127,127,0.004173928294365288,lime_example_07,doc_00009,sci.electronics,comp.sys.ibm.pc.hardware,comp.sys.ibm.pc.hardware,both_wrong_same_prediction
(,0.0002781786024570465,128,128,0.0002949630485802813,lime_example_07,doc_00009,sci.electronics,comp.sys.ibm.pc.hardware,comp.sys.ibm.pc.hardware,both_wrong_same_prediction
mono,0.004319355357438326,129,129,0.004579972049893037,lime_example_07,doc_00009,sci.electronics,comp.sys.ibm.pc.hardware,comp.sys.ibm.pc.hardware,both_wrong_same_prediction
mode,0.002652018563821912,130,130,0.0028120332533383735,lime_example_07,doc_00009,sci.electronics,comp.sys.ibm.pc.hardware,comp.sys.ibm.pc.hardware,both_wrong_same_prediction
),0.029593393206596375,131,131,0.03137896804769695,lime_example_07,doc_00009,sci.electronics,comp.sys.ibm.pc.hardware,comp.sys.ibm.pc.hardware,both_wrong_same_prediction
1,0.00021463785378728062,132,132,0.0002275884454614035,lime_example_07,doc_00009,sci.electronics,comp.sys.ibm.pc.hardware,comp.sys.ibm.pc.hardware,both_wrong_same_prediction
",",0.00032573528005741537,133,133,0.00034538915066525516,lime_example_07,doc_00009,sci.electronics,comp.sys.ibm.pc.hardware,comp.sys.ibm.pc.hardware,both_wrong_same_prediction
1,0.0001538624201202765,134,134,0.0001631460079954369,lime_example_07,doc_00009,sci.electronics,comp.sys.ibm.pc.hardware,comp.sys.ibm.pc.hardware,both_wrong_same_prediction
mono,0.0009138756431639194,135,135,0.0009690161045816515,lime_example_07,doc_00009,sci.electronics,comp.sys.ibm.pc.hardware,comp.sys.ibm.pc.hardware,both_wrong_same_prediction
80x25,0.0030662011704407632,136,138,0.0032512063717527843,lime_example_07,doc_00009,sci.electronics,comp.sys.ibm.pc.hardware,comp.sys.ibm.pc.hardware,both_wrong_same_prediction
sw4,0.0019735132809728384,139,140,0.002092589036783682,lime_example_07,doc_00009,sci.electronics,comp.sys.ibm.pc.hardware,comp.sys.ibm.pc.hardware,both_wrong_same_prediction
",",0.00032922843820415437,141,141,0.00034909307529150055,lime_example_07,doc_00009,sci.electronics,comp.sys.ibm.pc.hardware,comp.sys.ibm.pc.hardware,both_wrong_same_prediction
sw3,0.0029204345773905516,142,143,0.003096644668273486,lime_example_07,doc_00009,sci.electronics,comp.sys.ibm.pc.hardware,comp.sys.ibm.pc.hardware,both_wrong_same_prediction
amount,0.0003782447020057589,144,144,0.00040106683054526423,lime_example_07,doc_00009,sci.electronics,comp.sys.ibm.pc.hardware,comp.sys.ibm.pc.hardware,both_wrong_same_prediction
of,0.0008515377412550151,145,145,0.0009029169243185393,lime_example_07,doc_00009,sci.electronics,comp.sys.ibm.pc.hardware,comp.sys.ibm.pc.hardware,both_wrong_same_prediction
memory,0.007747354451566935,146,146,0.008214806125568378,lime_example_07,doc_00009,sci.electronics,comp.sys.ibm.pc.hardware,comp.sys.ibm.pc.hardware,both_wrong_same_prediction
on,0.001485174405388534,147,147,0.0015747852869253348,lime_example_07,doc_00009,sci.electronics,comp.sys.ibm.pc.hardware,comp.sys.ibm.pc.hardware,both_wrong_same_prediction
system,0.014388005249202251,148,148,0.015256133483340406,lime_example_07,doc_00009,sci.electronics,comp.sys.ibm.pc.hardware,comp.sys.ibm.pc.hardware,both_wrong_same_prediction
board,0.011808700859546661,149,149,0.012521201755056992,lime_example_07,doc_00009,sci.electronics,comp.sys.ibm.pc.hardware,comp.sys.ibm.pc.hardware,both_wrong_same_prediction
64k,0.011660896241664886,150,151,0.01236447905856065,lime_example_07,doc_00009,sci.electronics,comp.sys.ibm.pc.hardware,comp.sys.ibm.pc.hardware,both_wrong_same_prediction
chips,0.0026451023295521736,152,152,0.0028046997146446043,lime_example_07,doc_00009,sci.electronics,comp.sys.ibm.pc.hardware,comp.sys.ibm.pc.hardware,both_wrong_same_prediction
256k,0.006777108181267977,153,154,0.007186018162607719,lime_example_07,doc_00009,sci.electronics,comp.sys.ibm.pc.hardware,comp.sys.ibm.pc.hardware,both_wrong_same_prediction
chips,0.0018475380493327975,155,155,0.0019590128449344505,lime_example_07,doc_00009,sci.electronics,comp.sys.ibm.pc.hardware,comp.sys.ibm.pc.hardware,both_wrong_same_prediction
0,0.0006181271164678037,156,156,0.0006554230162675245,lime_example_07,doc_00009,sci.electronics,comp.sys.ibm.pc.hardware,comp.sys.ibm.pc.hardware,both_wrong_same_prediction
",",0.0005165925249457359,157,157,0.0005477621380145786,lime_example_07,doc_00009,sci.electronics,comp.sys.ibm.pc.hardware,comp.sys.ibm.pc.hardware,both_wrong_same_prediction
0,0.0005145009490661323,158,158,0.0005455443628430317,lime_example_07,doc_00009,sci.electronics,comp.sys.ibm.pc.hardware,comp.sys.ibm.pc.hardware,both_wrong_same_prediction
64k,0.006940340856090188,159,160,0.00735909979781691,lime_example_07,doc_00009,sci.electronics,comp.sys.ibm.pc.hardware,comp.sys.ibm.pc.hardware,both_wrong_same_prediction
256k,0.008546445285901427,161,162,0.00906211165700032,lime_example_07,doc_00009,sci.electronics,comp.sys.ibm.pc.hardware,comp.sys.ibm.pc.hardware,both_wrong_same_prediction
0,0.0007213901844806969,163,163,0.0007649166619965811,lime_example_07,doc_00009,sci.electronics,comp.sys.ibm.pc.hardware,comp.sys.ibm.pc.hardware,both_wrong_same_prediction
",",0.0002669351233635098,164,164,0.00028304117234398694,lime_example_07,doc_00009,sci.electronics,comp.sys.ibm.pc.hardware,comp.sys.ibm.pc.hardware,both_wrong_same_prediction
1,0.000250477169174701,165,165,0.0002655901955325148,lime_example_07,doc_00009,sci.electronics,comp.sys.ibm.pc.hardware,comp.sys.ibm.pc.hardware,both_wrong_same_prediction
128k,0.002600339357741177,166,167,0.002757235882012389,lime_example_07,doc_00009,sci.electronics,comp.sys.ibm.pc.hardware,comp.sys.ibm.pc.hardware,both_wrong_same_prediction
512k,0.00612440356053412,168,169,0.006493931341214537,lime_example_07,doc_00009,sci.electronics,comp.sys.ibm.pc.hardware,comp.sys.ibm.pc.hardware,both_wrong_same_prediction
1,0.0004969747387804091,170,170,0.0005269606746287872,lime_example_07,doc_00009,sci.electronics,comp.sys.ibm.pc.hardware,comp.sys.ibm.pc.hardware,both_wrong_same_prediction
",",0.0003817265387624502,171,171,0.0004047587506834105,lime_example_07,doc_00009,sci.electronics,comp.sys.ibm.pc.hardware,comp.sys.ibm.pc.hardware,both_wrong_same_prediction
0,0.0004697655385825783,172,172,0.0004981097545044667,lime_example_07,doc_00009,sci.electronics,comp.sys.ibm.pc.hardware,comp.sys.ibm.pc.hardware,both_wrong_same_prediction
192k,0.006915005622431636,173,174,0.007332235913641727,lime_example_07,doc_00009,sci.electronics,comp.sys.ibm.pc.hardware,comp.sys.ibm.pc.hardware,both_wrong_same_prediction
576k,0.01004336541518569,175,177,0.0106493513688795,lime_example_07,doc_00009,sci.electronics,comp.sys.ibm.pc.hardware,comp.sys.ibm.pc.hardware,both_wrong_same_prediction
1,0.0010667577153071761,178,178,0.0011311226134013172,lime_example_07,doc_00009,sci.electronics,comp.sys.ibm.pc.hardware,comp.sys.ibm.pc.hardware,both_wrong_same_prediction
",",0.00039798440411686897,179,179,0.0004219975659121539,lime_example_07,doc_00009,sci.electronics,comp.sys.ibm.pc.hardware,comp.sys.ibm.pc.hardware,both_wrong_same_prediction
1,0.0004395375435706228,180,180,0.00046605789471926745,lime_example_07,doc_00009,sci.electronics,comp.sys.ibm.pc.hardware,comp.sys.ibm.pc.hardware,both_wrong_same_prediction
256k,0.007284949300810695,181,182,0.00772450086218154,lime_example_07,doc_00009,sci.electronics,comp.sys.ibm.pc.hardware,comp.sys.ibm.pc.hardware,both_wrong_same_prediction
640k,0.0066258953884243965,183,184,0.007025681652295543,lime_example_07,doc_00009,sci.electronics,comp.sys.ibm.pc.hardware,comp.sys.ibm.pc.hardware,both_wrong_same_prediction
sw2,0.023695869371294975,185,186,0.02512560566047316,lime_example_07,doc_00009,sci.electronics,comp.sys.ibm.pc.hardware,comp.sys.ibm.pc.hardware,both_wrong_same_prediction
co,0.012971404008567333,187,187,0.013754058856213742,lime_example_07,doc_00009,sci.electronics,comp.sys.ibm.pc.hardware,comp.sys.ibm.pc.hardware,both_wrong_same_prediction
-,0.0030248144175857306,188,188,0.0032073224688029013,lime_example_07,doc_00009,sci.electronics,comp.sys.ibm.pc.hardware,comp.sys.ibm.pc.hardware,both_wrong_same_prediction
processor,0.02182105742394924,189,189,0.023137673293930985,lime_example_07,doc_00009,sci.electronics,comp.sys.ibm.pc.hardware,comp.sys.ibm.pc.hardware,both_wrong_same_prediction
installed,0.0023645516484975815,190,190,0.00250722146349869,lime_example_07,doc_00009,sci.electronics,comp.sys.ibm.pc.hardware,comp.sys.ibm.pc.hardware,both_wrong_same_prediction
sw1,0.029596668668091297,191,192,0.03138244114052118,lime_example_07,doc_00009,sci.electronics,comp.sys.ibm.pc.hardware,comp.sys.ibm.pc.hardware,both_wrong_same_prediction
loop,0.02081715501844883,193,193,0.022073198487500816,lime_example_07,doc_00009,sci.electronics,comp.sys.ibm.pc.hardware,comp.sys.ibm.pc.hardware,both_wrong_same_prediction
on,0.0034344519954174757,194,194,0.0036416763252931786,lime_example_07,doc_00009,sci.electronics,comp.sys.ibm.pc.hardware,comp.sys.ibm.pc.hardware,both_wrong_same_prediction
post,0.002540775341913104,195,195,0.0026940779556328957,lime_example_07,doc_00009,sci.electronics,comp.sys.ibm.pc.hardware,comp.sys.ibm.pc.hardware,both_wrong_same_prediction
(,0.007872212678194046,1,1,0.009570138601193415,lime_example_08,doc_02004,comp.windows.x,comp.graphics,sci.electronics,both_wrong_different_prediction
none,0.0021110738161951303,2,2,0.002566402845581214,lime_example_08,doc_02004,comp.windows.x,comp.graphics,sci.electronics,both_wrong_different_prediction
),0.0030260297935456038,3,3,0.0036787020015083853,lime_example_08,doc_02004,comp.windows.x,comp.graphics,sci.electronics,both_wrong_different_prediction
i,0.003039054572582245,4,4,0.003694536042803516,lime_example_08,doc_02004,comp.windows.x,comp.graphics,sci.electronics,both_wrong_different_prediction
am,0.0013426942750811577,5,5,0.0016322946084967112,lime_example_08,doc_02004,comp.windows.x,comp.graphics,sci.electronics,both_wrong_different_prediction
working,0.0017459687078371644,6,6,0.002122549683347918,lime_example_08,doc_02004,comp.windows.x,comp.graphics,sci.electronics,both_wrong_different_prediction
on,0.0014965893933549523,7,7,0.0018193827464997538,lime_example_08,doc_02004,comp.windows.x,comp.graphics,sci.electronics,both_wrong_different_prediction
a,0.001474557793699205,8,8,0.0017925992396344544,lime_example_08,doc_02004,comp.windows.x,comp.graphics,sci.electronics,both_wrong_different_prediction
problem,0.005117449909448624,9,9,0.006221212119147579,lime_example_08,doc_02004,comp.windows.x,comp.graphics,sci.electronics,both_wrong_different_prediction
of,0.003371935337781906,10,10,0.00409921452277605,lime_example_08,doc_02004,comp.windows.x,comp.graphics,sci.electronics,both_wrong_different_prediction
scheduling,0.055091604590415955,11,11,0.06697409143338544,lime_example_08,doc_02004,comp.windows.x,comp.graphics,sci.electronics,both_wrong_different_prediction
classroom,0.20633383095264435,12,12,0.25083714592744194,lime_example_08,doc_02004,comp.windows.x,comp.graphics,sci.electronics,both_wrong_different_prediction
",",0.2171781063079834,13,13,0.26402037946323975,lime_example_08,doc_02004,comp.windows.x,comp.graphics,sci.electronics,both_wrong_different_prediction
and,0.0011189189972355962,14,14,0.0013602541400735586,lime_example_08,doc_02004,comp.windows.x,comp.graphics,sci.electronics,both_wrong_different_prediction
i,0.0014106654562056065,15,15,0.0017149262205782367,lime_example_08,doc_02004,comp.windows.x,comp.graphics,sci.electronics,both_wrong_different_prediction
will,0.0012686998816207051,16,16,0.001542340661610939,lime_example_08,doc_02004,comp.windows.x,comp.graphics,sci.electronics,both_wrong_different_prediction
like,0.0015086032217368484,17,17,0.0018339877892552896,lime_example_08,doc_02004,comp.windows.x,comp.graphics,sci.electronics,both_wrong_different_prediction
to,0.0006343837012536824,18,18,0.0007712113729031758,lime_example_08,doc_02004,comp.windows.x,comp.graphics,sci.electronics,both_wrong_different_prediction
know,0.0006648975540883839,19,19,0.0008083066360549718,lime_example_08,doc_02004,comp.windows.x,comp.graphics,sci.electronics,both_wrong_different_prediction
if,0.0006188543047755957,20,20,0.0007523325032938923,lime_example_08,doc_02004,comp.windows.x,comp.graphics,sci.electronics,both_wrong_different_prediction
you,0.00130533950868994,21,21,0.0015868829426293244,lime_example_08,doc_02004,comp.windows.x,comp.graphics,sci.electronics,both_wrong_different_prediction
have,0.0005492487689480186,22,22,0.0006677140291099524,lime_example_08,doc_02004,comp.windows.x,comp.graphics,sci.electronics,both_wrong_different_prediction
some,0.00046630753786303103,23,23,0.0005668835371396774,lime_example_08,doc_02004,comp.windows.x,comp.graphics,sci.electronics,both_wrong_different_prediction
software,0.024861281737685204,24,24,0.030223511706183776,lime_example_08,doc_02004,comp.windows.x,comp.graphics,sci.electronics,both_wrong_different_prediction
",",0.0004463600052986294,25,25,0.0005426336014231366,lime_example_08,doc_02004,comp.windows.x,comp.graphics,sci.electronics,both_wrong_different_prediction
papers,0.0018474325770512223,26,26,0.0022458978868436924,lime_example_08,doc_02004,comp.windows.x,comp.graphics,sci.electronics,both_wrong_different_prediction
or,0.0006977450102567673,27,27,0.0008482388280673667,lime_example_08,doc_02004,comp.windows.x,comp.graphics,sci.electronics,both_wrong_different_prediction
articles,0.0013131476007401943,28,28,0.0015963751306819665,lime_example_08,doc_02004,comp.windows.x,comp.graphics,sci.electronics,both_wrong_different_prediction
about,0.0008531243656761944,29,29,0.001037131332362505,lime_example_08,doc_02004,comp.windows.x,comp.graphics,sci.electronics,both_wrong_different_prediction
it,0.0034797557163983583,30,30,0.004230290245647566,lime_example_08,doc_02004,comp.windows.x,comp.graphics,sci.electronics,both_wrong_different_prediction
.,0.140798419713974,31,31,0.1711666651517415,lime_example_08,doc_02004,comp.windows.x,comp.graphics,sci.electronics,both_wrong_different_prediction
if,0.0005559884593822062,32,32,0.0006759073762946617,lime_example_08,doc_02004,comp.windows.x,comp.graphics,sci.electronics,both_wrong_different_prediction
you,0.0006526639335788786,33,33,0.0007934343950909197,lime_example_08,doc_02004,comp.windows.x,comp.graphics,sci.electronics,both_wrong_different_prediction
have,0.00044850539416074753,34,34,0.0005452417205890224,lime_example_08,doc_02004,comp.windows.x,comp.graphics,sci.electronics,both_wrong_different_prediction
something,0.0003360217669978738,35,35,0.0004084969518284532,lime_example_08,doc_02004,comp.windows.x,comp.graphics,sci.electronics,both_wrong_different_prediction
relate,0.00034685261198319495,36,36,0.0004216638582516855,lime_example_08,doc_02004,comp.windows.x,comp.graphics,sci.electronics,both_wrong_different_prediction
it,0.0006226067780517042,37,37,0.000756894332453959,lime_example_08,doc_02004,comp.windows.x,comp.graphics,sci.electronics,both_wrong_different_prediction
",",0.07158689945936203,38,38,0.08702719017659463,lime_example_08,doc_02004,comp.windows.x,comp.graphics,sci.electronics,both_wrong_different_prediction
please,0.0012764964485540986,39,39,0.0015518188387405709,lime_example_08,doc_02004,comp.windows.x,comp.graphics,sci.electronics,both_wrong_different_prediction
let,0.0007085949764586985,40,40,0.0008614289798855932,lime_example_08,doc_02004,comp.windows.x,comp.graphics,sci.electronics,both_wrong_different_prediction
me,0.0007053860463202,41,41,0.0008575279284985995,lime_example_08,doc_02004,comp.windows.x,comp.graphics,sci.electronics,both_wrong_different_prediction
know,0.00048389294533990324,42,42,0.0005882618704992809,lime_example_08,doc_02004,comp.windows.x,comp.graphics,sci.electronics,both_wrong_different_prediction
.,0.0019434090936556458,43,43,0.002362575192692953,lime_example_08,doc_02004,comp.windows.x,comp.graphics,sci.electronics,both_wrong_different_prediction
thanks,0.0015447569312527776,44,44,0.0018779393471156525,lime_example_08,doc_02004,comp.windows.x,comp.graphics,sci.electronics,both_wrong_different_prediction
lorenza,0.02604540390893817,45,46,0.03166303243090036,lime_example_08,doc_02004,comp.windows.x,comp.graphics,sci.electronics,both_wrong_different_prediction
illanes,0.022279070457443595,47,49,0.027084353649906964,lime_example_08,doc_02004,comp.windows.x,comp.graphics,sci.electronics,both_wrong_different_prediction
